Creator Name,Channel Link,Email,Do They Sell a Product,Product Type,Niche,Average Views Per Video,Subscriber Count,Value Rating,Editing Weak Spots,Editing Strengths,Personality Type / On-Camera Presence,Outreach Sent,Reply Received,Meeting Booked,Deal Closed,Rate / Retainer Value,channel_id,uploads_90d,days_since_last_upload,median_views,views_trend,views_to_subs,has_monetization,has_sponsors,monetization_signals,product_price_seen,niche_consistency,email_source,latest_video_url,top_video_url,roti_reasons,needs_review,sample_size_used,views_are_rounded,dates_are_bucketed,scraped_at
Preston,https://www.youtube.com/@PrestonYT,partnerships@tbnr.work,Yes,merch,tech,2864000,32400000,High,,,,,,,,,UC70Dib4MvFfT1tU6MqeyHpQ,12,2,2200000,1.79,0.0884,True,True,merch; sponsor read,,0.75,channel_description,https://www.youtube.com/watch?v=mcj-r27uutU,https://www.youtube.com/watch?v=YZQ7JonacRo,"sells a product, uploads consistently, clear niche, views over threshold",True,15,True,True,2026-10-06T04:47:06+00:00
Guga,https://www.youtube.com/@guga,,Yes,merch,food,995333,3500000,High,,,,,,,,,UCnB5HTIi44wDBD56KeT2hNA,13,3,1000000,0.58,0.2844,True,True,merch; spring.com; teespring; program; ebook; amzn.to; amazon.com/shop; affiliate; sponsor read; link hub: linktr.ee,$10,0.67,manual,https://www.youtube.com/watch?v=oI2rCu7JIFU,https://www.youtube.com/watch?v=5GoT7k7L6mo,"sells a product, uploads consistently, clear niche, views over threshold",True,15,True,True,2026-10-06T04:46:18+00:00
Noel Philips,https://www.youtube.com/@noelphilips,info@noelphilips.com,Yes,community_or_membership,travel,481666,753000,High,,,,,,,,,UC2O6HDtMOZf9FkUAepz9Atg,12,1,282000,1.03,0.6397,True,False,patreon.com; merch,$2500,1.0,channel_description,https://www.youtube.com/watch?v=ChIvQ8P0esU,https://www.youtube.com/watch?v=KbZ5aqCjiwo,"sells a product, uploads consistently, clear niche, views over threshold",True,15,True,True,2026-10-06T04:22:08+00:00
Hakan Karahan Doğada,https://www.youtube.com/@BushcraftHakankarahan,,Yes,merch,outdoors,549466,907000,High,,,,,,,,,UCCuCK2C7GZJYs7dtD4wkDLQ,13,1,232000,1.69,0.6058,True,False,merch; ebook,,0.87,manual,https://www.youtube.com/watch?v=ai4OaE3ESb4,https://www.youtube.com/watch?v=UiqZAsLCN3A,"one video is carrying the average; sells a product, uploads consistently, clear niche, views over threshold",True,15,True,True,2026-10-06T04:42:58+00:00
Randy Santel,https://www.youtube.com/@RandySantel,,Yes,merch,food,237066,1850000,High,,,,,,,,,UCMJlGrPk73l9U6qahc8D_gA,17,0,210000,1.27,0.1281,True,False,merch; ebook,$50,0.71,manual,https://www.youtube.com/watch?v=C1Llb7jrE0g,https://www.youtube.com/watch?v=USRybUrnTV0,"sells a product, uploads consistently, clear niche, views over threshold",True,15,True,True,2026-10-06T04:45:04+00:00
SteveMarsh,https://www.youtube.com/@steve-marsh,,Yes,community_or_membership,travel,310333,396000,High,,,,,,,,,UCBhQuxcHU3aydk_zTXcbdTg,20,2,208000,1.72,0.7837,True,False,patreon.com; course,,0.86,manual,https://www.youtube.com/watch?v=XvWeeLcBQUs,https://www.youtube.com/watch?v=WYvqvAb8MWE,"sells a product, uploads consistently, clear niche, views over threshold",True,15,True,True,2026-10-06T04:23:59+00:00
JeZAbelle,https://www.youtube.com/@Jezabzllz,vanessa@undercurrent.net,Yes,community_or_membership,lifestyle_vlog,154200,347000,High,,,,,,,,,UC0C4lZfstxtUHY8usaPK3ag,11,3,153000,0.82,0.4444,True,False,patreon.com,,1.0,channel_description,https://www.youtube.com/watch?v=wcoEeR1NVTs,https://www.youtube.com/watch?v=-cIzisQi4K4,"sells a product, uploads consistently, clear niche, views over threshold",True,15,True,True,2026-10-06T04:51:14+00:00
PPPeter,https://www.youtube.com/@PPPeter_Official,pppeter.manager@gmail.com,Yes,community_or_membership,food,148000,1030000,High,,,,,,,,,UCnHEz9DZ6EAof1-DaQGD_Xw,16,0,143500,,0.1437,True,False,patreon.com; ebook,,0.62,channel_description,https://www.youtube.com/watch?v=UpNdSqlFvGU,https://www.youtube.com/watch?v=lMQAUcmvIgA,"sells a product, uploads consistently, clear niche, views over threshold",True,15,True,True,2026-10-06T04:23:20+00:00
Joel Hansen,https://www.youtube.com/@JoelHansen,,Yes,merch,food,101466,1170000,High,,,,,,,,,UC_9I8ulL_v4SvsXwiVKlzqw,20,2,102000,1.04,0.0867,True,False,merch,,0.78,manual,https://www.youtube.com/watch?v=WbC7_FQ2VvI,https://www.youtube.com/watch?v=o2qLtTqQWcc,"sells a product, uploads consistently, clear niche, views over threshold",True,15,True,True,2026-10-06T04:44:56+00:00
Bioforceman,https://www.youtube.com/@bioforceman,bioforceman@gmail.com,Yes,community_or_membership,fitness,234293,190000,High,,,,,,,,,UCD86QaE_mNiaAyAOojZbNMg,12,4,86000,0.55,1.2331,True,False,skool.com; program; ebook,,1.0,channel_description,https://www.youtube.com/watch?v=0QXSICOie5c,https://www.youtube.com/watch?v=2bkj1eIhfyo,"one video is carrying the average; sells a product, uploads consistently, clear niche, views over threshold",True,15,True,True,2026-10-06T04:37:46+00:00
Ed Chapman,https://www.youtube.com/@EdChapman23,,Yes,community_or_membership,travel,146266,157000,High,,,,,,,,,UCwNCnyY13NfCqNXCjTRpPHQ,13,0,77000,1.4,0.9316,True,True,patreon.com; amzn.to; affiliate; sponsor read,,1.0,manual,https://www.youtube.com/watch?v=WJvFPsEEsKw,https://www.youtube.com/watch?v=iRFMDMCmVos,"sells a product, uploads consistently, clear niche, views over threshold",True,15,True,True,2026-10-06T04:22:38+00:00
Scott Eats,https://www.youtube.com/@scotteats,,Yes,merch,food,64866,119000,High,,,,,,,,,UCs46kHZjIFZcZute8-LYj5w,13,4,64000,1.19,0.5451,True,False,merch; link hub: linktr.ee,,0.88,manual,https://www.youtube.com/watch?v=0Rdy7G4g-MI,https://www.youtube.com/watch?v=0Rdy7G4g-MI,"sells a product, uploads consistently, clear niche, views over threshold",True,15,True,True,2026-10-06T04:44:24+00:00
Joel Hansen Raw,https://www.youtube.com/@joelhansenraw,,Yes,merch,food,55793,182000,High,,,,,,,,,UCbU-Yc5mvMkoZv32rPhNK1g,13,1,59000,1.16,0.3066,True,False,merch; spring.com; teespring,,0.91,manual,https://www.youtube.com/watch?v=0AmBDvgO8Gk,https://www.youtube.com/watch?v=x9Y7Ka2B-cs,"sells a product, uploads consistently, clear niche, views over threshold",True,15,True,True,2026-10-06T04:44:17+00:00
WayPoint Survival,https://www.youtube.com/@WayPointSurvival,,Yes,merch,food,48400,463000,High,,,,,,,,,UCpgGLHAPVIm5se3T7I1-pEg,14,6,38000,0.99,0.1045,True,False,merch; spring.com; teespring; amzn.to,,0.71,manual,https://www.youtube.com/watch?v=qyMoiH0Uoz0,https://www.youtube.com/watch?v=CZlsByAq2r0,"sells a product, uploads consistently, clear niche, views over threshold",True,15,True,True,2026-10-06T04:42:50+00:00
Haze Outdoors,https://www.youtube.com/@HazeOutdoors,,Yes,community_or_membership,outdoors,48933,134000,High,,,,,,,,,UCDzwHsfeQcQJ_0FDnLheU9w,10,6,34000,0.68,0.3652,True,True,patreon.com; ebook; sponsor read,,0.67,manual,https://www.youtube.com/watch?v=EET3rGKkPzg,https://www.youtube.com/watch?v=m176XMF3Amw,"sells a product, uploads consistently, clear niche, views over threshold",True,15,True,True,2026-10-06T04:42:12+00:00
Adventure Freaksss,https://www.youtube.com/@adventurefreaksss,adventurefreaksss@gmail.com,Yes,coaching_or_program,travel,41693,212000,High,,,,,,,,,UC0dRjLpXi4C8oti0Y9riUmg,25,1,18000,2.23,0.1967,True,False,calendly.com; ebook; free lead magnet,$100,0.69,channel_description,https://www.youtube.com/watch?v=gFHFvWiIAO4,https://www.youtube.com/watch?v=qUSua8yDrnA,"one video is carrying the average; sells a product, uploads consistently, clear niche, views over threshold",True,15,True,True,2026-10-06T04:21:14+00:00
Stokes Twins,https://www.youtube.com/@StokesTwins,business@stokestwins.com,No,none,travel,83466666,147000000,Mid,,,,,,,,,UCbp9MyKCTEww4CxEzc_Tp0Q,6,14,71000000,1.77,0.5678,False,False,,,1.0,channel_description,https://www.youtube.com/watch?v=z3L_ng4q5aw,https://www.youtube.com/watch?v=cfFtBojH_-Y,"no monetization found, check link hubs and the About page by hand",True,15,True,True,2026-10-06T04:20:58+00:00
Brent Rivera,https://www.youtube.com/@brentrivera,brentriverabiz@gmail.com,No,none,business,54066666,44200000,Mid,,,,,,,,,UC56D-IHcUvLVFTX_8NpQMXg,3,2,46000000,0.54,1.2232,True,False,ebook,,0.5,channel_description,https://www.youtube.com/watch?v=9XY4etMaaHM,https://www.youtube.com/watch?v=RI90w4gRPug,monetized but missing at least one High criterion,False,15,True,True,2026-10-06T04:46:50+00:00
Nick DiGiovanni,https://www.youtube.com/@NickDiGiovanni,,No,none,food,44133333,47100000,Mid,,,,,,,,,UCMyOj6fhvKFMjxUCp3b_3gA,4,2,40000000,0.69,0.937,False,False,,,0.67,manual,https://www.youtube.com/watch?v=SlXIk08_yTs,https://www.youtube.com/watch?v=IdENz7Spr74,"no monetization found, check link hubs and the About page by hand",True,15,True,True,2026-10-06T04:45:36+00:00
Jordan Matter,https://www.youtube.com/@jordanmatter,info@jordanmatter.com,Yes,merch,tech,26733333,38200000,Mid,,,,,,,,,UCKaCalz5N5ienIbfPzEbYuA,12,2,27000000,1.06,0.6998,True,False,merch,,0.25,video_description,https://www.youtube.com/watch?v=Dr1-Jhr22jc,https://www.youtube.com/watch?v=Ld4VQrUYd08,monetized but missing at least one High criterion,False,15,True,True,2026-10-06T04:26:32+00:00
Outdoor Boys,https://www.youtube.com/@OutdoorBoys,,No,none,outdoors,20306666,20700000,Mid,,,,,,,,,UCfpCQ89W9wjkHc8J_6eTbBg,0,304,19000000,1.03,0.981,True,False,ebook,,0.85,manual,https://www.youtube.com/watch?v=KbahC-QCKU8,https://www.youtube.com/watch?v=7EgTPPduIQE,monetized but missing at least one High criterion,False,15,True,True,2026-10-06T04:40:05+00:00
Dude Perfect,https://www.youtube.com/@dudeperfect,Dude@DudePerfect.com,Yes,merch,food,11486666,62800000,Mid,,,,,,,,,UCRijo3ddMTht_IHyNSNXpNQ,4,2,9400000,0.98,0.1829,True,False,merch; ebook,,1.0,channel_description,https://www.youtube.com/watch?v=lcLpV8vYUg4,https://www.youtube.com/watch?v=rWt4ME_xyfM,monetized but missing at least one High criterion,False,15,True,True,2026-10-06T04:43:14+00:00
Jesse James West,https://www.youtube.com/@JesseJamesWest,mgmt@jessejameswest.com,Yes,community_or_membership,fitness,9246666,11200000,Mid,,,,,,,,,UCEjIjshJ8bvvCkGNk0pkYcA,6,8,9200000,0.45,0.8256,True,True,skool.com; coaching; ebook; sponsor read,,0.67,video_description,https://www.youtube.com/watch?v=X07I8YcQ6yo,https://www.youtube.com/watch?v=f25TH8IW38c,monetized but missing at least one High criterion,False,15,True,True,2026-10-06T04:32:01+00:00
Beta Squad,https://www.youtube.com/@BetaSquad,enquiries@betastudios.co.uk,Yes,merch,travel,8820000,12100000,Mid,,,,,,,,,UCxOzbkk0bdVl6-tH1Fcajfg,0,91,8700000,1.23,0.7289,True,False,merch,£5000,0.6,channel_description,https://www.youtube.com/watch?v=-lNyMSCfq7A,https://www.youtube.com/watch?v=D9K_Oy1vKew,monetized but missing at least one High criterion,False,15,True,True,2026-10-06T04:22:16+00:00
Kurtis Conner,https://www.youtube.com/@kurtisconner,,Yes,community_or_membership,food,7236933,5690000,Mid,,,,,,,,,UC7zsxKqd5MicTf4VhS9Y74g,3,21,8199999,0.79,1.2719,True,True,patreon.com; merch; sponsor read,,0.5,manual,https://www.youtube.com/watch?v=UkCIzRKKEao,https://www.youtube.com/watch?v=bDrNolNVMPg,monetized but missing at least one High criterion,False,15,True,True,2026-10-06T04:54:20+00:00
Red Bull,https://www.youtube.com/@redbull,,No,none,lifestyle_vlog,11328266,29800000,Mid,,,,,,,,,UCblfuW_4rakIf2h6aqANefA,2,4,7800000,0.35,0.3801,True,False,course; ebook,,0.4,manual,https://www.youtube.com/watch?v=ctEksNz7tqg,https://www.youtube.com/watch?v=9pEqyr_uT-k,monetized but missing at least one High criterion,False,15,True,True,2026-10-06T04:27:04+00:00
Payton Delu,https://www.youtube.com/@PaytonDelu,,Yes,merch,travel,7519999,6390000,Mid,,,,,,,,,UCv-lQ2yyKXQkdjBrgSS9gxw,1,14,7400000,0.36,1.1768,True,True,merch; ebook; sponsor read,,0.5,manual,https://www.youtube.com/watch?v=XCnCqBKrpjQ,https://www.youtube.com/watch?v=9TFaTacPUoU,monetized but missing at least one High criterion,False,15,True,True,2026-10-06T04:26:40+00:00
BeardMeatsFood,https://www.youtube.com/@Beardmeatsfood,,No,none,food,7246666,6870000,Mid,,,,,,,,,UCc9CjaAjsMMvaSghZB7-Kog,13,1,6800000,1.14,1.0548,True,False,ebook,,1.0,manual,https://www.youtube.com/watch?v=TbhMjH6ZjXo,https://www.youtube.com/watch?v=TbhMjH6ZjXo,monetized but missing at least one High criterion,False,15,True,True,2026-10-06T04:44:09+00:00
Sidemen,https://www.youtube.com/@Sidemen,,No,none,travel,6866666,23400000,Mid,,,,,,,,,UCDogdKl7t7NHzQ95aEwkdMw,13,1,6600000,0.93,0.2934,False,False,,,1.0,manual,https://www.youtube.com/watch?v=rDAVBovP6LQ,https://www.youtube.com/watch?v=KBdFh8t1t-g,"no monetization found, check link hubs and the About page by hand",True,15,True,True,2026-10-06T04:21:22+00:00
Hangtime,https://www.youtube.com/@Hangtime37,,No,none,travel,7900000,4040000,Mid,,,,,,,,,UC3wc2MERkKAqNEtaiQslC-A,3,10,6300000,1.01,1.9554,False,False,,,1.0,manual,https://www.youtube.com/watch?v=lNf-JrfbR2A,https://www.youtube.com/watch?v=dakebYDWN6Q,"no monetization found, check link hubs and the About page by hand",True,15,True,True,2026-10-06T04:26:56+00:00
Will Tennyson,https://www.youtube.com/@WillTennyson,contact@willtennyson.ca,No,affiliate_only,fitness,6333333,5450000,Mid,,,,,,,,,UCB2wtYpfbCpYDc5TeTwuqFA,7,1,6000000,0.81,1.1621,True,False,ebook; geni.us,,0.56,channel_description,https://www.youtube.com/watch?v=J8FG3f-hQ_c,https://www.youtube.com/watch?v=tus_LcysuJ4,monetized but missing at least one High criterion,False,15,True,True,2026-10-06T04:30:44+00:00
Michelle Khare,https://www.youtube.com/@MichelleKhare,michellekhare+business@gmail.com,No,sponsors_only,travel,5213333,5490000,Mid,,,,,,,,,UCGGZ_POGmIWG1pQXTDzQv-g,1,2,4300000,0.89,0.9496,True,True,sponsor read,,1.0,channel_description,https://www.youtube.com/watch?v=luw-SHyHKlM,https://www.youtube.com/watch?v=nb6ZCS5dTSo,monetized but missing at least one High criterion,False,15,True,True,2026-10-06T04:32:56+00:00
Nick Kratka,https://www.youtube.com/@Nick_Kratka,kratka@night.co,No,none,food,5313333,6770000,Mid,,,,,,,,,UCRPNk3TA5cbyB-8hvNgsP5g,8,9,4200000,0.83,0.7848,False,False,,,1.0,channel_description,https://www.youtube.com/watch?v=OnNbUlmbWSM,https://www.youtube.com/watch?v=JyGNxTCWTRM,"no monetization found, check link hubs and the About page by hand",True,15,True,True,2026-10-06T04:43:54+00:00
illymation,https://www.youtube.com/@illymation,illymation@oddprojects.com,Yes,merch,food,5066266,2800000,Mid,,,,,,,,,UCsKVP_4zQ877TEiH_Ih5yDQ,0,91,4000000,1.69,1.8094,True,False,merch; program,,0.67,channel_description,https://www.youtube.com/watch?v=MepOqj4OXa8,https://www.youtube.com/watch?v=SSQrPsQq_q4,monetized but missing at least one High criterion,False,15,True,True,2026-10-06T04:49:55+00:00
Browney,https://www.youtube.com/@Browney,Browney@Delkatalents.com,No,none,fitness,4612533,12400000,Mid,,,,,,,,,UC0r_-7jgl1yl0oWzGEJ6o3w,5,14,3900000,0.38,0.372,True,False,program,,0.6,channel_description,https://www.youtube.com/watch?v=nFKuPQSQVI8,https://www.youtube.com/watch?v=5tfkioJlm_w,monetized but missing at least one High criterion,False,15,True,True,2026-10-06T04:31:31+00:00
Jeremy Ethier,https://www.youtube.com/@JeremyEthier,,No,none,fitness,3321000,7950000,Mid,,,,,,,,,UCERm5yFZ1SptUEU4wZ2vJvw,6,8,3600000,0.92,0.4177,True,False,ebook,,0.67,manual,https://www.youtube.com/watch?v=Fz89dJTZsko,https://www.youtube.com/watch?v=dOn0cLh7Ek0,monetized but missing at least one High criterion,False,15,True,True,2026-10-06T04:31:38+00:00
Yes Theory,https://www.youtube.com/@YesTheory,partnerships@yestheory.com,No,sponsors_only,travel,4292000,10100000,Mid,,,,,,,,,UCvK4bOhULCpmLabd2pDMtnA,3,30,3400000,0.82,0.425,True,True,ebook; sponsor read,,0.89,channel_description,https://www.youtube.com/watch?v=TosLIg3o91k,https://www.youtube.com/watch?v=Y6ZGkjdFAZs,monetized but missing at least one High criterion,False,15,True,True,2026-10-06T04:23:51+00:00
Westen Champlin,https://www.youtube.com/@WestenChamplin,,No,none,tech,2873333,5900000,Mid,,,,,,,,,UChRlaISXbl2gECFAmDzxgzg,13,2,2700000,0.95,0.487,True,False,ebook,,0.4,manual,https://www.youtube.com/watch?v=uoyLhTQ4f-c,https://www.youtube.com/watch?v=2Dj0JjuKkJk,monetized but missing at least one High criterion,False,15,True,True,2026-10-06T04:24:07+00:00
More Best Ever Food Review Show,https://www.youtube.com/@MoreBestEverFoodReviewShow,,No,none,food,2360000,3910000,Mid,,,,,,,,,UCXw1ddyrUmib3zmCmvSI1ow,12,9,2300000,0.79,0.6036,True,False,ebook,$1000,0.71,manual,https://www.youtube.com/watch?v=DRC_PxUTLkg,https://www.youtube.com/watch?v=JyUCrGlCyrk,monetized but missing at least one High criterion,False,15,True,True,2026-10-06T04:45:44+00:00
Vortrox,https://www.youtube.com/@Vortrox,,No,none,food,2420066,1440000,Mid,,,,,,,,,UCEq8Izumuxv6KqB59FNlouQ,7,2,2300000,1.35,1.6806,False,False,,,0.8,manual,https://www.youtube.com/watch?v=JDthypYPeuk,https://www.youtube.com/watch?v=oC5Sn3RLSXc,"no monetization found, check link hubs and the About page by hand",True,15,True,True,2026-10-06T04:53:38+00:00
FV FAMILY,https://www.youtube.com/@FVFAMILY,,Yes,merch,travel,2790933,12000000,Mid,,,,,,,,,UC4-eGDvOe41__-RiE0E9L6A,0,91,2200000,2.29,0.2326,True,False,merch; ebook; amzn.to,,1.0,manual,https://www.youtube.com/watch?v=zU2a3u0jbaM,https://www.youtube.com/watch?v=vpNKiu14XTE,monetized but missing at least one High criterion,False,15,True,True,2026-10-06T04:46:58+00:00
Joe Fazer,https://www.youtube.com/@JoeFazer,itsfazzler@gmail.com,No,sponsors_only,travel,2469133,2440000,Mid,,,,,,,,,UChQ-d14tHB62nskossxO0tw,2,1,2000000,1.46,1.0119,True,True,sponsor read,,0.5,channel_description,https://www.youtube.com/watch?v=7iMMvHnBlwo,https://www.youtube.com/watch?v=CkJZEL2rhbw,monetized but missing at least one High criterion,False,15,True,True,2026-10-06T04:23:28+00:00
Simon Wilson,https://www.youtube.com/@SimonWilson12,info@simonjwilson.com,Yes,merch,travel,2620000,2230000,Mid,,,,,,,,,UCQCrKxBj5Id79syQEsY2Qxg,2,6,1900000,0.45,1.1749,True,False,merch; ebook,,0.89,channel_description,https://www.youtube.com/watch?v=rLNuwBLNJ_o,https://www.youtube.com/watch?v=8gzDk0NCx88,monetized but missing at least one High criterion,False,15,True,True,2026-10-06T04:28:45+00:00
RAWWFishing,https://www.youtube.com/@RAWWFishing,tina@rawwfishing.com,Yes,merch,food,3363666,8320000,Mid,,,,,,,,,UCZdNPWAwux7zPVODRguoYMg,3,21,1900000,4.9,0.4043,True,False,merch; ebook,,0.67,channel_description,https://www.youtube.com/watch?v=pcsaE5a2Y1E,https://www.youtube.com/watch?v=pcsaE5a2Y1E,monetized but missing at least one High criterion,False,15,True,True,2026-10-06T04:40:53+00:00
Speeed,https://www.youtube.com/@SpeeedCo,sales@speeed.co,Yes,merch,outdoors,2027800,2600000,Mid,,,,,,,,,UC_mmaVYaFmlfdxuKb6U69Yw,8,5,1900000,0.62,0.7799,True,True,merch; program; sponsor read,,1.0,channel_description,https://www.youtube.com/watch?v=3QUTcJwO140,https://www.youtube.com/watch?v=PxDzmnLov10,monetized but missing at least one High criterion,False,15,True,True,2026-10-06T04:52:59+00:00
Best Ever Food Review Show,https://www.youtube.com/@BestEverFoodReviewShow,,Yes,community_or_membership,nutrition,2232800,12100000,Mid,,,,,,,,,UCcAd5Np7fO8SeejB1FVKcYw,11,3,1800000,0.8,0.1845,True,False,patreon.com; ebook,$0.03,0.36,manual,https://www.youtube.com/watch?v=JYy6L1UNRSw,https://www.youtube.com/watch?v=gXVxLTMM7kk,monetized but missing at least one High criterion,False,15,True,True,2026-10-06T04:46:26+00:00
Xander Budnick,https://www.youtube.com/@XanderBudnick,,No,none,outdoors,3455933,1980000,Mid,,,,,,,,,UCDoJIpPvtEwFvfNXsZvCqKw,3,2,1500000,1.12,1.7454,False,False,,,0.62,manual,https://www.youtube.com/watch?v=ifCCavfRRFY,https://www.youtube.com/watch?v=56nQjJZIqoU,"one video is carrying the average; no monetization found, check link hubs and the About page by hand",True,15,True,True,2026-10-06T04:41:24+00:00
"Andrew, Steven, and Adam",https://www.youtube.com/@AndrewStevenandAdam,,No,none,food,1467133,552000,Mid,,,,,,,,,UCIFnz5pthVrg0QJeqYiQHsQ,3,10,1500000,0.34,2.6578,False,False,,,0.8,manual,https://www.youtube.com/watch?v=p1z4QSmZIyc,https://www.youtube.com/watch?v=KE9ozWobVz8,"no monetization found, check link hubs and the About page by hand",True,15,True,True,2026-10-06T04:45:52+00:00
Kara and Nate,https://www.youtube.com/@KaraandNate,,No,lead_magnet_only,travel,1544933,4540000,Mid,,,,,,,,,UC4ijq8Cg-8zQKx8OH12dUSw,9,2,1400000,1.07,0.3403,True,False,course; ebook; free lead magnet,$35k,0.75,manual,https://www.youtube.com/watch?v=sM_TRW-6pkU,https://www.youtube.com/watch?v=9cQZVzrmddg,monetized but missing at least one High criterion,False,15,True,True,2026-10-06T04:39:57+00:00
NEN FAM,https://www.youtube.com/@nenfam,collaborations@notenoughnelsons.com,No,affiliate_only,travel,1303266,3650000,Mid,,,,,,,,,UCoN7jbN54AaJXj7TcFZikCw,14,1,1400000,0.69,0.3571,True,False,ebook; amazon.com/shop; affiliate; ltk.,,1.0,video_description,https://www.youtube.com/watch?v=bTC0wYueIDY,https://www.youtube.com/watch?v=_MaACRbgg0A,monetized but missing at least one High criterion,False,15,True,True,2026-10-06T04:46:42+00:00
WelcominTV,https://www.youtube.com/@WelcominTV,,Yes,community_or_membership,travel,1508333,1080000,Mid,,,,,,,,,UCSOhRA9nE6wNLHlYF2XdsvA,3,2,1400000,1.25,1.3966,True,False,patreon.com,,1.0,manual,https://www.youtube.com/watch?v=yEDj3QS45X4,https://www.youtube.com/watch?v=XXj7yNEq6P0,monetized but missing at least one High criterion,False,15,True,True,2026-10-06T04:54:00+00:00
Discover Connection,https://www.youtube.com/@DiscoverConnection,,No,none,travel,1555666,1630000,Mid,,,,,,,,,UCvxGFtF7apSnmpnKHDrK8qA,4,13,1300000,0.76,0.9544,True,False,ebook,,1.0,manual,https://www.youtube.com/watch?v=hcWOyMMlUG4,https://www.youtube.com/watch?v=gPD6RWYTvNI,monetized but missing at least one High criterion,False,15,True,True,2026-10-06T04:24:47+00:00
Abroad in Japan,https://www.youtube.com/@AbroadinJapan,hello@abroadinjapan.com,Yes,community_or_membership,food,1450333,3290000,Mid,,,,,,,,,UCHL9bfHTxCMi-7vfxQ-AYtg,5,3,1200000,1.3,0.4408,True,False,patreon.com; spring.com; teespring; ebook,,0.44,channel_description,https://www.youtube.com/watch?v=8tmZgCPK2tI,https://www.youtube.com/watch?v=jEWhmQjeh_I,monetized but missing at least one High criterion,False,15,True,True,2026-10-06T04:24:31+00:00
Ryguyrocky,https://www.youtube.com/@ryguyrocky,,No,none,travel,1271333,3920000,Mid,,,,,,,,,UCHRTfR2r0Ss3UjFyw7gSA-A,6,8,1200000,0.57,0.3243,True,False,ebook,,1.0,manual,https://www.youtube.com/watch?v=nXw5ItKlUck,https://www.youtube.com/watch?v=N5cVWBbT1_o,monetized but missing at least one High criterion,False,15,True,True,2026-10-06T04:53:30+00:00
Not Enough Nelsons,https://www.youtube.com/@NotEnoughNelsons,collaborations@notenoughnelsons.com,No,affiliate_only,lifestyle_vlog,1055866,5600000,Mid,,,,,,,,,UC-_KiH_Z2yerhAD_cAjAMOA,13,2,1000000,1.22,0.1885,True,False,ebook; amazon.com/shop; ltk.,,0.83,video_description,https://www.youtube.com/watch?v=kjoE7sZSXrg,https://www.youtube.com/watch?v=ISgqpOpw174,monetized but missing at least one High criterion,False,15,True,True,2026-10-06T04:40:30+00:00
Isaiah Photo,https://www.youtube.com/@isaiahphoto,,No,none,travel,1829866,10100000,Mid,,,,,,,,,UCjPYYvIdTqn9U52p9IxJ72Q,2,14,971000,0.93,0.1812,True,False,ebook,,0.6,manual,https://www.youtube.com/watch?v=GxcDaJnx1eg,https://www.youtube.com/watch?v=p-VhjfAJv5s,monetized but missing at least one High criterion,False,15,True,True,2026-10-06T04:33:55+00:00
The Norris Nuts,https://www.youtube.com/@norrisnuts,management@norrisnuts.com,Yes,merch,lifestyle_vlog,682000,8029999,Mid,,,,,,,,,UCYd0us2OtW4d4-1cfpT2ktw,13,2,632000,1.24,0.0849,True,False,merch; ebook,,0.25,channel_description,https://www.youtube.com/watch?v=qKnF-P3a7Hs,https://www.youtube.com/watch?v=qKnF-P3a7Hs,monetized but missing at least one High criterion,False,15,True,True,2026-10-06T04:46:34+00:00
ATHLEAN-X™,https://www.youtube.com/@athleanx,mediarelations@athleanx.com,No,none,fitness,807533,14300000,Mid,,,,,,,,,UCe0TLA0EsQbE-MjuHXevj2A,15,0,610000,0.81,0.0565,True,False,program; ebook,,0.75,channel_description,https://www.youtube.com/watch?v=kHXBL5BTIus,https://www.youtube.com/watch?v=lJteNTQC51A,monetized but missing at least one High criterion,False,15,True,True,2026-10-06T04:36:28+00:00
Back 2 Basics Adventures,https://www.youtube.com/@BacktoBasics,,Yes,community_or_membership,travel,602400,1480000,Mid,,,,,,,,,UCEpl_q2OEDwUllLKhkjV9Zw,2,8,574000,1.64,0.407,True,False,patreon.com; ebook,,0.5,manual,https://www.youtube.com/watch?v=GdfDLTVfjP4,https://www.youtube.com/watch?v=7mCC6seLBQw,monetized but missing at least one High criterion,False,15,True,True,2026-10-06T04:27:48+00:00
Katina Eats Kilos,https://www.youtube.com/@KatinaEatsKilos,,No,none,food,707933,1180000,Mid,,,,,,,,,UCyfrEmiyq0Bv46gpxKTMcQg,7,1,570000,1.34,0.5999,True,False,ebook,,0.88,manual,https://www.youtube.com/watch?v=z5RwmDhgLjU,https://www.youtube.com/watch?v=66g5jU_4h2U,monetized but missing at least one High criterion,False,15,True,True,2026-10-06T04:44:32+00:00
Matt D'Avella,https://www.youtube.com/@mattdavella,,No,none,fitness,558600,4050000,Mid,,,,,,,,,UCJ24N4O0bP7LGLBDvye7oCA,3,8,560000,0.57,0.1379,True,False,course,,0.4,manual,https://www.youtube.com/watch?v=7k-2eIrDXng,https://www.youtube.com/watch?v=XhjXAjs_BK8,monetized but missing at least one High criterion,False,15,True,True,2026-10-06T04:32:33+00:00
The Wall Street Journal,https://www.youtube.com/@wsj,,No,none,running_endurance,2323399,6710000,Mid,,,,,,,,,UCK7tptUDHh-RYDsdxO1-5QQ,30,0,555000,0.3,0.3463,True,False,ebook,,0.67,manual,https://www.youtube.com/watch?v=ilmDQo1o9kM,https://www.youtube.com/watch?v=RUhdmIFpb-w,one video is carrying the average; monetized but missing at least one High criterion,True,15,True,True,2026-10-06T04:34:41+00:00
Wade Papenfus - Offshore Tales,https://www.youtube.com/@Wadepapenfus,WadePapenfus@lighthouseagents.com,Yes,merch,travel,903066,1330000,Mid,,,,,,,,,UC1tom7qzIhM0OhCI7wSB2tA,5,8,541000,0.69,0.679,True,False,merch; ebook,$1,0.64,video_description,https://www.youtube.com/watch?v=L0HN_GwVoLg,https://www.youtube.com/watch?v=HTjTrO5Lb2A,monetized but missing at least one High criterion,False,15,True,True,2026-10-06T04:44:01+00:00
HealthyGamerGG,https://www.youtube.com/@HealthyGamerGG,,Yes,merch,,621142,3500000,Mid,,,,,,,,,UClHVl2N3jPEbkNJVx-ItQIQ,26,2,534000,0.49,0.1775,True,False,merch; coaching,,0.0,manual,https://www.youtube.com/watch?v=fpXFXQfFa1c,https://www.youtube.com/watch?v=KBkkN12nVqs,monetized but missing at least one High criterion,False,15,True,True,2026-10-06T04:52:44+00:00
Ryguy v2,https://www.youtube.com/@Ryguyv2,,No,none,,765400,166000,Mid,,,,,,,,,UCrnJBS7Lb3rGUVWLvv-_czA,7,3,528000,0.34,4.6108,True,False,ebook,,0.0,manual,https://www.youtube.com/watch?v=K87_goX9go4,https://www.youtube.com/watch?v=GywkvLIIRaM,monetized but missing at least one High criterion,False,15,True,True,2026-10-06T04:53:22+00:00
Ben Morris,https://www.youtube.com/@benmorris,reach@benmorris.uk,No,none,travel,1009266,1050000,Mid,,,,,,,,,UCZKaJWjvdPbbEFe8oD5NiXg,3,30,510000,1.79,0.9612,False,False,,,1.0,video_description,https://www.youtube.com/watch?v=YZ0jMki5Wf8,https://www.youtube.com/watch?v=AdHV8zTfvsU,"no monetization found, check link hubs and the About page by hand",True,15,True,True,2026-10-06T04:22:00+00:00
Goal Guys,https://www.youtube.com/@GoalGuys,Goalguys@night.co,No,sponsors_only,fitness,546333,561000,Mid,,,,,,,,,UC6MXE0Px3m1aI4vI0pLWzQg,3,1,470000,1.43,0.9739,True,True,course; ebook; sponsor read,,0.25,channel_description,https://www.youtube.com/watch?v=R3SYyq2HMOc,https://www.youtube.com/watch?v=SkCnVH3Vjps,monetized but missing at least one High criterion,False,15,True,True,2026-10-06T04:30:06+00:00
All The Gear,https://www.youtube.com/@AllThe_Gear,contact@allthegear.shop,Yes,coaching_or_program,travel,509600,462000,Mid,,,,,,,,,UCSwl4SnA68L8iDfj5gBf-yA,12,5,433000,0.74,1.103,True,False,merch; cal.com; ebook,,0.29,video_description,https://www.youtube.com/watch?v=fGxfLqt5CVM,https://www.youtube.com/watch?v=klLUGb-_a8I,monetized but missing at least one High criterion,False,15,True,True,2026-10-06T04:41:40+00:00
Reuben Schmitz,https://www.youtube.com/@ReubenSchmitz,reubenschmitzbusiness@gmail.com,Yes,community_or_membership,travel,743066,341000,Mid,,,,,,,,,UCDdJ89trVh2OhGTF4-vYZPQ,3,30,430000,2.48,2.1791,True,False,patreon.com,,0.93,channel_description,https://www.youtube.com/watch?v=5cNrCPKlEKY,https://www.youtube.com/watch?v=5cNrCPKlEKY,monetized but missing at least one High criterion,False,15,True,True,2026-10-06T04:19:58+00:00
Agent 00 IRL,https://www.youtube.com/@Agent00IRL,,No,none,food,467500,15400,Mid,,,,,,,,,UCT7T28BKA4ELIr-rBsURNig,14,0,423000,2.81,30.3571,False,False,,,0.67,manual,https://www.youtube.com/watch?v=Va6xlq8AA1w,https://www.youtube.com/watch?v=h731kJWUe8U,"no monetization found, check link hubs and the About page by hand",True,10,True,True,2026-10-06T04:40:37+00:00
Stan Browney,https://www.youtube.com/@BrowneyShorts,Collaborations@Browney.nl,No,none,fitness,472533,4810000,Mid,,,,,,,,,UCuJBpMyxlmemsQiivWPcGrQ,4,9,421000,1.16,0.0982,False,False,,,0.78,channel_description,https://www.youtube.com/watch?v=GedLfJnmY34,https://www.youtube.com/watch?v=wI8pfl5s_Mo,"no monetization found, check link hubs and the About page by hand",True,15,True,True,2026-10-06T04:35:57+00:00
Kelly Wakasa,https://www.youtube.com/@KellyWakasa,kellywakasa@teamwass.com,Yes,merch,travel,708133,2000000,Mid,,,,,,,,,UCLVMKLtleeiKs0Oqp86ApTQ,3,13,417000,1.71,0.3541,True,True,merch; ebook; sponsor read,,0.5,channel_description,https://www.youtube.com/watch?v=GY4JiOHdSDo,https://www.youtube.com/watch?v=GY4JiOHdSDo,monetized but missing at least one High criterion,False,15,True,True,2026-10-06T04:20:28+00:00
KarissaEats,https://www.youtube.com/@KarissaEats,,No,sponsors_only,food,437333,5200000,Mid,,,,,,,,,UCamdvUq4-BoneYsHZt0Agrw,4,3,415000,0.94,0.0841,True,True,sponsor read; link hub: linktr.ee,,0.75,manual,https://www.youtube.com/watch?v=46pWcAaLMU0,https://www.youtube.com/watch?v=46pWcAaLMU0,monetized but missing at least one High criterion,False,15,True,True,2026-10-06T04:47:21+00:00
Beau Miles,https://www.youtube.com/@BeauMiles,,Yes,community_or_membership,travel,412800,876000,Mid,,,,,,,,,UCm325cMiw9B15xl22_gr6Dw,4,30,412000,1.09,0.4712,True,False,patreon.com; ebook,,0.33,manual,https://www.youtube.com/watch?v=BTLJALMX_4A,https://www.youtube.com/watch?v=ASIuMBog7xI,monetized but missing at least one High criterion,False,15,True,True,2026-10-06T04:33:04+00:00
Field Days,https://www.youtube.com/@FieldDays,,Yes,merch,food,556666,2000000,Mid,,,,,,,,,UCSZwSipmufiBGjFk9q3rD-A,6,8,396000,1.95,0.2783,True,False,merch,,0.67,manual,https://www.youtube.com/watch?v=4ET1FU9ah5s,https://www.youtube.com/watch?v=C1ZCBGx5OB8,monetized but missing at least one High criterion,False,15,True,True,2026-10-06T04:40:13+00:00
Clay Hayes,https://www.youtube.com/@clayhayeshunter,,No,affiliate_only,outdoors,574000,1000000,Mid,,,,,,,,,UC-eicAkiRdGLguiS1dS_N9Q,4,4,373000,0.74,0.574,True,False,ebook; amzn.to,,0.67,manual,https://www.youtube.com/watch?v=HvgL1VVnmDg,https://www.youtube.com/watch?v=y4sHmn6Pd3M,monetized but missing at least one High criterion,False,15,True,True,2026-10-06T04:42:43+00:00
So Saute,https://www.youtube.com/@sosaute,sosautewithlove@gmail.com,No,affiliate_only,food,415933,5300000,Mid,,,,,,,,,UCm3uwvJw2KHp4aWRjj_IWTQ,12,1,368000,0.8,0.0785,True,False,ebook; amzn.to,,0.7,channel_description,https://www.youtube.com/watch?v=bek8m2SkL5o,https://www.youtube.com/watch?v=x5P4EG5avvM,monetized but missing at least one High criterion,False,15,True,True,2026-10-06T04:48:09+00:00
Marcus&Kristin,https://www.youtube.com/@MarcusKristin,kristinlauria3@gmail.com,No,sponsors_only,fitness,470666,421000,Mid,,,,,,,,,UCloCsWyyKOEJ6UeEqiG4vqw,0,1096,340000,1.1,1.118,True,True,ebook; sponsor read,,1.0,video_description,https://www.youtube.com/watch?v=M2UtPqcxY9I,https://www.youtube.com/watch?v=Rs02UZF5mjU,monetized but missing at least one High criterion,False,15,True,True,2026-10-06T04:21:36+00:00
The Food Theorists,https://www.youtube.com/@FoodTheory,,No,none,food,364800,5510000,Mid,,,,,,,,,UCHYoe8kQ-7Gn9ASOlmI0k6Q,13,6,332000,1.09,0.0662,True,False,course,,0.73,manual,https://www.youtube.com/watch?v=7ksN5tMFlvA,https://www.youtube.com/watch?v=Hhz9HXnAsrQ,monetized but missing at least one High criterion,False,15,True,True,2026-10-06T04:35:41+00:00
Ireland Boys Productions,https://www.youtube.com/@IrelandBoysProductions,IrelandBoysProductions@gmail.com,Yes,merch,travel,387800,5570000,Mid,,,,,,,,,UCxgDfpB3rBRPozm3zzaRXTQ,7,10,323000,1.46,0.0696,True,False,merch; ebook,,1.0,video_description,https://www.youtube.com/watch?v=Mns05v0jYlA,https://www.youtube.com/watch?v=39t30kYQHrc,monetized but missing at least one High criterion,False,15,True,True,2026-10-06T04:21:07+00:00
FLAIR,https://www.youtube.com/@FLAIR.,andrewflairbusiness@gmail.com,No,affiliate_only,outdoors,296866,2920000,Mid,,,,,,,,,UCnXM5uNrNWEH7ewvIVsDRIg,24,1,283000,1.17,0.1017,True,True,ebook; amzn.to; affiliate; sponsor read,,0.5,channel_description,https://www.youtube.com/watch?v=j9i72nQxfGU,https://www.youtube.com/watch?v=0PEuvduHlpY,monetized but missing at least one High criterion,False,15,True,True,2026-10-06T04:41:01+00:00
Linda Sun,https://www.youtube.com/@lindasunyt,lindasun@select.co,No,sponsors_only,food,298000,1600000,Mid,,,,,,,,,UCpEcZL5B7i6gJYGfqLvMCbg,6,1,272000,1.16,0.1862,True,True,sponsor read,,0.3,video_description,https://www.youtube.com/watch?v=8xUPvOtJufA,https://www.youtube.com/watch?v=-9ocXQt7BIQ,monetized but missing at least one High criterion,False,15,True,True,2026-10-06T04:38:55+00:00
Calvin Landis,https://www.youtube.com/@CalvinEatsClean,calvinlandis@rightclick.gg,No,sponsors_only,food,457126,92600,Mid,,,,,,,,,UCJYwzBR9WB8L81XvvKWxGmQ,6,11,247000,0.46,4.9366,True,True,sponsor read,,0.6,channel_description,https://www.youtube.com/watch?v=3DWeJ-urapQ,https://www.youtube.com/watch?v=UevA1XjOy-s,monetized but missing at least one High criterion,False,15,True,True,2026-10-06T04:53:07+00:00
Seek Discomfort,https://www.youtube.com/@SeekDiscomfort,partnerships@yestheory.com,No,none,lifestyle_vlog,314866,895000,Mid,,,,,,,,,UCTd7KzdwnFE3lm6LCfYDmUQ,1,30,246000,0.88,0.3518,True,False,ebook,,0.33,channel_description,https://www.youtube.com/watch?v=5HRBW2S3Mgk,https://www.youtube.com/watch?v=QB6Az9kQQuE,monetized but missing at least one High criterion,False,15,True,True,2026-10-06T04:25:18+00:00
Fowler's Makery and Mischief,https://www.youtube.com/@FowlersMakeryandMischief,,Yes,merch,travel,392600,1820000,Mid,,,,,,,,,UC2h_ncHoP2v6OO_zFsMuOPQ,7,2,241000,3.02,0.2157,True,False,merch; ebook,,0.64,manual,https://www.youtube.com/watch?v=pJwuhti254s,https://www.youtube.com/watch?v=BNN0Lf6b80Q,monetized but missing at least one High criterion,False,15,True,True,2026-10-06T04:41:32+00:00
World Nomac,https://www.youtube.com/@worldnomac,contact@worldnomac.com,No,affiliate_only,travel,322933,821000,Mid,,,,,,,,,UCpL_tis0ertYh2DSOiCm51g,7,3,211000,0.5,0.3933,True,True,ebook; affiliate; sponsor read,$20,0.67,video_description,https://www.youtube.com/watch?v=R0vpEJsqBq4,https://www.youtube.com/watch?v=BXc4JtUL8qQ,monetized but missing at least one High criterion,False,15,True,True,2026-10-06T04:24:39+00:00
AlishaMarie,https://www.youtube.com/@AlishaMarie,alishamarie@mattermediagroup.com,Yes,merch,travel,222933,7980000,Mid,,,,,,,,,UCSReacwdlGHHyTIyuROhVdQ,1,30,210000,1.16,0.0279,True,False,merch; ebook,,0.4,video_description,https://www.youtube.com/watch?v=OLK06UnzgAA,https://www.youtube.com/watch?v=1K5dsoCagCU,views are low for the subscriber count; monetized but missing at least one High criterion,True,15,True,True,2026-10-06T04:51:53+00:00
Priyanka Tiwari,https://www.youtube.com/@PriyankaTiwari,priyankasvlog@gmail.com,No,none,food,204466,2780000,Mid,,,,,,,,,UCRf6dfFdV9wU-gSB9fpHmcQ,14,0,198000,1.12,0.0735,True,False,ebook,,1.0,channel_description,https://www.youtube.com/watch?v=eICzIFqthus,https://www.youtube.com/watch?v=eZT1NRrV8Y8,monetized but missing at least one High criterion,False,15,True,True,2026-10-06T04:47:53+00:00
Sprouht,https://www.youtube.com/@Sprouht,business@sprouht.com,No,none,travel,601733,1310000,Mid,,,,,,,,,UC-q5vNvj81OmWK0pzaLB-kg,13,1,196000,0.66,0.4593,False,False,,,1.0,channel_description,https://www.youtube.com/watch?v=u7stfuRplNk,https://www.youtube.com/watch?v=9t675JIuIXY,"one video is carrying the average; no monetization found, check link hubs and the About page by hand",True,15,True,True,2026-10-06T04:22:46+00:00
Katie Roams,https://www.youtube.com/@Katieroams,hello@katieroams.co.uk,No,none,outdoors,261866,273000,Mid,,,,,,,,,UCf9YWhTNz6G2Sn1Rd7cwZNQ,25,1,188000,0.39,0.9592,True,False,ebook,,0.6,channel_description,https://www.youtube.com/watch?v=hKert0NExFg,https://www.youtube.com/watch?v=Yz86G2O6Jw0,monetized but missing at least one High criterion,False,15,True,True,2026-10-06T04:41:48+00:00
Eva Bravo Play,https://www.youtube.com/@EvaBravoPlay,,No,none,travel,679933,26400000,Mid,,,,,,,,,UCvYhgH0hXziSz9IyPztzUug,26,2,183000,0.5,0.0258,True,False,ebook,,1.0,manual,https://www.youtube.com/watch?v=31L0Whpimmo,https://www.youtube.com/watch?v=2kQUltCBol0,one video is carrying the average; views are low for the subscriber count; monetized but missing at least one High criterion,True,15,True,True,2026-10-06T04:46:10+00:00
Ding Dong Girls,https://www.youtube.com/@DingDongGirls,girlsdingdong05@gmail.com,No,none,tech,238133,1580000,Mid,,,,,,,,,UCHUTERc5j2hDSETAaO6Wq9Q,30,1,172000,1.39,0.1507,False,False,,,0.69,channel_description,https://www.youtube.com/watch?v=EtXiWJdDyvI,https://www.youtube.com/watch?v=JvtE8741jwY,"no monetization found, check link hubs and the About page by hand",True,15,True,True,2026-10-06T04:47:29+00:00
The $10 Travel Show,https://www.youtube.com/@MoreTravelsWithDrewBinsky,partnerships@drewbinsky.com,No,none,travel,227933,847000,Mid,,,,,,,,,UC7xP-m9hfVmFqNLaKGgIlzA,2,30,170000,1.26,0.2691,True,False,ebook,$50,1.0,video_description,https://www.youtube.com/watch?v=FpeQGKl4gyE,https://www.youtube.com/watch?v=BSTDOtqrLYE,monetized but missing at least one High criterion,False,15,True,True,2026-10-06T04:28:53+00:00
,https://www.youtube.com/@adelalala,,No,affiliate_only,lifestyle_vlog,182733,,Mid,,,,,,,,,,6,4,164000,1.08,,True,False,amazon.com/shop,,0.78,manual,https://www.youtube.com/watch?v=UynwMwqdpTg,https://www.youtube.com/watch?v=Z2nURAaBDs4,monetized but missing at least one High criterion,False,15,True,True,2026-10-06T04:54:45+00:00
TA Outdoors,https://www.youtube.com/@TAOutdoors,,Yes,merch,outdoors,189400,2490000,Mid,,,,,,,,,UC2SMpy2oZV6BoyJEYShw9bw,6,8,158000,1.24,0.0761,True,False,merch; ebook; amazon.com/shop; affiliate,,0.73,manual,https://www.youtube.com/watch?v=fPorCW8SecI,https://www.youtube.com/watch?v=gpQ9_TA9jmM,monetized but missing at least one High criterion,False,15,True,True,2026-10-06T04:41:17+00:00
Leah Shutkever,https://www.youtube.com/@LeahShutkever,,No,none,food,187266,671000,Mid,,,,,,,,,UC0dlQ2xYj2kw7BiE1HAygLw,11,4,156000,0.78,0.2791,True,False,ebook,£15,0.55,manual,https://www.youtube.com/watch?v=elQ3HBFyqYM,https://www.youtube.com/watch?v=w5Z_dMl4AYA,monetized but missing at least one High criterion,False,15,True,True,2026-10-06T04:45:20+00:00
Ovens Rocky Mountain Bushcraft,https://www.youtube.com/@OvensRockyMountainBushcraft,,Yes,merch,travel,286800,1110000,Mid,,,,,,,,,UC4jxd-47X7mnekLfxbsAuew,5,2,153000,0.69,0.2584,True,False,merch; ebook; amazon.com/shop,,0.5,manual,https://www.youtube.com/watch?v=NEZiQeFynAk,https://www.youtube.com/watch?v=W3AlgWCQ1yQ,monetized but missing at least one High criterion,False,15,True,True,2026-10-06T04:42:35+00:00
The Ramsey Show Highlights,https://www.youtube.com/@TheRamseyShow,,No,none,finance,157750,4600000,Mid,,,,,,,,,UC7eBNeDW1GQf2NJQ6G6gAxw,30,0,128500,,0.0343,True,False,program; ebook,$250,1.0,manual,https://www.youtube.com/watch?v=3J0lOTA_Cpg,https://www.youtube.com/watch?v=4L5uyJTjb0o,monetized but missing at least one High criterion,False,4,True,True,2026-10-06T04:48:49+00:00
SusieJTodd,https://www.youtube.com/@SusieJTodd,susie@wearekomodo.com,No,sponsors_only,lifestyle_vlog,155133,957000,Mid,,,,,,,,,UC2b9tVgzE8IUChCjRTL5YPw,5,13,127000,1.79,0.1621,True,True,course; sponsor read,,0.5,channel_description,https://www.youtube.com/watch?v=SficjfcJmck,https://www.youtube.com/watch?v=liCEbXkaAeM,monetized but missing at least one High criterion,False,15,True,True,2026-10-06T04:30:52+00:00
Harry Uppal,https://www.youtube.com/@HarryUppal,official.harryuppal@gmail.com,No,none,food,216533,1130000,Mid,,,,,,,,,UC4qXyMvDs6OnNEnjQtinZJA,30,1,125000,0.66,0.1916,False,False,,,0.93,channel_description,https://www.youtube.com/watch?v=RPQX0aNrlJ0,https://www.youtube.com/watch?v=7sJNOgswzZM,"no monetization found, check link hubs and the About page by hand",True,15,True,True,2026-10-06T04:48:01+00:00
Doctor ER,https://www.youtube.com/@DoctorER,info@doctor-er.com,No,none,travel,212266,2910000,Mid,,,,,,,,,UCdZmX-f3TDaRhnhM4KLM4SQ,30,1,119000,3.22,0.0729,True,False,ebook,,0.5,channel_description,https://www.youtube.com/watch?v=yrEpufbhrjo,https://www.youtube.com/watch?v=W-mYlQ4P7ow,monetized but missing at least one High criterion,False,15,True,True,2026-10-06T04:34:26+00:00
Max vs Food,https://www.youtube.com/@MaxvsFood,contactmaxvsfood@gmail.com,No,none,food,143400,127000,Mid,,,,,,,,,UC0cetNiKohjriHxbDYfLcpw,22,1,113000,0.75,1.1291,True,False,ebook,,0.78,channel_description,https://www.youtube.com/watch?v=8fT5r3bkfBg,https://www.youtube.com/watch?v=7ammtV4j5sk,monetized but missing at least one High criterion,False,15,True,True,2026-10-06T04:45:27+00:00
A to Zen Life,https://www.youtube.com/@AtoZenLife,,No,affiliate_only,finance,139200,431000,Mid,,,,,,,,,UC2-pmwZJtKvIGng1prZOANg,9,1,110000,1.44,0.323,True,False,ebook; amzn.to; affiliate; free lead magnet,"$25,000",0.4,manual,https://www.youtube.com/watch?v=n-88EntLDdY,https://www.youtube.com/watch?v=Q1ws7RJo7BM,monetized but missing at least one High criterion,False,15,True,True,2026-10-06T04:48:33+00:00
Joey Salads,https://www.youtube.com/@JoeySalads,,No,none,tech,452333,10400000,Mid,,,,,,,,,UCBHu7LsKiwiYViR230RtsCA,4,5,106000,0.29,0.0435,False,False,,,1.0,manual,https://www.youtube.com/watch?v=ZeELwAVPcp4,https://www.youtube.com/watch?v=4-2ePiDnMS0,"one video is carrying the average; no monetization found, check link hubs and the About page by hand",True,15,True,True,2026-10-06T04:55:13+00:00
Riley Rehl,https://www.youtube.com/@rileyrehl,,No,affiliate_only,running_endurance,131200,434000,Mid,,,,,,,,,UCcvc_j_fRIrEue5km7mEhzw,10,0,103000,0.77,0.3023,True,False,amzn.to; affiliate; ltk.,,0.3,manual,https://www.youtube.com/watch?v=xCRL4J-IDEU,https://www.youtube.com/watch?v=fJRl3zrHCA0,monetized but missing at least one High criterion,False,15,True,True,2026-10-06T04:38:01+00:00
THENX,https://www.youtube.com/@OFFICIALTHENXSTUDIOS,,No,none,fitness,134533,7830000,Mid,,,,,,,,,UCqjwF8rxRsotnojGl4gM0Zw,2,21,101000,0.71,0.0172,True,False,program,,0.86,manual,https://www.youtube.com/watch?v=1OjIqYtgEd8,https://www.youtube.com/watch?v=olOGiudo0hI,views are low for the subscriber count; monetized but missing at least one High criterion,True,15,True,True,2026-10-06T04:36:44+00:00
trainer winny,https://www.youtube.com/@trainerwinny,,No,none,fitness,282800,936000,Mid,,,,,,,,,UCAo68fdu-hYfgO0y0n-J8qg,8,2,99000,0.71,0.3021,True,False,program,,0.86,manual,https://www.youtube.com/watch?v=wLoz37iHDPk,https://www.youtube.com/watch?v=9XQnLhN_Em0,one video is carrying the average; monetized but missing at least one High criterion,True,15,True,True,2026-10-06T04:34:02+00:00
Gabe Bult,https://www.youtube.com/@GabeBult,gabe@gabebult.com,No,affiliate_only,finance,176800,867000,Mid,,,,,,,,,UC3F3zZFiRElw2GLwzndp05A,14,5,98000,1.55,0.2039,True,False,course; affiliate,$100,0.83,channel_description,https://www.youtube.com/watch?v=mA5EXt5KjlU,https://www.youtube.com/watch?v=SX2xyKJNRLQ,monetized but missing at least one High criterion,False,15,True,True,2026-10-06T04:50:27+00:00
Dr. Phil,https://www.youtube.com/@drphil,,No,none,finance,121266,6480000,Mid,,,,,,,,,UCYLR1ghzYNyvfjw78raCuxA,30,2,96000,0.94,0.0187,True,False,ebook,,1.0,manual,https://www.youtube.com/watch?v=Njn0QkzWNmE,https://www.youtube.com/watch?v=haSQ7hsoHyA,views are low for the subscriber count; monetized but missing at least one High criterion,True,15,True,True,2026-10-06T04:27:28+00:00
Frugal Fit Mom,https://www.youtube.com/@FrugalFitMom,contact@tablerockmanagement.com,No,affiliate_only,finance,113600,693000,Mid,,,,,,,,,UCdzq21gdrw1k5jw6xzaCADg,14,4,96000,1.05,0.1639,True,False,program; bootcamp; ebook; amazon.com/shop; affiliate,,0.67,video_description,https://www.youtube.com/watch?v=AfBFZYT8mik,https://www.youtube.com/watch?v=06MdvMY7BOk,monetized but missing at least one High criterion,False,15,True,True,2026-10-06T04:50:35+00:00
Sleepy Charlie,https://www.youtube.com/@sleepycharliee,,No,affiliate_only,travel,282000,371000,Mid,,,,,,,,,UCp-R630BEr1UHsvh6HUh8fQ,3,21,94000,0.41,0.7601,True,False,amzn.to; affiliate,,1.0,manual,https://www.youtube.com/watch?v=MrmNWCE9wA0,https://www.youtube.com/watch?v=D6N_0QChktI,one video is carrying the average; monetized but missing at least one High criterion,True,15,True,True,2026-10-06T04:25:47+00:00
Fletcho,https://www.youtube.com/@Fletcho.,,Yes,community_or_membership,food,331662,23900,Mid,,,,,,,,,UCDZHwxGFK5FE3Tazs4s67LQ,1,4,90500,0.05,13.8771,True,False,patreon.com; link hub: linktr.ee,,1.0,manual,https://www.youtube.com/watch?v=lYMYBvjeI8g,https://www.youtube.com/watch?v=KNhLrMNyDRA,one video is carrying the average; monetized but missing at least one High criterion,True,8,True,True,2026-10-06T04:31:45+00:00
TFIL (Traveling to EVERY COUNTRY in A-Z Order),https://www.youtube.com/@TFIL,,Yes,community_or_membership,travel,165866,4019999,Mid,,,,,,,,,UCXqXeWMN4HiWAiclD_3I8mQ,6,1,84000,0.93,0.0413,True,False,patreon.com; ebook,"$1,000,000",0.67,manual,https://www.youtube.com/watch?v=_7Q6Ia-683Y,https://www.youtube.com/watch?v=_7Q6Ia-683Y,monetized but missing at least one High criterion,False,15,True,True,2026-10-06T04:25:03+00:00
Keltie O'Connor,https://www.youtube.com/@KeltieOConnor,keltie@select.co,No,affiliate_only,running_endurance,110866,774000,Mid,,,,,,,,,UC9zEqIwv7yPQ8IlzNYpB_Aw,14,1,84000,2.22,0.1432,True,False,shopmy,,0.4,channel_description,https://www.youtube.com/watch?v=a9hPPbRcNFY,https://www.youtube.com/watch?v=FExYLez9ZPg,monetized but missing at least one High criterion,False,15,True,True,2026-10-06T04:37:30+00:00
amandamaryanna,https://www.youtube.com/@amandamaryanna,amandagordon1010@gmail.com,Yes,community_or_membership,tech,214466,345000,Mid,,,,,,,,,UCmHAVcXFFUcFRI7Gs4HQ6Kg,2,7,76000,0.35,0.6216,True,True,patreon.com; sponsor read,,1.0,video_description,https://www.youtube.com/watch?v=K9eTpDIMkDY,https://www.youtube.com/watch?v=w2xS1wEYfeM,one video is carrying the average; monetized but missing at least one High criterion,True,15,True,True,2026-10-06T04:52:12+00:00
Vultures,https://www.youtube.com/@VulturesMCYT,,No,none,travel,221706,53100,Mid,,,,,,,,,UCprEa-n6CfYuabHm5fQpbsg,4,0,74000,0.19,4.1753,False,False,,,1.0,manual,https://www.youtube.com/watch?v=I2KUUNbpu68,https://www.youtube.com/watch?v=r6DhKuIMuGY,"one video is carrying the average; no monetization found, check link hubs and the About page by hand",True,15,True,True,2026-10-06T04:53:45+00:00
Sarai Jones,https://www.youtube.com/@SaraiJones,saraijonesbusiness@gmail.com,No,affiliate_only,lifestyle_vlog,75400,3610000,Mid,,,,,,,,,UCzTtkLZFy6wqD4SsA9_fTtw,8,4,73000,0.93,0.0209,True,True,amazon.com/shop; ltk.; sponsor read,,0.57,channel_description,https://www.youtube.com/watch?v=oYL_8RqxgG8,https://www.youtube.com/watch?v=oowkpCw6Rew,views are low for the subscriber count; monetized but missing at least one High criterion,True,15,True,True,2026-10-06T04:30:13+00:00
MrandMrsMuscle,https://www.youtube.com/@Mrandmrsmuscle,,No,none,fitness,91000,1690000,Mid,,,,,,,,,UCi_J6WNj99ro-9cPZOUrf8Q,12,7,72000,1.68,0.0538,True,False,program,,1.0,manual,https://www.youtube.com/watch?v=krs_R5biAOg,https://www.youtube.com/watch?v=zDvAZHO4svI,monetized but missing at least one High criterion,False,15,True,True,2026-10-06T04:31:16+00:00
megsquats,https://www.youtube.com/@Megsquats,,No,sponsors_only,fitness,105133,696000,Mid,,,,,,,,,UCj_GeRF7G4NEpvQ5_A1wSvg,6,10,68000,1.05,0.1511,True,True,program; sponsor read; free lead magnet,,0.58,manual,https://www.youtube.com/watch?v=PU5UtADTRyU,https://www.youtube.com/watch?v=UDQVJLiLq04,monetized but missing at least one High criterion,False,15,True,True,2026-10-06T04:32:25+00:00
Big Muscles,https://www.youtube.com/@bigmuscles,,No,none,fitness,185746,310000,Mid,,,,,,,,,UCpz9AMGvz6-iUZZVU-rFGHw,13,1,58000,1.75,0.5992,False,False,,,1.0,manual,https://www.youtube.com/watch?v=PSLM-etp7ow,https://www.youtube.com/watch?v=4vlxPy5uGyw,"one video is carrying the average; no monetization found, check link hubs and the About page by hand",True,15,True,True,2026-10-06T04:36:20+00:00
Stephen J Reid,https://www.youtube.com/@StephenJReid,,Yes,community_or_membership,travel,116866,195000,Mid,,,,,,,,,UCDsRsk9ZUrzZXabzD-CM2AA,13,1,50000,2.51,0.5993,True,False,patreon.com; ebook; geni.us,,0.5,manual,https://www.youtube.com/watch?v=7T9Vh7zWGVg,https://www.youtube.com/watch?v=qcU5PkcJelo,one video is carrying the average; monetized but missing at least one High criterion,True,15,True,True,2026-10-06T04:42:19+00:00
Liftwsarah,https://www.youtube.com/@Liftwsarah,caleb@smallscreenmarketing.com,Yes,community_or_membership,fitness,89800,277000,Mid,,,,,,,,,UCuJ0vNyhpIUbsH-tZgS8z_w,7,1,48000,1.48,0.3242,True,False,patreon.com; program,,0.7,channel_description,https://www.youtube.com/watch?v=DDKUZdaTCAc,https://www.youtube.com/watch?v=vgGtNlZ4YpA,monetized but missing at least one High criterion,False,15,True,True,2026-10-06T04:31:53+00:00
Dutch Bushcraft Knives,https://www.youtube.com/@DutchBushcraftKnives,,Yes,community_or_membership,food,66333,343000,Mid,,,,,,,,,UC0k91MwJuS5VvNOJdbDhPYA,13,4,48000,0.94,0.1934,True,True,patreon.com; ebook; affiliate; sponsor read,,0.5,manual,https://www.youtube.com/watch?v=wpmhmh3-Il8,https://www.youtube.com/watch?v=wpmhmh3-Il8,monetized but missing at least one High criterion,False,15,True,True,2026-10-06T04:40:45+00:00
Spinning The Globe,https://www.youtube.com/@SpinningTheGlobe,,Yes,merch,travel,100533,137000,Mid,,,,,,,,,UCEPG8B0qN6IFj_VP6jZd0KQ,6,6,47000,4.95,0.7338,True,False,fourthwall,,1.0,manual,https://www.youtube.com/watch?v=-08QgsEG9AU,https://www.youtube.com/watch?v=gC6VfOo_hVA,one video is carrying the average; monetized but missing at least one High criterion,True,15,True,True,2026-10-06T04:29:01+00:00
Global Triathlon Network,https://www.youtube.com/@gtn,,No,none,running_endurance,56753,1100000,Mid,,,,,,,,,UCJVMrR290HU9pDxaP35u_cg,30,1,45000,1.3,0.0516,True,False,ebook,,0.83,manual,https://www.youtube.com/watch?v=ilNSAZSDA9Y,https://www.youtube.com/watch?v=bOCkujnxBjQ,monetized but missing at least one High criterion,False,15,True,True,2026-10-06T04:33:19+00:00
Classic TV,https://www.youtube.com/@ClassicTVChannel24,classicmediahouse.collabs@gmail.com,No,none,food,52926,105000,Mid,,,,,,,,,UCqqXPwAYgjkfUM4_dHvRbUw,14,3,42000,0.74,0.5041,True,False,ebook,,0.75,channel_description,https://www.youtube.com/watch?v=fxUpsFdESvs,https://www.youtube.com/watch?v=fxUpsFdESvs,monetized but missing at least one High criterion,False,15,True,True,2026-10-06T04:47:37+00:00
Good Bloke Outdoors,https://www.youtube.com/@GoodBlokeOutdoors,Contact@GoodBlokeOutdoors.com,Yes,community_or_membership,outdoors,45533,70000,Mid,,,,,,,,,UCMdq55gplLQq0RHKh5GZAOQ,15,0,40000,1.32,0.6505,True,True,patreon.com; merch; ebook; sponsor read,,0.57,channel_description,https://www.youtube.com/watch?v=7PUlgfF05LY,https://www.youtube.com/watch?v=-mzeYVLtY0A,monetized but missing at least one High criterion,False,15,True,True,2026-10-06T04:41:55+00:00
Apple Cheeks,https://www.youtube.com/@apple.cheeks,applecheeks@oddprojects.com,Yes,community_or_membership,travel,46066,230000,Mid,,,,,,,,,UCQ9XXjX0eNReH28Ass8E-hw,4,5,39000,1.21,0.2003,True,False,patreon.com,,0.42,channel_description,https://www.youtube.com/watch?v=ieE5Mt3qF5Q,https://www.youtube.com/watch?v=pUOeUx4epik,monetized but missing at least one High criterion,False,15,True,True,2026-10-06T04:48:17+00:00
BuzzFeed Multiplayer,https://www.youtube.com/@buzzfeedmultiplayer,,Yes,merch,food,277400,9330000,Mid,,,,,,,,,UCBUVGPsJzc1U8SECMgBaMFw,0,1461,37000,5.23,0.0297,True,False,merch; ebook,"$1,000,000",1.0,manual,https://www.youtube.com/watch?v=VcsOf075OMk,https://www.youtube.com/watch?v=jPYW31c05xA,one video is carrying the average; views are low for the subscriber count; monetized but missing at least one High criterion,True,15,True,True,2026-10-06T04:39:11+00:00
Cosmopolitan,https://www.youtube.com/@cosmopolitan,social@cosmopolitan.com,No,none,travel,222046,2000000,Mid,,,,,,,,,UC4LADtN8xwppFydHUB1s5uA,27,3,35000,0.29,0.111,True,False,ebook,,1.0,channel_description,https://www.youtube.com/watch?v=tngJhnMRNwo,https://www.youtube.com/watch?v=JMN66k0YkXQ,one video is carrying the average; monetized but missing at least one High criterion,True,15,True,True,2026-10-06T04:55:00+00:00
Charles Broomfield,https://www.youtube.com/@CharlesBroomfieldOfficial,charles@charlesbroomfield.com,Yes,community_or_membership,finance,62840,50200,Mid,,,,,,,,,UCeTFqYZD2UEfy_Vytsefg5g,5,14,33000,1.79,1.2518,True,False,skool.com,"$1,500",0.57,channel_description,https://www.youtube.com/watch?v=0Pa6jX-piho,https://www.youtube.com/watch?v=0Pa6jX-piho,monetized but missing at least one High criterion,False,15,True,True,2026-10-06T04:49:28+00:00
BuzzFeedVideo,https://www.youtube.com/@BuzzFeedVideo,,No,none,tech,133146,19600000,Mid,,,,,,,,,UCpko_-a4wgz2u_DgDgd9fqA,4,5,31000,0.1,0.0068,True,False,ebook,,0.67,manual,https://www.youtube.com/watch?v=ajicTeiA6Xs,https://www.youtube.com/watch?v=hlGGVlwUXoQ,one video is carrying the average; views are low for the subscriber count; monetized but missing at least one High criterion,True,15,True,True,2026-10-06T04:46:03+00:00
That YouTub3 Family - The Adventurers,https://www.youtube.com/@thatyoutub3family,,Yes,merch,food,56000,3570000,Mid,,,,,,,,,UCbZgDzTkBQMkPWYBFESJ3sQ,0,365,30000,1.14,0.0157,True,False,merch; ebook,,0.6,manual,https://www.youtube.com/watch?v=OYHVA0gr4OE,https://www.youtube.com/watch?v=W1NTIeWt-Ls,views are low for the subscriber count; monetized but missing at least one High criterion,True,15,True,True,2026-10-06T04:43:23+00:00
Sculptress,https://www.youtube.com/@sculptress_yt,,No,none,fitness,176906,77100,Mid,,,,,,,,,UCsKcXxLHWJcFXuIp_JzkRBA,6,5,28000,0.95,2.2945,False,False,,,0.6,manual,https://www.youtube.com/watch?v=1wHPlmAti-s,https://www.youtube.com/watch?v=LSoespmCb64,"one video is carrying the average; no monetization found, check link hubs and the About page by hand",True,15,True,True,2026-10-06T04:37:53+00:00
Shervin Shares,https://www.youtube.com/@ShervinShares,,No,none,running_endurance,46853,232000,Mid,,,,,,,,,UCv9ingiPmqKs6ejZV2Pt6Dw,11,12,21000,1.2,0.202,False,False,,,0.7,manual,https://www.youtube.com/watch?v=4fSFF0BnfKc,https://www.youtube.com/watch?v=39v9hSZgtx0,"one video is carrying the average; no monetization found, check link hubs and the About page by hand",True,15,True,True,2026-10-06T04:38:48+00:00
Taren's MōTTIV Method,https://www.youtube.com/@TriathlonTaren,,No,lead_magnet_only,running_endurance,27346,192000,Mid,,,,,,,,,UC1AKDrz2GvLxD29W9tow66g,0,365,20000,1.03,0.1424,True,False,ebook; free lead magnet,,0.67,manual,https://www.youtube.com/watch?v=vROcHc92yoc,https://www.youtube.com/watch?v=oLjatOYru1k,monetized but missing at least one High criterion,False,15,True,True,2026-10-06T04:39:03+00:00
The Wooded Beardsman,https://www.youtube.com/@TheWoodedBeardsman,,No,none,food,76993,1640000,Mid,,,,,,,,,UCuoSzo6nnDLKOiZ_rXHE6Gw,2,14,19000,1.15,0.0469,True,False,ebook,,0.33,manual,https://www.youtube.com/watch?v=Omo8JTANtWk,https://www.youtube.com/watch?v=Omo8JTANtWk,one video is carrying the average; monetized but missing at least one High criterion,True,15,True,True,2026-10-06T04:43:07+00:00
Frozen Pennies,https://www.youtube.com/@saraconklinfrozenpennies,,No,affiliate_only,finance,50273,160000,Mid,,,,,,,,,UCqz2PHyYFPdiDz8smw7NGcQ,21,5,19000,0.87,0.3142,True,False,amzn.to; amazon.com/shop; affiliate,,1.0,manual,https://www.youtube.com/watch?v=hnyHnVcLhpA,https://www.youtube.com/watch?v=VekkmCvdr7c,one video is carrying the average; monetized but missing at least one High criterion,True,15,True,True,2026-10-06T04:49:40+00:00
BHUVI EATING SHOW,https://www.youtube.com/@BHUVIEATINGSHOW,bhuvneshmittal44@gmail.com,No,none,food,22700,558000,Mid,,,,,,,,,UCPTxiyWXeGz7YeA--VdX2kg,26,1,18000,1.6,0.0407,True,False,ebook,,0.71,channel_description,https://www.youtube.com/watch?v=GiWeE8j38SA,https://www.youtube.com/watch?v=bp7mFgrfxdQ,monetized but missing at least one High criterion,False,15,True,True,2026-10-06T04:47:44+00:00
Great Big Story,https://www.youtube.com/@GreatBigStory,,No,none,food,120466,6290000,Mid,,,,,,,,,UCajXeitgFL-rb5-gXI-aG8Q,5,3,15000,0.19,0.0192,True,False,ebook,,0.83,manual,https://www.youtube.com/watch?v=1CNT85JCn5U,https://www.youtube.com/watch?v=fkpbmv7t6eM,one video is carrying the average; views are low for the subscriber count; monetized but missing at least one High criterion,True,15,True,True,2026-10-06T04:32:49+00:00
Celine ♡,https://www.youtube.com/@Celinelikedion,,No,affiliate_only,travel,43966,61100,Mid,,,,,,,,,UC4oB6WtmsDgiJXKu5pCa94A,10,3,15000,2.97,0.7196,True,False,amzn.to; amazon.com/shop; affiliate; ltk.; link hub: linktr.ee,,0.47,manual,https://www.youtube.com/watch?v=daKmt-sRkRo,https://www.youtube.com/watch?v=VVymQWez0A4,one video is carrying the average; monetized but missing at least one High criterion,True,15,True,True,2026-10-06T04:38:09+00:00
Girl vs Globe,https://www.youtube.com/@girlvsglobe,,No,affiliate_only,travel,37760,274000,Mid,,,,,,,,,UCz2LI2_XL-qi0EtdvhS0X7g,0,1096,14000,1.92,0.1378,True,False,amzn.to,,1.0,manual,https://www.youtube.com/watch?v=b-IGEniuWng,https://www.youtube.com/watch?v=JpjFtGCrlWs,one video is carrying the average; monetized but missing at least one High criterion,True,15,True,True,2026-10-06T04:22:54+00:00
Gravitas Documentaries,https://www.youtube.com/@gravitasdocumentaries,,No,none,fitness,38433,226000,Mid,,,,,,,,,UC1V-EnUA8Cly59HyvVKZy5A,0,365,14000,0.42,0.1701,True,False,course; ebook,,0.67,manual,https://www.youtube.com/watch?v=6Nu5RKp6Qx0,https://www.youtube.com/watch?v=h3Pgg__jYco,one video is carrying the average; monetized but missing at least one High criterion,True,15,True,True,2026-10-06T04:27:56+00:00
Body Hub,https://www.youtube.com/@BodyHub,,No,none,fitness,217193,1520000,Mid,,,,,,,,,UCpmS75Phtit_NMJXoyTSZvw,12,1,13000,35.1,0.1429,False,False,,,0.83,manual,https://www.youtube.com/watch?v=OVZDc6shbPU,https://www.youtube.com/watch?v=hA3l1Y2963Y,"one video is carrying the average; no monetization found, check link hubs and the About page by hand",True,15,True,True,2026-10-06T04:36:52+00:00
Travel Channel,https://www.youtube.com/@TravelChannel,,No,none,travel,17500,903000,Mid,,,,,,,,,UCJUAqHnkDX15IvFoXIGTm2A,30,1,11000,1.0,0.0194,True,False,ebook,,1.0,manual,https://www.youtube.com/watch?v=5ZU0dlM3v0I,https://www.youtube.com/watch?v=eavwClwzGGg,views are low for the subscriber count; monetized but missing at least one High criterion,True,14,True,True,2026-10-06T04:44:40+00:00
Homestead Tessie,https://www.youtube.com/@HomesteadTessie,,No,affiliate_only,finance,19635,133000,Mid,,,,,,,,,UCqJgpaYNmI2UksYZ_fmK6jw,30,0,10000,1.0,0.1476,True,False,program; ebook; amzn.to; amazon.com/shop; affiliate,$0.99,1.0,manual,https://www.youtube.com/watch?v=khbumGsbfOo,https://www.youtube.com/watch?v=I-17oUx2mTg,monetized but missing at least one High criterion,False,14,True,True,2026-10-06T04:50:59+00:00
Alina Naza,https://www.youtube.com/@alinanaza,,No,none,lifestyle_vlog,64406,54600,Mid,,,,,,,,,UCcYOhPoE1_7_yITDSfztosw,1,4,9900,2.36,1.1796,True,False,ebook,,0.4,manual,https://www.youtube.com/watch?v=p0CZNPU5kHc,https://www.youtube.com/watch?v=p0CZNPU5kHc,one video is carrying the average; monetized but missing at least one High criterion,True,15,True,True,2026-10-06T04:36:05+00:00
Sven Koch,https://www.youtube.com/@SvenKoch,,No,lead_magnet_only,fitness,12266,26300,Mid,,,,,,,,,UCATryxOj72Ooq53LDIEhu1g,0,213,9600,1.62,0.4664,True,False,program; ebook; free lead magnet,,1.0,manual,https://www.youtube.com/watch?v=wCU8D86tTao,https://www.youtube.com/watch?v=BLAiVI6090A,monetized but missing at least one High criterion,False,15,True,True,2026-10-06T04:34:57+00:00
Dorian Develops,https://www.youtube.com/@DorianDevelops,,No,affiliate_only,tech,19893,330000,Mid,,,,,,,,,UCUOMtzQmEmhIAF8G_cha_Xw,10,5,9500,1.9,0.0603,True,False,ebook; amazon.com/shop,,0.8,manual,https://www.youtube.com/watch?v=gwF9hKUCPCo,https://www.youtube.com/watch?v=3NnsMe6mIVU,one video is carrying the average; monetized but missing at least one High criterion,True,15,True,True,2026-10-06T04:35:05+00:00
Renée Mowatt,https://www.youtube.com/@reneemowatt,,No,none,fitness,7800,282000,Mid,,,,,,,,,UC2oGVINLOaHPCeYagrdT4Lw,2,21,8300,1.27,0.0277,True,False,program,,0.77,manual,https://www.youtube.com/watch?v=gn3ksnj-5j4,https://www.youtube.com/watch?v=d6e0Wj5FC_E,views are low for the subscriber count; monetized but missing at least one High criterion,True,15,True,True,2026-10-06T04:30:37+00:00
The Budget Mom,https://www.youtube.com/@thebudgetmom,,No,affiliate_only,finance,8580,279000,Mid,,,,,,,,,UCqP6K5GNGvQXSI10xNIAkxA,3,4,6800,1.03,0.0308,True,False,course; ebook; amzn.to,$5,1.0,manual,https://www.youtube.com/watch?v=kjCot--5urQ,https://www.youtube.com/watch?v=fqfYXaNyFJA,monetized but missing at least one High criterion,False,15,True,True,2026-10-06T04:50:19+00:00
Survival Dispatch,https://www.youtube.com/@SurvivalDispatch,sales@adsonline.agency,No,affiliate_only,food,9873,448000,Mid,,,,,,,,,UCwxUni1_D2E_MTilwUmGCeg,20,0,6400,0.86,0.022,True,True,ebook; affiliate; sponsor read,$370,0.67,video_description,https://www.youtube.com/watch?v=mcIM_7E4ino,https://www.youtube.com/watch?v=5z2UbjBakUk,views are low for the subscriber count; monetized but missing at least one High criterion,True,15,True,True,2026-10-06T04:40:21+00:00
Bailey Dean,https://www.youtube.com/@Baydeann,Baileydeancollab@gmail.com,No,affiliate_only,travel,52247,9810,Mid,,,,,,,,,UCXHKK8C03PHIWkqFbhv4nuw,2,30,5400,1.13,5.3259,True,False,affiliate; link hub: linktr.ee,,1.0,video_description,https://www.youtube.com/watch?v=BApl8WcaDCM,https://www.youtube.com/watch?v=iPvdI7ibGHc,one video is carrying the average; monetized but missing at least one High criterion,True,15,True,True,2026-10-06T04:26:02+00:00
Matt Nguyen,https://www.youtube.com/@real_mattnguyen,,Yes,coaching_or_program,nutrition,7406,66100,Mid,,,,,,,,,UCdKUVQauCQ3fvAlT1T2IoWw,23,5,5200,0.81,0.112,True,False,calendly.com; work with me,,0.5,manual,https://www.youtube.com/watch?v=fvRw2ztO6-Y,https://www.youtube.com/watch?v=i6-tIBOgbUk,monetized but missing at least one High criterion,False,15,True,True,2026-10-06T04:37:22+00:00
Dr. LeGrand,https://www.youtube.com/@doctorlegrand,,No,none,food,15907,178000,Mid,,,,,,,,,UC1U36iHJheBzQjAzM-ADtDQ,13,1,4700,0.52,0.0894,True,False,program; work with me,,0.67,manual,https://www.youtube.com/watch?v=Asm68UFEXa4,https://www.youtube.com/watch?v=q4x0LBOdzT4,one video is carrying the average; monetized but missing at least one High criterion,True,15,True,True,2026-10-06T04:35:19+00:00
Sporty Beth,https://www.youtube.com/@sportybeth,cesca@sin.agency,No,affiliate_only,fitness,4766,60500,Mid,,,,,,,,,UCrHgvBtSkKqoPLJ7T2kq1VA,0,335,4500,1.04,0.0788,True,False,program; amzn.to; affiliate,£30,0.93,channel_description,https://www.youtube.com/watch?v=G4oP6c3-UhE,https://www.youtube.com/watch?v=SCqxlxMssPs,monetized but missing at least one High criterion,False,15,True,True,2026-10-06T04:38:25+00:00
Zach Klimes,https://www.youtube.com/@ZachKlimes,,No,affiliate_only,outdoors,92111,8300,Mid,,,,,,,,,UCqlYA0Nm4BUscum4k7hzlIQ,1,30,4400,0.24,11.0977,True,False,amzn.to,,0.83,manual,https://www.youtube.com/watch?v=UoaiBw55Ibc,https://www.youtube.com/watch?v=IwJqW4U0T5A,one video is carrying the average; monetized but missing at least one High criterion,True,9,True,True,2026-10-06T04:41:09+00:00
Josiah Novak,https://www.youtube.com/@JosiahFitness,,No,none,lifestyle_vlog,4846,38900,Mid,,,,,,,,,UCAd5L-VpfWhcB2xpSJBzl_w,30,0,3800,0.81,0.1246,True,False,coaching,,0.5,manual,https://www.youtube.com/watch?v=wkTo6FLc07g,https://www.youtube.com/watch?v=IjPvxmheYFE,monetized but missing at least one High criterion,False,15,True,True,2026-10-06T04:38:17+00:00
Abroad Ability ®,https://www.youtube.com/@AbroadAbility,,Yes,coaching_or_program,lifestyle_vlog,4628,18700,Mid,,,,,,,,,UCl92v9RLxiDkArprxCemM0w,24,1,3700,1.21,0.2475,True,False,merch; calendly.com; amzn.to,$800,0.5,manual,https://www.youtube.com/watch?v=LiG10-cTbyQ,https://www.youtube.com/watch?v=_b5n5e1twVc,monetized but missing at least one High criterion,False,15,True,True,2026-10-06T04:21:52+00:00
Tom Peto Training,https://www.youtube.com/@TomPetoTraining,,No,none,fitness,4820,274000,Mid,,,,,,,,,UCdEKcVwsB2-cEyCv4EEXz4w,17,1,3700,1.06,0.0176,True,False,program; coaching,,0.75,manual,https://www.youtube.com/watch?v=xJRjExEQzLc,https://www.youtube.com/watch?v=R5dowybetH4,views are low for the subscriber count; monetized but missing at least one High criterion,True,15,True,True,2026-10-06T04:37:38+00:00
Jake Adv,https://www.youtube.com/@JakeAdvs,,No,affiliate_only,outdoors,306069,39300,Mid,,,,,,,,,UCPi3KcdpIigxZTsMEM07Pxw,1,30,3600,1.61,7.788,True,True,amzn.to; affiliate; sponsor read,,0.6,manual,https://www.youtube.com/watch?v=BQedC7SeWaQ,https://www.youtube.com/watch?v=BQedC7SeWaQ,one video is carrying the average; monetized but missing at least one High criterion,True,8,True,True,2026-10-06T04:22:23+00:00
Jason Li,https://www.youtube.com/@JasonLiLifts,,Yes,digital_product,nutrition,11109,16100,Mid,,,,,,,,,UCix9QY-eoBa_vBsUBYZa5Vw,1,14,2900,0.89,0.69,True,False,whop.com,,0.33,manual,https://www.youtube.com/watch?v=b6J-XCqEZW0,https://www.youtube.com/watch?v=pN8UpTcT5aY,one video is carrying the average; monetized but missing at least one High criterion,True,15,True,True,2026-10-06T04:37:07+00:00
Mike.,https://www.youtube.com/@mikethecompass,,No,affiliate_only,food,9212,145000,Mid,,,,,,,,,UCvoZrC6CkchDbUvSuN9MZCQ,3,5,2700,3.92,0.0635,True,False,amzn.to; affiliate,,1.0,manual,https://www.youtube.com/watch?v=2ehpUgmA4fc,https://www.youtube.com/watch?v=yfaHfYW0VvM,one video is carrying the average; monetized but missing at least one High criterion,True,15,True,True,2026-10-06T04:30:21+00:00
Kayla Nelson,https://www.youtube.com/@kayla.nelson,media.knelson@gmail.com,No,affiliate_only,lifestyle_vlog,2448,99500,Mid,,,,,,,,,UChbDTVNd_hcgQPu1fQ_vo_Q,0,91,2500,0.9,0.0246,True,False,amazon.com/shop; affiliate,,0.71,video_description,https://www.youtube.com/watch?v=ZaVNotm5Tn4,https://www.youtube.com/watch?v=-3yQ6Y3ZpZ0,views are low for the subscriber count; monetized but missing at least one High criterion,True,15,True,True,2026-10-06T04:32:40+00:00
Jojo Aigner,https://www.youtube.com/@JojoAigner,,Yes,community_or_membership,outdoors,6486,78300,Mid,,,,,,,,,UCXytLmbqh9a5SQ13s-S_ugA,0,365,2400,0.74,0.0828,True,False,patreon.com; course; ebook; amzn.to; affiliate,,1.0,manual,https://www.youtube.com/watch?v=byLFI0Mhcek,https://www.youtube.com/watch?v=szBn04d0PDc,one video is carrying the average; monetized but missing at least one High criterion,True,15,True,True,2026-10-06T04:25:11+00:00
MattTV,https://www.youtube.com/@MattTV7,matthewbandeira@gmail.com,No,none,tech,4478,626000,Mid,,,,,,,,,UCrRYwstd9DmqCJBwkhe-0-g,30,7,2400,0.37,0.0072,True,False,ebook,,1.0,channel_description,https://www.youtube.com/watch?v=Dk1CkBhOlCo,https://www.youtube.com/watch?v=ehO4U3n9-4Y,views are low for the subscriber count; monetized but missing at least one High criterion,True,15,True,True,2026-10-06T04:55:21+00:00
Jason Grubb,https://www.youtube.com/@JasonGrubb,,No,none,fitness,2935,36400,Mid,,,,,,,,,UCidokW5bqUfT-IJbFBMOV4Q,21,5,2100,1.2,0.0806,True,False,coaching,,0.82,manual,https://www.youtube.com/watch?v=_xfmbSZWb8M,https://www.youtube.com/watch?v=TFNpuSLtmAo,monetized but missing at least one High criterion,False,15,True,True,2026-10-06T04:34:18+00:00
The Exodus Collective,https://www.youtube.com/@ExodusCollective,,Yes,coaching_or_program,travel,25300,13800,Mid,,,,,,,,,UCqugYi0qXPHlXAKh72nKm5A,0,91,2000,27.14,1.8333,True,False,calendly.com,,0.62,manual,https://www.youtube.com/watch?v=Uq3hOqAkDUY,https://www.youtube.com/watch?v=jx0EF7_66zQ,one video is carrying the average; monetized but missing at least one High criterion,True,15,True,True,2026-10-06T04:27:19+00:00
Nicholas Chung,https://www.youtube.com/@chungn22,,No,none,fitness,4169,601,Mid,,,,,,,,,UCShjB7Vbtxq-q_LJ8UxO-uA,3,21,1700,3.22,6.9368,False,False,,,0.88,manual,https://www.youtube.com/watch?v=KrjJP6Cmytc,https://www.youtube.com/watch?v=jhxyqZMBrAM,"one video is carrying the average; no monetization found, check link hubs and the About page by hand",True,15,True,True,2026-10-06T04:38:32+00:00
Life with Leah,https://www.youtube.com/@justlifewithleah,,No,none,finance,6006,12100,Mid,,,,,,,,,UCpOpGKS_9PltwwtJ4oVN6ew,16,1,1700,1.47,0.4964,False,False,,,0.78,manual,https://www.youtube.com/watch?v=bYAxvRc0Kio,https://www.youtube.com/watch?v=oMD7dUbdOpI,"one video is carrying the average; no monetization found, check link hubs and the About page by hand",True,15,True,True,2026-10-06T04:48:41+00:00
Aaron Morali,https://www.youtube.com/@AaronMorali,,No,none,lifestyle_vlog,3423,1760,Mid,,,,,,,,,UCjLqTXubnOiQXrTufytKXVw,0,1096,1600,0.56,1.9449,True,False,ebook,,0.6,manual,https://www.youtube.com/watch?v=U3IoBDU3yHI,https://www.youtube.com/watch?v=8Z5InNgdXB0,one video is carrying the average; monetized but missing at least one High criterion,True,15,True,True,2026-10-06T04:21:29+00:00
Griff Duncan,https://www.youtube.com/@GriffRuns,,No,sponsors_only,running_endurance,2149,2900,Mid,,,,,,,,,UCZN2EYqIKUSqBm_Hlb7Hmmg,10,1,1600,0.45,0.741,True,True,sponsor read,,0.67,manual,https://www.youtube.com/watch?v=EXJmBvPkFyk,https://www.youtube.com/watch?v=TyVB61ygRBY,monetized but missing at least one High criterion,False,15,True,True,2026-10-06T04:39:19+00:00
Carrie On,https://www.youtube.com/@CarrieOnCoaching,CarrieS.CarrieOn@gmail.com,Yes,coaching_or_program,travel,4195,36400,Mid,,,,,,,,,UCpgNUSwkYNS8uQVBTgdPolg,21,1,1500,1.63,0.1152,True,False,cal.com; tidycal; coaching; work with me; amzn.to; affiliate,,0.4,video_description,https://www.youtube.com/watch?v=76wNYGiebv0,https://www.youtube.com/watch?v=ktuDCwSdRqg,one video is carrying the average; monetized but missing at least one High criterion,True,15,True,True,2026-10-06T04:48:25+00:00
Jen Lauren,https://www.youtube.com/@JenLauren,marissa@creatorsconcierge.com,No,affiliate_only,lifestyle_vlog,1577,27900,Mid,,,,,,,,,UCpZM7A3ymRQc-UC7tirFTTg,9,0,1400,1.23,0.0565,True,True,program; amazon.com/shop; affiliate; shopmy; sponsor read; link hub: linktr.ee,$50,0.18,channel_description,https://www.youtube.com/watch?v=Xw7XvZU26Hw,https://www.youtube.com/watch?v=r_qf3NPGRio,monetized but missing at least one High criterion,False,15,True,True,2026-10-06T04:31:08+00:00
Johnny James,https://www.youtube.com/@iamjohnnyjames,,No,none,food,2380,29700,Mid,,,,,,,,,UCSF4nqjUW79gj3JP1HKlFqw,0,335,1300,0.52,0.0801,True,False,ebook,,1.0,manual,https://www.youtube.com/watch?v=fkHLHz1f22Q,https://www.youtube.com/watch?v=OeeAZII0Wtc,monetized but missing at least one High criterion,False,15,True,True,2026-10-06T04:34:49+00:00
Stash Movies & TV,https://www.youtube.com/@stash_movies,,No,none,tech,2224,469000,Mid,,,,,,,,,UCuE6xnCgaG0LvEGAbvn8MEg,29,1,1100,2.37,0.0047,False,False,,,1.0,manual,https://www.youtube.com/watch?v=qekNwRah6fc,https://www.youtube.com/watch?v=rCW5z_PitV4,"one video is carrying the average; views are low for the subscriber count; no monetization found, check link hubs and the About page by hand",True,15,True,True,2026-10-06T04:28:11+00:00
Pinay Investor,https://www.youtube.com/@PinayInvestor,janice@thepinayinvestor.com,No,none,finance,3485,65800,Mid,,,,,,,,,UCMnzQY8oIE2b1QPC3vQeYiw,0,213,1000,0.67,0.053,True,False,template; ebook,,0.91,channel_description,https://www.youtube.com/watch?v=HpfgUoYIqvY,https://www.youtube.com/watch?v=HpfgUoYIqvY,one video is carrying the average; monetized but missing at least one High criterion,True,15,True,True,2026-10-06T04:50:43+00:00
Matty Fo Outdoors,https://www.youtube.com/@MattyFo.Outdoors,,No,none,outdoors,3173,1650,Mid,,,,,,,,,UCW0rpZ_tm4Td9Af7KuOzS7Q,10,14,994,2.14,1.923,True,False,ebook,,0.5,manual,https://www.youtube.com/watch?v=g2SBwL9sXfQ,https://www.youtube.com/watch?v=Kdy5ux2bqKk,one video is carrying the average; monetized but missing at least one High criterion,True,15,True,True,2026-10-06T04:43:31+00:00
Value Catcher,https://www.youtube.com/@thevaluecatcher,,No,none,food,5616,14700,Mid,,,,,,,,,UCySXzz1opKfwTkExmsFcImQ,2,30,780,0.57,0.382,True,False,program,,1.0,manual,https://www.youtube.com/watch?v=txr_6bvrezo,https://www.youtube.com/watch?v=2rLCRPQuYh0,one video is carrying the average; monetized but missing at least one High criterion,True,15,True,True,2026-10-06T04:55:29+00:00
London Collects,https://www.youtube.com/@LondonCollects,mrdeliveryguysi@gmail.com,No,sponsors_only,food,553,743,Mid,,,,,,,,,UCsvoHsy4WGOcCJdeyxOXXmQ,7,10,476,1.74,0.7443,True,True,sponsor read,,0.67,channel_description,https://www.youtube.com/watch?v=FRgDmV1WuDs,https://www.youtube.com/watch?v=JG_-U-ODfaA,monetized but missing at least one High criterion,False,15,True,True,2026-10-06T04:50:03+00:00
Sarah ONeill,https://www.youtube.com/@SarahONeiill,sarahoneill@socialaxisagency.com,No,affiliate_only,lifestyle_vlog,505,7490,Mid,,,,,,,,,UC36GFmHSR-Lbuxu3yEyccxQ,3,2,426,1.36,0.0674,True,False,template; ltk.,,0.8,channel_description,https://www.youtube.com/watch?v=MOBfoACnHa8,https://www.youtube.com/watch?v=MOBfoACnHa8,monetized but missing at least one High criterion,False,15,True,True,2026-10-06T04:29:58+00:00
The House of Wellness,https://www.youtube.com/@TheHouseofWellness,,No,none,tech,29948,26100,Mid,,,,,,,,,UC7_LMRUOahzTSBSrSWiq_MQ,24,1,75,2.46,1.1474,True,False,ebook,,0.5,manual,https://www.youtube.com/watch?v=FqJMIZjcv68,https://www.youtube.com/watch?v=lrpHu7ukkp0,one video is carrying the average; monetized but missing at least one High criterion,True,15,True,True,2026-10-06T04:52:52+00:00
Lifehack Method,https://www.youtube.com/@LifehackMethod,,No,none,business,99,30800,Mid,,,,,,,,,UCZrsX_fB_w1B4Po9qvGRr4w,12,12,31,6.0,0.0032,True,False,coaching,,0.43,manual,https://www.youtube.com/watch?v=SXtv13SvoDE,https://www.youtube.com/watch?v=4-DEYQ_PlHA,one video is carrying the average; views are low for the subscriber count; monetized but missing at least one High criterion,True,15,True,True,2026-10-06T04:52:36+00:00
NBC News,https://www.youtube.com/@NBCNews,,No,none,,0,12100000,Mid,,,,,,,,,UCeY0bbntWzzVIaj2z3QigXg,19,0,0,,0.0,True,False,ebook,,0.0,manual,,,views are low for the subscriber count; monetized but missing at least one High criterion,True,0,True,True,2026-10-06T04:27:40+00:00
WatchMojo.com,https://www.youtube.com/@WatchMojo,,No,none,,0,25800000,Mid,,,,,,,,,UCaWd5_7JhbQBe4dknZhsHJg,29,0,0,,0.0,True,False,ebook,,0.0,manual,,,views are low for the subscriber count; monetized but missing at least one High criterion,True,0,True,True,2026-10-06T04:33:25+00:00
Denver7,https://www.youtube.com/@Denver7,,No,none,,0,624000,Mid,,,,,,,,,UC-2MJlKSq9_pYk5-bdvMhnw,8,0,0,,0.0,True,False,ebook,,0.0,manual,,,views are low for the subscriber count; monetized but missing at least one High criterion,True,0,True,True,2026-10-06T04:49:32+00:00
Dr. Plants,https://www.youtube.com/@DrPlants,,No,none,,66500000,5890000,Low,,,,,,,,,UCYmna5rFHIesFteksAvFOfg,0,122,76500000,1.01,11.2903,True,False,ebook,,0.0,manual,https://www.youtube.com/watch?v=QTH9m6MDIfc,https://www.youtube.com/watch?v=BthfXVCRWEQ,rare uploads; stale channel; no clear niche,False,12,True,True,2026-10-06T04:53:52+00:00
Niko Omilana,https://www.youtube.com/@Niko,NikoEnquiries@gmail.com,No,none,food,15073333,9000000,Low,,,,,,,,,UCdcUmdOxMrhRjKMw-BX19AA,2,5,10000000,0.64,1.6748,False,False,,,0.25,channel_description,https://www.youtube.com/watch?v=Uv2CFRhVbiU,https://www.youtube.com/watch?v=umNjlp2LObM,no monetization found; rare uploads; no clear niche,False,15,True,True,2026-10-06T04:20:13+00:00
ErikTheElectric,https://www.youtube.com/@ErikTheElectric,,Yes,merch,nutrition,9806666,5410000,Low,,,,,,,,,UC6huXz0F6-7KA7-mW0jdejA,1,61,7900000,0.31,1.8127,True,False,merch,,0.44,manual,https://www.youtube.com/watch?v=q8Gi2DS4L34,https://www.youtube.com/watch?v=Lm-jHy06Zr8,rare uploads; stale channel; no clear niche,False,15,True,True,2026-10-06T04:44:48+00:00
Ryan Trahan,https://www.youtube.com/@ryan,hi@trahan.co,No,none,travel,10806666,24000000,Low,,,,,,,,,UCnmGIkw-KdI0W5siakKPKog,2,21,7700000,0.28,0.4503,False,False,,,1.0,channel_description,https://www.youtube.com/watch?v=mViuRAt-pWc,https://www.youtube.com/watch?v=z2SPBQMrye8,no monetization found; rare uploads,False,15,True,True,2026-10-06T04:20:44+00:00
KFoltyn,https://www.youtube.com/@foltynOfficial,,No,none,food,6846666,3510000,Low,,,,,,,,,UCoYsNzzRP22LD2SR_J539KQ,7,5,5800000,0.92,1.9506,False,False,,,0.57,manual,https://www.youtube.com/watch?v=ppyAt9MPmYI,https://www.youtube.com/watch?v=Ppo52dRYR8c,no monetization found; no clear niche,False,15,True,True,2026-10-06T04:47:14+00:00
Jack Pembrook,https://www.youtube.com/@jackpembrook,Jack.Pembrook@night.co,No,none,food,4814266,2350000,Low,,,,,,,,,UCm3T3KS21z4d77tt081bVRQ,4,8,5600000,0.51,2.0486,False,False,,,0.5,channel_description,https://www.youtube.com/watch?v=lepGpXDhHMA,https://www.youtube.com/watch?v=2G9Wu6IKNy8,no monetization found; no clear niche,False,15,True,True,2026-10-06T04:23:13+00:00
SunnyV2,https://www.youtube.com/@SunnyV2,,No,none,tech,4940000,4410000,Low,,,,,,,,,UCuF49lP5gkkw5L8HK3H6GJg,0,365,4600000,1.49,1.1202,False,False,,,1.0,manual,https://www.youtube.com/watch?v=28IOW-ZhZgk,https://www.youtube.com/watch?v=fwUnwrITse4,no monetization found; rare uploads; stale channel,False,15,True,True,2026-10-06T04:45:11+00:00
emma chamberlain,https://www.youtube.com/@emmachamberlain,,No,none,,4613333,12000000,Low,,,,,,,,,UC78cxCAcp7JfQPgKxYdyGrg,0,274,4600000,1.39,0.3844,False,False,,,0.0,manual,https://www.youtube.com/watch?v=-gBfn6LBh-E,https://www.youtube.com/watch?v=MD35zQk7xYs,no monetization found; rare uploads; stale channel; no clear niche,False,15,True,True,2026-10-06T04:51:29+00:00
Vsauce,https://www.youtube.com/@Vsauce,,No,none,,13130769,25200000,Low,,,,,,,,,UC6nSFpj9HTCZ5t-N3Rm3-HA,0,365,4400000,1.01,0.5211,True,False,ebook,,0.0,manual,https://www.youtube.com/watch?v=U3lWVLuc6CE,https://www.youtube.com/watch?v=QDCcuCHOIyY,one video is carrying the average; rare uploads; stale channel; no clear niche,True,15,True,True,2026-10-06T04:56:07+00:00
WillNE,https://www.youtube.com/@WillNE,enquiries@willne.com,No,none,travel,4719999,5350000,Low,,,,,,,,,UCaFUrR3oSxOl5Y9y6tvLTEg,2,0,3800000,1.1,0.8822,False,False,,,0.6,channel_description,https://www.youtube.com/watch?v=h0yU1Px1PVY,https://www.youtube.com/watch?v=bYdg2Iyq8cw,no monetization found; rare uploads,False,15,True,True,2026-10-06T04:33:11+00:00
Garrett Watts,https://www.youtube.com/@GarrettWatts,,No,none,travel,4040000,3210000,Low,,,,,,,,,UCbYzlEUtmKsvkzyVm6rPPlQ,1,3,3700000,2.6,1.2586,False,False,,,0.5,manual,https://www.youtube.com/watch?v=0wpddZjCuiI,https://www.youtube.com/watch?v=STqVvQIF_CU,no monetization found; rare uploads; no clear niche,False,15,True,True,2026-10-06T04:54:52+00:00
4fun,https://www.youtube.com/@4funguys,4fun@night.co,No,none,food,3853333,2780000,Low,,,,,,,,,UCX0Ic7wWe0v5je_RlR1aMRw,5,4,2900000,0.74,1.3861,False,False,,,0.5,channel_description,https://www.youtube.com/watch?v=0XG7ZGh3lvI,https://www.youtube.com/watch?v=101vqHm6tMM,no monetization found; no clear niche,False,15,True,True,2026-10-06T04:29:09+00:00
Ted Nivison,https://www.youtube.com/@TedNivison,,No,none,food,4073333,2400000,Low,,,,,,,,,UCJGgP4txIUr_7JTDvOGVQrA,1,61,2800000,1.29,1.6972,False,False,link hub: linktr.ee,,0.4,manual,https://www.youtube.com/watch?v=hxH1f9CPgeM,https://www.youtube.com/watch?v=xLrp_VoXbck,no monetization found; rare uploads; stale channel; no clear niche,False,15,True,True,2026-10-06T04:54:28+00:00
pierson,https://www.youtube.com/@pierson,,No,none,travel,2142800,7320000,Low,,,,,,,,,UCVAbWl3d3XuHY28wU9DoDpA,9,14,2000000,1.68,0.2927,False,False,,,0.5,manual,https://www.youtube.com/watch?v=Au6jd_W_9Fc,https://www.youtube.com/watch?v=Au6jd_W_9Fc,no monetization found; no clear niche,False,15,True,True,2026-10-06T04:51:22+00:00
LivingBobby,https://www.youtube.com/@LivingBobby,partnerships@living-bobby.com,No,none,travel,2043466,2870000,Low,,,,,,,,,UCJnih3sPUFF4BvAD08CMRJw,2,30,1500000,1.26,0.712,False,False,,,0.57,channel_description,https://www.youtube.com/watch?v=Ab3ekUE4aC8,https://www.youtube.com/watch?v=0LexIVAJ2q8,no monetization found; rare uploads; no clear niche,False,15,True,True,2026-10-06T04:24:15+00:00
JStu,https://www.youtube.com/@MoreJStu,Jstu@delkatalents.com,No,none,travel,1796266,8620000,Low,,,,,,,,,UCZpRTwgtk1H0cUAWrHZ1gzg,0,244,1500000,2.2,0.2084,False,False,,,1.0,channel_description,https://www.youtube.com/watch?v=YfMGVmwKoo8,https://www.youtube.com/watch?v=YxCpnOkwZsM,no monetization found; rare uploads; stale channel,False,15,True,True,2026-10-06T04:24:23+00:00
Ludwig,https://www.youtube.com/@ludwig,,No,none,,1560066,7080000,Low,,,,,,,,,UCrPseYLGpNygVi34QpGNqpA,19,4,1200000,0.62,0.2203,False,False,,,0.0,manual,https://www.youtube.com/watch?v=x7TjKQx9mFg,https://www.youtube.com/watch?v=iWkM5kEH9PM,no monetization found; no clear niche,False,15,True,True,2026-10-06T04:24:54+00:00
Jynxzi Live,https://www.youtube.com/@MoreJynxzi,oJynxzi@gmail.com,No,none,tech,1066200,2130000,Low,,,,,,,,,UCyNzZ1wgkOWkzYE0zbs7zhA,30,2,1000000,0.95,0.5006,False,False,,,0.5,channel_description,https://www.youtube.com/watch?v=62mCDcM0imU,https://www.youtube.com/watch?v=p0oi_Qc0iBA,no monetization found; no clear niche,False,15,True,True,2026-10-06T04:33:40+00:00
brada011,https://www.youtube.com/@brada011,,No,none,,907000,759,Low,,,,,,,,,UCuIvEqU-XLCKQkiklC2nnIw,0,3652,907000,,1194.9934,False,False,,,0.0,manual,https://www.youtube.com/watch?v=MEhSk71gUCQ,https://www.youtube.com/watch?v=MEhSk71gUCQ,no monetization found; rare uploads; stale channel; no clear niche,False,1,True,True,2026-10-06T04:55:51+00:00
Carter Kench,https://www.youtube.com/@CarterKench,,No,none,lifestyle_vlog,986800,6690000,Low,,,,,,,,,UCs0YbZMZhcK1-zlnquUmXzQ,14,3,892000,0.99,0.1475,False,False,,,0.5,manual,https://www.youtube.com/watch?v=yE4NPEFdEIc,https://www.youtube.com/watch?v=pTIw5bZxs7A,no monetization found; no clear niche,False,15,True,True,2026-10-06T04:51:38+00:00
Morgz,https://www.youtube.com/@Morgz,business@morgz.co,Yes,merch,martial_arts,978866,12500000,Low,,,,,,,,,UCBwSufNse8VMBvQM_rCSvgQ,0,365,823000,0.94,0.0783,True,False,merch,,0.5,video_description,https://www.youtube.com/watch?v=Ms-qh-X5O-I,https://www.youtube.com/watch?v=fU0BdYta3ok,rare uploads; stale channel; no clear niche,False,15,True,True,2026-10-06T04:22:31+00:00
Scott Kress,https://www.youtube.com/@scottkress_,scott@palettemgmt.com,No,none,,881333,1720000,Low,,,,,,,,,UCHeynYV8P6GLaJzmZ1j5z-Q,10,2,788000,0.71,0.5124,False,False,,,0.0,channel_description,https://www.youtube.com/watch?v=gzJPvXUstKg,https://www.youtube.com/watch?v=gzJPvXUstKg,no monetization found; no clear niche,False,15,True,True,2026-10-06T04:51:06+00:00
Hudson Matter,https://www.youtube.com/@HudsonMatter,hudsonmatter@delkatalents.com,No,none,business,1289666,2220000,Low,,,,,,,,,UCu-U_yJtljZUrDtyBMKbCvQ,0,365,605000,0.52,0.5809,False,False,,,0.5,channel_description,https://www.youtube.com/watch?v=RpZx2iEdRyE,https://www.youtube.com/watch?v=rPIyXMAHIcg,one video is carrying the average; no monetization found; rare uploads; stale channel; no clear niche,True,15,True,True,2026-10-06T04:51:45+00:00
What Would You Do?,https://www.youtube.com/@WhatWouldYouDo,,No,none,fitness,708133,6240000,Low,,,,,,,,,UCwdo8-3UrfZ9scHPl0m4Ysg,0,274,515000,0.42,0.1135,True,False,ebook,,0.4,manual,https://www.youtube.com/watch?v=Jq__RHuiGsI,https://www.youtube.com/watch?v=TNpdNJU193o,rare uploads; stale channel; no clear niche,False,15,True,True,2026-10-06T04:55:37+00:00
Nicolas Berndt,https://www.youtube.com/@nicolasberndt,,No,none,fitness,681866,531000,Low,,,,,,,,,UCo8Pn9wIgqWgsgw35h2HKdA,1,5,438000,1.35,1.2841,False,False,,,0.6,manual,https://www.youtube.com/watch?v=qzfS3BvspuE,https://www.youtube.com/watch?v=wdOP-EF1Ls0,no monetization found; rare uploads,False,15,True,True,2026-10-06T04:53:15+00:00
PBD Podcast,https://www.youtube.com/@VALUETAINMENT,,No,none,business,447400,2970000,Low,,,,,,,,,UCGX7nGXpz-CmO_Arg-cgJ7A,13,4,426000,1.42,0.1506,False,False,,,0.5,manual,https://www.youtube.com/watch?v=KYC016Mzopk,https://www.youtube.com/watch?v=0eWJ0ZdkhJg,no monetization found; no clear niche,False,15,True,True,2026-10-06T04:50:11+00:00
Killem,https://www.youtube.com/@Killem,,No,none,travel,434866,2440000,Low,,,,,,,,,UCOmgFmujG7IRrz4zeDfi-YQ,6,3,389000,1.09,0.1782,False,False,,,0.4,manual,https://www.youtube.com/watch?v=qIuQpSavfpU,https://www.youtube.com/watch?v=rg9HletTfnU,no monetization found; no clear niche,False,15,True,True,2026-10-06T04:21:44+00:00
The Bear Essentials,https://www.youtube.com/@TheBearEssentials,,No,none,outdoors,473333,1510000,Low,,,,,,,,,UCmT69Nr6zmp4DMW3IZee6zw,1,28,295000,8.24,0.3135,False,False,,,0.57,manual,https://www.youtube.com/watch?v=Bbnmj8CEJ8o,https://www.youtube.com/watch?v=Lja-zfAVSCA,no monetization found; rare uploads; no clear niche,False,15,True,True,2026-10-06T04:43:39+00:00
Fozo,https://www.youtube.com/@FoZoOfficial,,No,none,,462133,1400000,Low,,,,,,,,,UC4NKi3-86NdHPiVz5QqDN9g,5,14,290000,0.91,0.3301,False,False,,,0.0,manual,https://www.youtube.com/watch?v=M2VNUW9ddCo,https://www.youtube.com/watch?v=vlNZ_PLBldo,no monetization found; no clear niche,False,15,True,True,2026-10-06T04:54:12+00:00
Sierra Schultzzie,https://www.youtube.com/@SierraSchultzzie,Sierra@sixsevenmedia.com,No,none,tech,137866,1110000,Low,,,,,,,,,UCyKlcayeNPgJ_05ItVRLy2g,0,365,133000,1.23,0.1242,False,False,,,0.4,channel_description,https://www.youtube.com/watch?v=FMidvncwegw,https://www.youtube.com/watch?v=0uUki1s8P7Y,no monetization found; rare uploads; stale channel; no clear niche,False,15,True,True,2026-10-06T04:39:42+00:00
Doctor Alex,https://www.youtube.com/@DrAlexWibberley,,No,none,food,194933,569000,Low,,,,,,,,,UCGLAPJjQh7ege-N08u_GZrg,30,1,122000,0.16,0.3426,False,False,,,0.57,manual,https://www.youtube.com/watch?v=ODC9nu9Xr9E,https://www.youtube.com/watch?v=mXRUwsY5l2M,no monetization found; no clear niche,False,15,True,True,2026-10-06T04:35:34+00:00
TreeMan,https://www.youtube.com/@TreeMan,,No,none,tech,242400,3170000,Low,,,,,,,,,UCzc59v10qvwWRPrYoWUKEvQ,0,365,122000,1.06,0.0765,False,False,,,1.0,manual,https://www.youtube.com/watch?v=D7WVU1MfO6U,https://www.youtube.com/watch?v=D7WVU1MfO6U,no monetization found; rare uploads; stale channel,False,15,True,True,2026-10-06T04:55:59+00:00
David Rule,https://www.youtube.com/@davidmrule,,No,none,travel,1301733,833000,Low,,,,,,,,,UCIEcomD6jGjTMD4UCIx1dGQ,0,91,97000,0.28,1.5627,False,False,,,0.82,manual,https://www.youtube.com/watch?v=SQMfJDvlfPM,https://www.youtube.com/watch?v=BIZorMuD0vE,one video is carrying the average; no monetization found; rare uploads; stale channel,True,15,True,True,2026-10-06T04:43:46+00:00
NEXT Workout,https://www.youtube.com/@igorvoitenko4real,,No,none,fitness,139600,2890000,Low,,,,,,,,,UC_nfjMmJlJXrhl2xbP9wgRA,1,61,95000,1.61,0.0483,False,False,,,0.57,manual,https://www.youtube.com/watch?v=uJnQTO4Sceg,https://www.youtube.com/watch?v=_dbg6HYJcO0,no monetization found; rare uploads; stale channel; no clear niche,False,15,True,True,2026-10-06T04:37:00+00:00
Hybrid Calisthenics,https://www.youtube.com/@HybridCalisthenics,,No,none,lifestyle_vlog,109466,4470000,Low,,,,,,,,,UCeJFgNahi--FKs0oJyeRDEw,0,122,76000,0.33,0.0245,True,False,program; ebook; link hub: linktr.ee,,0.25,manual,https://www.youtube.com/watch?v=CGAqIFxl43Q,https://www.youtube.com/watch?v=DKUQobtM-qQ,views are low for the subscriber count; rare uploads; stale channel; no clear niche,True,15,True,True,2026-10-06T04:32:17+00:00
find404,https://www.youtube.com/@find404,,No,none,running_endurance,1905636,335000,Low,,,,,,,,,UCywgAD0hS71ILnNWkOGfdBQ,0,183,54000,0.05,5.6885,False,False,,,0.4,manual,https://www.youtube.com/watch?v=5fEkpdgMPAY,https://www.youtube.com/watch?v=vWU5O7cK7aI,one video is carrying the average; no monetization found; rare uploads; stale channel; no clear niche,True,11,True,True,2026-10-06T04:33:32+00:00
TFG Vlogs,https://www.youtube.com/@TFGVlogs,,No,none,travel,119000,1320000,Low,,,,,,,,,UC1KEUx2QaKBYmsPLfjOB_8w,13,1,41000,3.82,0.0902,False,False,,,0.33,manual,https://www.youtube.com/watch?v=qvuNVV5u8zI,https://www.youtube.com/watch?v=D0y0QaDN_1k,one video is carrying the average; no monetization found; no clear niche,True,15,True,True,2026-10-06T04:20:36+00:00
Harris Heller,https://www.youtube.com/@harrisheller,,Yes,community_or_membership,food,32166,83600,Low,,,,,,,,,UCVpO-u5394IXxcsLfRXsrMQ,0,213,32500,,0.3848,True,False,patreon.com,,0.5,manual,https://www.youtube.com/watch?v=m7JDKmBk6Aw,https://www.youtube.com/watch?v=m7JDKmBk6Aw,rare uploads; stale channel; no clear niche,False,6,True,True,2026-10-06T04:35:26+00:00
Kerr Rawden,https://www.youtube.com/@Kerr.Rawden,kerrbearadventure@gmail.com,No,none,finance,38133,52600,Low,,,,,,,,,UC3TRFfFX4qJ13q0LIBbPXtg,0,244,30000,1.17,0.725,False,False,,,0.46,channel_description,https://www.youtube.com/watch?v=nilpSbl4usc,https://www.youtube.com/watch?v=ANShXMkxZ7s,no monetization found; rare uploads; stale channel; no clear niche,False,15,True,True,2026-10-06T04:20:21+00:00
Muhammad Journey,https://www.youtube.com/@Muhammadjourney05,muhammadjourneybusiness@gmail.com,No,none,travel,35333,72700,Low,,,,,,,,,UCSl7G7Mrqrbv8kYcxMMCDTw,7,0,25000,1.04,0.486,False,False,,,0.56,channel_description,https://www.youtube.com/watch?v=Gl3pB680AOM,https://www.youtube.com/watch?v=8ejugKMEejA,no monetization found; no clear niche,False,15,True,True,2026-10-06T04:20:51+00:00
American High,https://www.youtube.com/@americanhighshorts,,No,none,,27900,4440000,Low,,,,,,,,,UCrMabu7HclTiDf5ZAgjHxqQ,12,3,16000,0.94,0.0063,False,False,,,0.0,manual,https://www.youtube.com/watch?v=5bHVs55VRV4,https://www.youtube.com/watch?v=5GneWbVZvIM,views are low for the subscriber count; no monetization found; no clear niche,True,15,True,True,2026-10-06T04:49:20+00:00
Michaela Dickson,https://www.youtube.com/@michaeladickson,,No,none,travel,14820,33300,Low,,,,,,,,,UCn2glH2zy3cxHUbw998mI-A,4,7,14000,1.15,0.445,False,False,,,0.33,manual,https://www.youtube.com/watch?v=z_7Q3wbY5io,https://www.youtube.com/watch?v=WDCEyh_nebI,no monetization found; no clear niche,False,15,True,True,2026-10-06T04:39:49+00:00
Caleger,https://www.youtube.com/@CaIeger,,No,none,food,13000,9110,Low,,,,,,,,,UCU-wTXN9eMdiwiU-ESvDuyg,0,213,13000,,1.427,False,False,,,1.0,manual,https://www.youtube.com/watch?v=EZmDSWS_uws,https://www.youtube.com/watch?v=EZmDSWS_uws,no monetization found; rare uploads; stale channel,False,1,True,True,2026-10-06T04:26:47+00:00
Gunther Too,https://www.youtube.com/@GuntherToo,,No,none,fitness,10650,15100,Low,,,,,,,,,UCGr3th9WISv-TcHL8Df41fQ,0,365,10650,,0.7053,False,False,,,1.0,manual,https://www.youtube.com/watch?v=bsb2C25c3Xc,https://www.youtube.com/watch?v=bsb2C25c3Xc,no monetization found; rare uploads; stale channel,False,2,True,True,2026-10-06T04:36:12+00:00
Freedom,https://www.youtube.com/@alexanderjamestravel,Chelsey@smallscreenmarketing.com,No,none,travel,31646,122000,Low,,,,,,,,,UCXPzNYnckscfk3Q8_4sMYkQ,0,365,8700,0.17,0.2594,False,False,,,0.5,channel_description,https://www.youtube.com/watch?v=riBVoiLB90I,https://www.youtube.com/watch?v=TxlZyOBE60s,one video is carrying the average; no monetization found; rare uploads; stale channel; no clear niche,True,15,True,True,2026-10-06T04:25:40+00:00
Elijah Orr,https://www.youtube.com/@elijahorr,,No,none,fitness,8793,44100,Low,,,,,,,,,UC2xCiwFqaYTmweSJ7p2UzcA,0,365,7600,1.97,0.1994,False,False,,,0.79,manual,https://www.youtube.com/watch?v=o8r6PiL6-7Y,https://www.youtube.com/watch?v=CqkE_zQAiGk,no monetization found; rare uploads; stale channel,False,15,True,True,2026-10-06T04:38:39+00:00
FestivalStyled,https://www.youtube.com/@FestivalStyled,,No,none,lifestyle_vlog,7840,17500,Low,,,,,,,,,UCLES2HXocflOB2W2MFquLTQ,3,7,7100,0.77,0.448,False,False,link hub: linktr.ee,,0.33,manual,https://www.youtube.com/watch?v=nSJgEAQpLOw,https://www.youtube.com/watch?v=6-kLe_aYPNk,no monetization found; no clear niche,False,15,True,True,2026-10-06T04:48:56+00:00
Last Flight Out,https://www.youtube.com/@Last_Flight_Out,,No,none,travel,10867,5970,Low,,,,,,,,,UClhfw0H1icGmvK9K1K9qV5Q,0,274,4200,0.38,1.8203,False,False,,,0.89,manual,https://www.youtube.com/watch?v=wtsUiUANWQ4,https://www.youtube.com/watch?v=wtsUiUANWQ4,one video is carrying the average; no monetization found; rare uploads; stale channel,True,15,True,True,2026-10-06T04:26:24+00:00
max tabakin,https://www.youtube.com/@maxtabakin,,No,none,travel,19389,5850,Low,,,,,,,,,UCZvZs_I9riwnU-94uknGcaw,0,14,3934,11.32,3.3144,False,False,,,1.0,manual,https://www.youtube.com/watch?v=LxIr_V1itgw,https://www.youtube.com/watch?v=mEOtqe6uzmc,one video is carrying the average; no monetization found; rare uploads,True,8,True,True,2026-10-06T04:20:06+00:00
Alaias Fittz,https://www.youtube.com/@AlaiasFittz,mgt@thehealthcompany.studio,No,none,fitness,8293,117000,Low,,,,,,,,,UCOmXfX6mwaEtTAVXkzpdhvQ,2,2,3900,1.05,0.0709,False,False,link hub: komi.io,,0.38,channel_description,https://www.youtube.com/watch?v=mDTVinKCdjw,https://www.youtube.com/watch?v=wzuwP3UlU4Q,one video is carrying the average; no monetization found; rare uploads; no clear niche,True,15,True,True,2026-10-06T04:35:49+00:00
Debt2None™️,https://www.youtube.com/@debt2none,,No,none,finance,34365,16000,Low,,,,,,,,,UCiAKjq0AJgTxfpKzO00xghg,0,365,3600,0.41,2.1478,False,False,,,1.0,manual,https://www.youtube.com/watch?v=P5vVwaOt-_Y,https://www.youtube.com/watch?v=BqtETVauP_k,one video is carrying the average; no monetization found; rare uploads; stale channel,True,15,True,True,2026-10-06T04:50:51+00:00
The Doctors,https://www.youtube.com/@TheDoctors,,No,none,fitness,7700,1960000,Low,,,,,,,,,UCjH0RBT-7QhpSgLFnPLgD0Q,0,1461,3100,0.91,0.0039,True,False,ebook,,0.5,manual,https://www.youtube.com/watch?v=BFp_m_palUE,https://www.youtube.com/watch?v=yDu2BpmTWLw,one video is carrying the average; views are low for the subscriber count; rare uploads; stale channel; no clear niche,True,15,True,True,2026-10-06T04:52:21+00:00
Valerie,https://www.youtube.com/@imvaleriewan,,No,none,food,83346,11400,Low,,,,,,,,,UC_5gqHKZDqAHuqHE7POhS7A,1,30,2900,0.81,7.3111,False,False,,,0.5,manual,https://www.youtube.com/watch?v=pd9rW_NJcc4,https://www.youtube.com/watch?v=J-qK2avuitc,one video is carrying the average; no monetization found; rare uploads; no clear niche,True,15,True,True,2026-10-06T04:35:12+00:00
Ashlin Mahoney,https://www.youtube.com/@ashlinmahoney,,No,none,food,7893,9200,Low,,,,,,,,,UCF30P8Ws1IuY0nhSIYFFQmw,1,30,2700,2.21,0.8579,False,False,,,0.5,manual,https://www.youtube.com/watch?v=gm8ExLWyVGQ,https://www.youtube.com/watch?v=f1m5YGhVZlM,one video is carrying the average; no monetization found; rare uploads; no clear niche,True,15,True,True,2026-10-06T04:26:09+00:00
Easton Simpson,https://www.youtube.com/@esimps,Easton@davatalent.com,No,none,travel,7343,72800,Low,,,,,,,,,UCFaybk5QBCzBUsiL-3vIufw,2,30,2600,0.53,0.1009,False,False,,,0.5,video_description,https://www.youtube.com/watch?v=6JMbF4RkBX8,https://www.youtube.com/watch?v=TtVPZcjPcQ4,one video is carrying the average; no monetization found; rare uploads; no clear niche,True,15,True,True,2026-10-06T04:52:28+00:00
Wolf's Call,https://www.youtube.com/@pescatariancashewnuts8761,,No,none,,2400,8910,Low,,,,,,,,,UCBcZnLIjO6joXZlckOKFqpA,0,3287,2400,,0.2694,False,False,,,0.0,manual,https://www.youtube.com/watch?v=ZmpkUYqxI3k,https://www.youtube.com/watch?v=ZmpkUYqxI3k,no monetization found; rare uploads; stale channel; no clear niche,False,1,True,True,2026-10-06T04:55:44+00:00
Karen Belen,https://www.youtube.com/@kar_bel,,No,none,food,4511,533,Low,,,,,,,,,UCU3k-2zwCLXlOGzCmT-0-ag,1,30,1107,15.62,8.4634,False,False,,,0.4,manual,https://www.youtube.com/watch?v=Tb5g6bL6FFo,https://www.youtube.com/watch?v=KXzNAkM9JY8,one video is carrying the average; no monetization found; rare uploads; no clear niche,True,8,True,True,2026-10-06T04:31:23+00:00
GarettBearenger,https://www.youtube.com/@GarettBearenger,,No,none,fitness,18252,6430,Low,,,,,,,,,UC4aWj7pnKGsNAnA4brBNIYQ,0,304,1000,0.44,2.8386,False,False,,,0.43,manual,https://www.youtube.com/watch?v=XV5n-jAFM5M,https://www.youtube.com/watch?v=7Ho6G0Ezy-c,one video is carrying the average; no monetization found; rare uploads; stale channel; no clear niche,True,15,True,True,2026-10-06T04:29:50+00:00
ItsMattG,https://www.youtube.com/@IAmMattg,Itsmattgproduction@gmail.com,No,none,tech,6137,8580,Low,,,,,,,,,UCvMvWPNLGZ2hPrYmlFashpA,2,8,1000,0.5,0.7153,False,False,,,0.44,channel_description,https://www.youtube.com/watch?v=67A--Lc0rAM,https://www.youtube.com/watch?v=WZaaygcQtuY,one video is carrying the average; no monetization found; rare uploads; no clear niche,True,15,True,True,2026-10-06T04:39:27+00:00
basic,https://www.youtube.com/@MrRoblox-fw7od,,No,none,,855,2,Low,,,,,,,,,UCa3L39L6AmoETSaQsjRvMKQ,0,152,855,,427.5,False,False,,,0.0,manual,https://www.youtube.com/watch?v=16D0uCsPg2E,https://www.youtube.com/watch?v=16D0uCsPg2E,no monetization found; rare uploads; stale channel; no clear niche; low views,False,1,True,True,2026-10-06T04:28:32+00:00
Jack Clancy,https://www.youtube.com/@JackClancy296,,No,none,fitness,1958,2940,Low,,,,,,,,,UCyn9n8Kbfl61xr4yRre1kGg,0,1826,844,0.39,0.666,False,False,,,0.38,manual,https://www.youtube.com/watch?v=OjcCdtkedxw,https://www.youtube.com/watch?v=VGa398IYBhI,one video is carrying the average; no monetization found; rare uploads; stale channel; no clear niche; low views,True,15,True,True,2026-10-06T04:36:36+00:00
Optimist,https://www.youtube.com/@Optimist,,No,none,food,27328,11700,Low,,,,,,,,,UCYTwCNZG6lChfNO252Vyl3A,0,122,714,0.66,2.3357,True,False,ebook; link hub: linktr.ee,$1,0.75,manual,https://www.youtube.com/watch?v=PpVyRGJywfQ,https://www.youtube.com/watch?v=T4QiSilstV0,one video is carrying the average; rare uploads; stale channel; low views,True,9,True,True,2026-10-06T04:28:03+00:00
Scott Schroeder,https://www.youtube.com/@scott_schroeder,,No,affiliate_only,running_endurance,1834,4300,Low,,,,,,,,,UCygqV0TLaCFcN1KWQwWGxeg,0,365,697,1.76,0.4265,True,False,affiliate,,0.33,manual,https://www.youtube.com/watch?v=jBAmNjhB6j4,https://www.youtube.com/watch?v=LyjGKPQmQOU,one video is carrying the average; rare uploads; stale channel; no clear niche; low views,True,15,True,True,2026-10-06T04:32:09+00:00
Matty Gitli,https://www.youtube.com/@mattygitli,,No,none,running_endurance,3669,904,Low,,,,,,,,,UCEsy-u-4R5Kj-UA16nKZkCQ,0,730,619,0.47,4.0586,False,False,,,0.4,manual,https://www.youtube.com/watch?v=PvaoyEcvw84,https://www.youtube.com/watch?v=RQtOLMkpd1w,one video is carrying the average; no monetization found; rare uploads; stale channel; no clear niche; low views,True,15,True,True,2026-10-06T04:29:43+00:00
Jamie Does Life,https://www.youtube.com/@Jamie_Does_Life,,No,none,travel,1601,1740,Low,,,,,,,,,UC4q4vTxNM9F5qb76O46TVpg,3,14,520,1.44,0.9201,False,False,,,1.0,manual,https://www.youtube.com/watch?v=PNc7Z5z2xXM,https://www.youtube.com/watch?v=XXGR8Y4buwE,one video is carrying the average; no monetization found; low views,True,15,True,True,2026-10-06T04:23:35+00:00
PJ,https://www.youtube.com/@pj4452,,No,none,outdoors,5556,448,Low,,,,,,,,,UCDpwruR7I2grC0z6pqRnMRQ,1,21,514,1.3,12.4018,False,False,,,0.67,manual,https://www.youtube.com/watch?v=ovcdF8yBR9c,https://www.youtube.com/watch?v=hjB8iJB5Koc,one video is carrying the average; no monetization found; rare uploads; low views,True,15,True,True,2026-10-06T04:25:33+00:00
Fruitless Adventures,https://www.youtube.com/@fruitlessadventures,,No,none,travel,7787,4270,Low,,,,,,,,,UCzkH-C5Sx3tGtSNex5nbayA,2,21,505,0.54,1.8237,False,False,,,0.67,manual,https://www.youtube.com/watch?v=BM7nv_qTeM0,https://www.youtube.com/watch?v=JHyx1jgdv9U,one video is carrying the average; no monetization found; rare uploads; low views,True,15,True,True,2026-10-06T04:25:55+00:00
Walking wild camping uk,https://www.youtube.com/@Walkingwildcampinguk,themossmonoutdoors@gmail.com,No,none,outdoors,433,1790,Low,,,,,,,,,UCwb2pFhU4EAuK7e2BeSwF-g,0,122,414,0.33,0.2419,False,False,,,1.0,channel_description,https://www.youtube.com/watch?v=uASA_lWktRo,https://www.youtube.com/watch?v=uKB1z0Z1Dtg,no monetization found; rare uploads; stale channel; low views,False,15,True,True,2026-10-06T04:42:27+00:00
iRunOnBeer,https://www.youtube.com/@iRunOnBeer,,Yes,merch,running_endurance,1895,2440,Low,,,,,,,,,UCitWarP6PymHbHAkkUE3W6g,0,730,392,0.28,0.7766,True,False,merch; amzn.to; affiliate,,0.46,manual,https://www.youtube.com/watch?v=dHiHXLcOaPs,https://www.youtube.com/watch?v=RVw5tZj-hkM,one video is carrying the average; rare uploads; stale channel; no clear niche; low views,True,15,True,True,2026-10-06T04:33:47+00:00
Lunch Money,https://www.youtube.com/@lunchmoneyapp,,No,none,finance,597,2280,Low,,,,,,,,,UCTE1dcIvYtyjEGvoPb5SC7A,0,91,343,1.78,0.2618,False,False,,,1.0,manual,https://www.youtube.com/watch?v=cAVsPZwltDk,https://www.youtube.com/watch?v=vET5abZhjFY,no monetization found; rare uploads; stale channel; low views,False,15,True,True,2026-10-06T04:49:04+00:00
Cole Hershner,https://www.youtube.com/@colehershner,,No,none,food,552,9160,Low,,,,,,,,,UC2iEH2ZkbZ0AGb08YYp13Yw,1,30,330,0.88,0.0603,False,False,,,0.67,manual,https://www.youtube.com/watch?v=YQzgioXTf2s,https://www.youtube.com/watch?v=fFJKRkLXy2A,no monetization found; rare uploads; low views,False,15,True,True,2026-10-06T04:37:15+00:00
Lani & Mick,https://www.youtube.com/@lani_mick,,No,none,lifestyle_vlog,846,2140,Low,,,,,,,,,UCgu0pjeyxiY8FR1qAH60gVw,7,11,313,0.92,0.3953,False,False,,,0.54,manual,https://www.youtube.com/watch?v=Pk6vwQdpn5s,https://www.youtube.com/watch?v=ogeMHO0Uuus,one video is carrying the average; no monetization found; no clear niche; low views,True,15,True,True,2026-10-06T04:39:34+00:00
Scott Hickenlooper,https://www.youtube.com/@scotthickenlooper,,No,none,lifestyle_vlog,955,687,Low,,,,,,,,,UCrXsrZsefp3EywuKLrMgnPA,0,152,280,0.66,1.3901,True,False,ebook,,0.67,manual,https://www.youtube.com/watch?v=BCw0APw46T4,https://www.youtube.com/watch?v=wWHptPIHcek,one video is carrying the average; rare uploads; stale channel; low views,True,15,True,True,2026-10-06T04:34:33+00:00
Rhi and Pete,https://www.youtube.com/@RhiandPete,,No,none,travel,378,230,Low,,,,,,,,,UCyrD33CAENMTOfkleylA69Q,0,1096,234,3.15,1.6435,False,False,,,1.0,manual,https://www.youtube.com/watch?v=Ke83TFCHYgU,https://www.youtube.com/watch?v=Ke83TFCHYgU,no monetization found; rare uploads; stale channel; low views,False,15,True,True,2026-10-06T04:52:00+00:00
Naj Ibra,https://www.youtube.com/@naj_ibra,,No,none,tech,901,797,Low,,,,,,,,,UCVEXNdEXYmMqmTl_zRa399Q,4,13,171,0.32,1.1305,False,False,,,0.23,manual,https://www.youtube.com/watch?v=o0GqZJEx3rY,https://www.youtube.com/watch?v=3wyw3aiIGwQ,one video is carrying the average; no monetization found; no clear niche; low views,True,15,True,True,2026-10-06T04:30:59+00:00
Ryan Jessie Saldaña,https://www.youtube.com/@ryanjessiesaldana5850,rjbsaldana.ca@gmail.com,No,none,,156,8,Low,,,,,,,,,UCpBnHLGMP0hfxZ39tQn2W3Q,0,3287,156,,19.5,False,False,,,0.0,channel_description,https://www.youtube.com/watch?v=DL4eSoscokM,https://www.youtube.com/watch?v=DL4eSoscokM,no monetization found; rare uploads; stale channel; no clear niche; low views,False,2,True,True,2026-10-06T04:25:25+00:00
AJT Productions,https://www.youtube.com/@AJTProductionsUK,,No,none,outdoors,223,208,Low,,,,,,,,,UCHs4kPceV-FvyZfplmkE6hg,8,2,152,2.98,1.0721,False,False,,,0.5,manual,https://www.youtube.com/watch?v=4qxoAqbnUnE,https://www.youtube.com/watch?v=F6hZ9pCgJ1U,no monetization found; no clear niche; low views,False,15,True,True,2026-10-06T04:42:03+00:00
zach salek,https://www.youtube.com/@zachsalek,,No,none,lifestyle_vlog,164,3040,Low,,,,,,,,,UC5A99PvIe_lAsvXTuDjEFVQ,16,5,147,0.73,0.0539,False,False,,,0.6,manual,https://www.youtube.com/watch?v=Q4QWDVCggl8,https://www.youtube.com/watch?v=-IDnV720r9Y,no monetization found; low views,False,15,True,True,2026-10-06T04:34:10+00:00
Ginosko,https://www.youtube.com/@ginosko-greek,,No,none,food,212,5120,Low,,,,,,,,,UC1d_mM_gViYcU2jDU_luH-w,29,2,121,2.15,0.0414,False,False,,,1.0,manual,https://www.youtube.com/watch?v=a4pQJla1LCs,https://www.youtube.com/watch?v=L8rEGWu4gBw,no monetization found; low views,False,15,True,True,2026-10-06T04:23:43+00:00
The Silent Revenge,https://www.youtube.com/@TheSilentRevenge-j6b,,No,none,business,6311,549,Low,,,,,,,,,UCorsiPxNWuMY5o6743CSqwQ,30,5,121,0.58,11.4954,False,False,,,0.67,manual,https://www.youtube.com/watch?v=Ay92Z9-gJLM,https://www.youtube.com/watch?v=53PiK2gbAlQ,one video is carrying the average; no monetization found; low views,True,15,True,True,2026-10-06T04:27:35+00:00
Inzolo Strength,https://www.youtube.com/@inzolostrength,,No,none,fitness,92,4310,Low,,,,,,,,,UCNkWX2tij4jmYYppT_ziQNw,2,61,68,0.41,0.0213,True,False,program; coaching; work with me,,0.8,manual,https://www.youtube.com/watch?v=9LQhlviDUds,https://www.youtube.com/watch?v=tJdO6yC2CfU,views are low for the subscriber count; rare uploads; stale channel; low views,True,15,True,True,2026-10-06T04:30:29+00:00
@Bluez_17,https://www.youtube.com/@prod.c5303,,No,none,travel,65,6,Low,,,,,,,,,UCzp9p3Bfsv-eU89N1FM47NQ,0,730,65,,10.8333,False,False,,,1.0,manual,https://www.youtube.com/watch?v=TWXg5kuh_Ok,https://www.youtube.com/watch?v=TWXg5kuh_Ok,no monetization found; rare uploads; stale channel; low views,False,2,True,True,2026-10-06T04:23:05+00:00
Last Flight Out Podcast,https://www.youtube.com/@LastFlightOutPodcast,,No,none,running_endurance,187,16700,Low,,,,,,,,,UCQdMlcL4UK895-oy-_3Y2lA,30,1,55,0.79,0.0112,False,False,,,0.33,manual,https://www.youtube.com/watch?v=aiKEL8v5j50,https://www.youtube.com/watch?v=2UO6CPIIL1U,one video is carrying the average; views are low for the subscriber count; no monetization found; no clear niche; low views,True,15,True,True,2026-10-06T04:26:17+00:00
Spin The Globe,https://www.youtube.com/@SpinTheGlobe-w3b,,No,none,travel,45,5,Low,,,,,,,,,UCOHozRlc2a5TjbGqM-g0WTA,1,4,45,,9.0,False,False,,,0.5,manual,https://www.youtube.com/watch?v=J3JklEyDOhU,https://www.youtube.com/watch?v=WyCKtJ-QO2c,no monetization found; rare uploads; no clear niche; low views,False,2,True,True,2026-10-06T04:29:20+00:00
jamesboone14,https://www.youtube.com/@jamesboone14,,No,none,travel,124,1700,Low,,,,,,,,,UC4L5WzzHudzE53q8hIqDDUA,0,91,37,0.9,0.0729,False,False,,,0.67,manual,https://www.youtube.com/watch?v=fvswkeQz9Xg,https://www.youtube.com/watch?v=AuqdO7PP-bM,one video is carrying the average; no monetization found; rare uploads; stale channel; low views,True,10,True,True,2026-10-06T04:49:48+00:00
SOUTH TELEVISION (ETV),https://www.youtube.com/@ETV007,,No,none,,42,1260,Low,,,,,,,,,UCHRhpjXHTVaD_eUY1V8sM7g,13,14,13,6.67,0.0333,False,False,,,0.0,manual,https://www.youtube.com/watch?v=w0U-HXi_Cas,https://www.youtube.com/watch?v=kJoeweVPGls,one video is carrying the average; no monetization found; no clear niche; low views,True,15,True,True,2026-10-06T04:28:18+00:00
Spin the Globe,https://www.youtube.com/@SpinTheGlobeTravel,,No,none,travel,15,3,Low,,,,,,,,,UCpnxBGYZvKHO7YstYZOuIKA,0,730,12,,5.0,False,False,,,1.0,manual,https://www.youtube.com/watch?v=dY5LmiPM2-A,https://www.youtube.com/watch?v=fq_hYySuTH4,no monetization found; rare uploads; stale channel; low views,False,4,True,True,2026-10-06T04:29:31+00:00
Ludmila Yamalova,https://www.youtube.com/@ludmilayamalova,,No,none,tech,27,1520,Low,,,,,,,,,UCN0h3ziC7WObRhPmSDj1YDw,18,0,9,0.29,0.0178,False,False,link hub: linktr.ee,,0.57,manual,https://www.youtube.com/watch?v=3p5GciWZzXg,https://www.youtube.com/watch?v=fCZj2PPXC5g,one video is carrying the average; views are low for the subscriber count; no monetization found; no clear niche; low views,True,15,True,True,2026-10-06T04:27:11+00:00
Finance unlocked,https://www.youtube.com/@Financeunlocked6,,No,none,finance,4,4,Low,,,,,,,,,UCbtlnV3UnW7xPAd5c6Amxfw,25,2,3,3.5,1.0,False,False,,,1.0,manual,https://www.youtube.com/watch?v=s28mGl70IAI,https://www.youtube.com/watch?v=SAmT0_zpG4M,no monetization found; low views,False,15,True,True,2026-10-06T04:49:11+00:00
MateTools - Online Tools for Developers & Creators,https://www.youtube.com/@MateToolsEN,,No,none,,0,102,Low,,,,,,,,,UCZUzcdTIhDZ4LYOgBUSoVjw,0,304,0,,0.0,False,False,,,0.0,manual,,,views are low for the subscriber count; no monetization found; rare uploads; stale channel; no clear niche; low views,True,0,True,True,2026-10-06T04:22:58+00:00
Mary Aubry,https://www.youtube.com/@maryaubry,,No,none,,0,2,Low,,,,,,,,,UCTPjd5CZB3Gt-SEiA2gYXuw,0,,0,,0.0,False,False,,,0.0,manual,https://www.youtube.com/watch?v=PL1sKmXRAGVBruB3Rk1dTvJmn-kW_2_BsN,,views are low for the subscriber count; no monetization found; rare uploads; stale channel; no clear niche; low views,True,12,True,True,2026-10-06T04:28:25+00:00
Cancel,https://www.youtube.com/channel/UCuVPpxrm2VAgpH3Ktln4HXg,,No,none,,0,,Low,,,,,,,,,UCNbIDJNNgaRrXOD7VllIMRQ,0,,0,,,False,False,,,0.0,manual,,,no monetization found; rare uploads; stale channel; no clear niche; low views,False,0,True,True,2026-10-06T04:28:37+00:00
SpinTGlobe,https://www.youtube.com/@SpinTheGlobe-rec,,No,none,,0,11,Low,,,,,,,,,UClq6D70JPS-kCq-WoL35hFA,0,,0,,0.0,False,False,,,0.0,manual,,,views are low for the subscriber count; no monetization found; rare uploads; stale channel; no clear niche; low views,True,0,True,True,2026-10-06T04:29:13+00:00
Spin The Globe,https://www.youtube.com/@SpinTheGlobeFacts,,No,none,,0,5,Low,,,,,,,,,UCoycBlfHjQzf0f93ak9thWw,0,,0,,0.0,False,False,,,0.0,manual,,,views are low for the subscriber count; no monetization found; rare uploads; stale channel; no clear niche; low views,True,0,True,True,2026-10-06T04:29:24+00:00
Spin The Globe,https://www.youtube.com/@SpinTheGlobeApp,,No,none,,0,1,Low,,,,,,,,,UClllxJLp6oWDTNiWklrabMQ,0,,0,,0.0,False,False,,,0.0,manual,,,views are low for the subscriber count; no monetization found; rare uploads; stale channel; no clear niche; low views,True,0,True,True,2026-10-06T04:29:35+00:00
ProsperityPaths,https://www.youtube.com/@HealthWealthRelationships,,No,none,,0,79,Low,,,,,,,,,UCTH5YlXHlPSuP4wnbCkMP9g,0,365,0,,0.0,False,False,,,0.0,manual,,,views are low for the subscriber count; no monetization found; rare uploads; stale channel; no clear niche; low views,True,0,True,True,2026-10-06T04:52:04+00:00
LB.,https://www.youtube.com/@lb_official.l,,No,none,,0,3950,Low,,,,,,,,,UCO6rYrcHtQk0LurH5OkDT9g,2,0,0,,0.0,False,False,,,0.0,manual,,,views are low for the subscriber count; no monetization found; rare uploads; no clear niche; low views,True,0,True,True,2026-10-06T04:54:04+00:00
BRIGHT SIDE,https://www.youtube.com/@BRIGHTSIDEOFFICIAL,brands@thesoul-publishing.com,No,none,,0,44500000,Low,,,,,,,,,UC4rlAVgAK0SGk-yTfe48Qpw,30,0,0,,0.0,False,False,,,0.0,channel_description,,,views are low for the subscriber count; no monetization found; no clear niche; low views,True,0,True,True,2026-10-06T04:55:06+00:00
