Creator Name,Channel Link,Email,Do They Sell a Product,Product Type,Niche,Average Views Per Video,Subscriber Count,Value Rating,Editing Weak Spots,Editing Strengths,Personality Type / On-Camera Presence,Outreach Sent,Reply Received,Meeting Booked,Deal Closed,Rate / Retainer Value,channel_id,uploads_90d,days_since_last_upload,median_views,views_trend,views_to_subs,has_monetization,has_sponsors,monetization_signals,product_price_seen,niche_consistency,email_source,latest_video_url,top_video_url,roti_reasons,needs_review,sample_size_used,views_are_rounded,dates_are_bucketed,scraped_at
Active Self Protection,https://www.youtube.com/@ActiveSelfProtection,,Yes,merch,outdoors,159666,3480000,High,,,,,,,,,UCsE_m2z1NrvF2ImeNWh84mw,30,1,166000,1.62,0.0459,True,False,merch; ebook,,1.0,manual,https://www.youtube.com/watch?v=m1i2lIJ4cUU,https://www.youtube.com/watch?v=Ve08wpDKxNM,"sells a product, uploads consistently, clear niche, views over threshold",True,15,True,True,2026-10-10T03:41:41+00:00
Max Holloway,https://www.youtube.com/@maxholloway,contact@chosenadvisory.com,Yes,merch,martial_arts,126266,444000,High,,,,,,,,,UC8XrXL0VBCU--ptVYQM83HA,13,0,41000,0.33,0.2844,True,False,merch; ebook,,0.83,video_description,https://www.youtube.com/watch?v=pUu7Jt-igQo,https://www.youtube.com/watch?v=rB6m_S_ZV0g,"one video is carrying the average; sells a product, uploads consistently, clear niche, views over threshold",True,15,True,True,2026-10-10T03:45:29+00:00
Jeff Chan MMAShredded,https://www.youtube.com/@MMAShredded,,Yes,community_or_membership,martial_arts,48866,827000,High,,,,,,,,,UCt1ZR07apYANZ3MmlbipIXg,13,13,38000,2.1,0.0591,True,False,patreon.com; ebook,,0.92,manual,https://www.youtube.com/watch?v=lJ_LD0bdvQ0,https://www.youtube.com/watch?v=MxHuC4UTH5I,"sells a product, uploads consistently, clear niche, views over threshold",True,15,True,True,2026-10-10T03:21:50+00:00
Tae Kwon Do Fury,https://www.youtube.com/@taekwondofury,,Yes,community_or_membership,martial_arts,46906,108000,High,,,,,,,,,UCSGPp0RBtgUVUn8gZSpJibQ,16,1,36000,0.57,0.4343,True,False,skool.com,,0.91,manual,https://www.youtube.com/watch?v=AqkIWY7FULc,https://www.youtube.com/watch?v=8obsO7lOkoM,"sells a product, uploads consistently, clear niche, views over threshold",True,15,True,True,2026-10-10T03:38:04+00:00
Jason Hanson,https://www.youtube.com/@JasonHansonSpyBriefing,jasonhanson@sociallyelite.io,Yes,community_or_membership,travel,99820,866000,High,,,,,,,,,UCOCsRROSlsrA31YJgCah32A,30,0,22000,0.19,0.1153,True,False,patreon.com; ebook,,1.0,channel_description,https://www.youtube.com/watch?v=nsdaUym9_WE,https://www.youtube.com/watch?v=6L-cbhDmrgI,"one video is carrying the average; sells a product, uploads consistently, clear niche, views over threshold",True,15,True,True,2026-10-10T03:40:32+00:00
Simple Man Martial Arts,https://www.youtube.com/@simplemanmartialarts,,Yes,digital_product,lifestyle_vlog,20320,35100,High,,,,,,,,,UCquMCMvM-5t4PR6Vx2CvnKQ,12,0,13000,0.68,0.5789,True,False,myshopify.com; whop.com; merch,,0.67,manual,https://www.youtube.com/watch?v=v8l5Ms-B9i8,https://www.youtube.com/watch?v=yvoRNfL4lLM,"sells a product, uploads consistently, clear niche, views over threshold",True,15,True,True,2026-10-10T03:43:51+00:00
Pro Striking,https://www.youtube.com/@prostriking,,Yes,community_or_membership,martial_arts,13066,86600,High,,,,,,,,,UCODnk77us0yjvYKZ60xSHPg,30,0,11000,,0.1509,True,False,patreon.com; course; coaching; ebook,,0.6,manual,https://www.youtube.com/watch?v=BFEf_nTt-Aw,https://www.youtube.com/watch?v=fyJ1L-UIw84,"sells a product, uploads consistently, clear niche, views over threshold",True,15,True,True,2026-10-10T03:26:37+00:00
Shintaro Higashi,https://www.youtube.com/@Shigashi84,,Yes,merch,martial_arts,7033,294000,High,,,,,,,,,UC70qwffU7qQvTVm26wziD8A,11,0,5600,1.01,0.0239,True,False,merch; course; ebook,,0.91,manual,https://www.youtube.com/watch?v=98_xoEWBhN0,https://www.youtube.com/watch?v=5OGySyslvqQ,"views are low for the subscriber count; sells a product, uploads consistently, clear niche, views over threshold",True,15,True,True,2026-10-10T03:36:43+00:00
Master Wong,https://www.youtube.com/@masterwong101,,Yes,community_or_membership,martial_arts,4766,2880000,High,,,,,,,,,UC2NH07Y5tx_PQvqaQGzxKxQ,26,1,4500,1.23,0.0017,True,False,skool.com,,1.0,manual,https://www.youtube.com/watch?v=MESeTs7DFUA,https://www.youtube.com/watch?v=ibxpM4b5Wi8,"views are low for the subscriber count; sells a product, uploads consistently, clear niche, views over threshold",True,15,True,True,2026-10-10T03:38:55+00:00
Iron Faith Wrestling,https://www.youtube.com/@ironfaithwrestling,,Yes,community_or_membership,martial_arts,4808,109000,High,,,,,,,,,UC6kWGPqcl-0SEhcV7BC97Eg,27,0,4300,1.02,0.0441,True,False,skool.com,,1.0,manual,https://www.youtube.com/watch?v=3d0ObEJKxiA,https://www.youtube.com/watch?v=iNHpSK6_ftU,"sells a product, uploads consistently, clear niche, views over threshold",True,15,True,True,2026-10-10T03:33:49+00:00
Bangtao Muay Thai & MMA,https://www.youtube.com/@bangtaomuaythaimma,,Yes,merch,martial_arts,4893,86900,High,,,,,,,,,UCLODZezteRsuYnq0HE5s99Q,29,1,4200,0.29,0.0563,True,False,merch; ebook,,0.75,manual,https://www.youtube.com/watch?v=-RBGnBxhNB8,https://www.youtube.com/watch?v=yYGCGwVVp88,"sells a product, uploads consistently, clear niche, views over threshold",True,15,True,True,2026-10-10T03:24:00+00:00
Matt Pasquinilli,https://www.youtube.com/@pasquinilli,,Yes,community_or_membership,martial_arts,20816,221000,High,,,,,,,,,UCmINRWgbM5oFuVuNT1rQCfQ,23,1,4050,,0.0942,True,False,patreon.com,,1.0,manual,https://www.youtube.com/watch?v=vwGEAKrsb2I,https://www.youtube.com/watch?v=OB6bFU6YizI,"one video is carrying the average; sells a product, uploads consistently, clear niche, views over threshold",True,7,True,True,2026-10-10T03:41:32+00:00
BJJ Fanatics,https://www.youtube.com/@BJJ.Fanatics,,Yes,merch,martial_arts,3884,1030000,High,,,,,,,,,UCAqme-CE-yLm01BV5nUjPPA,17,1,3800,1.01,0.0038,True,True,merch; ebook; sponsor read,,1.0,manual,https://www.youtube.com/watch?v=tK3MwJR3jqw,https://www.youtube.com/watch?v=44tOqLxJ6fU,"views are low for the subscriber count; sells a product, uploads consistently, clear niche, views over threshold",True,13,True,True,2026-10-10T03:19:53+00:00
Bulletproof For BJJ,https://www.youtube.com/@bulletproofforbjj,,Yes,coaching_or_program,martial_arts,4026,43200,High,,,,,,,,,UCyf05qby-GCHJ47kiI4Uzqw,11,4,3600,1.25,0.0932,True,False,cal.com,,0.75,manual,https://www.youtube.com/watch?v=evI2rXyTry4,https://www.youtube.com/watch?v=foS3w_IANBs,"sells a product, uploads consistently, clear niche, views over threshold",True,15,True,True,2026-10-10T03:25:52+00:00
Jesse Enkamp,https://www.youtube.com/@KARATEbyJesse,jesse@delkatalents.com,Yes,coaching_or_program,martial_arts,3385333,1660000,Mid,,,,,,,,,UCRIeMHsEdzA9RroG19kXdYg,3,14,2100000,0.47,2.0394,True,False,gumroad.com; program; ebook,,1.0,channel_description,https://www.youtube.com/watch?v=gZztPMkV9pQ,https://www.youtube.com/watch?v=vQai8BGkizU,monetized but missing at least one High criterion,False,15,True,True,2026-10-10T03:44:39+00:00
KRAV MAGA TRAINING,https://www.youtube.com/@theKravMagaTraining,,Yes,community_or_membership,fitness,1928533,1730000,Mid,,,,,,,,,UCMD_k2IDOQpGU4D8OMyHXVQ,0,2192,1300000,1.12,1.1148,True,False,patreon.com,,0.93,manual,https://www.youtube.com/watch?v=3RCLq5vtC44,https://www.youtube.com/watch?v=RoDPittTjkg,monetized but missing at least one High criterion,False,15,True,True,2026-10-10T03:39:47+00:00
USDC by Rokas Leo,https://www.youtube.com/@usdc.rokasleo,,No,none,martial_arts,450181,663000,Mid,,,,,,,,,UCazByhbmztoIg6ZKeI25PGw,11,11,330000,5.54,0.679,False,False,,,0.75,manual,https://www.youtube.com/watch?v=c2HvexwioeA,https://www.youtube.com/watch?v=RMQX19LrL1k,"no monetization found, check link hubs and the About page by hand",True,15,True,True,2026-10-10T03:44:06+00:00
Get Fit With Rick,https://www.youtube.com/@rickbhullarfitness,,No,none,fitness,605400,1030000,Mid,,,,,,,,,UC9EGeHNUGvFocvu6qbUIMBg,7,2,328000,1.49,0.5878,True,False,program; ebook,$1,1.0,manual,https://www.youtube.com/watch?v=F6AW_1-J4Fo,https://www.youtube.com/watch?v=oBNTQGRCuRw,monetized but missing at least one High criterion,False,15,True,True,2026-10-10T03:30:48+00:00
Arman Tsarukyan,https://www.youtube.com/@ArmanTsarukyanOfficial,info@armanufc.com,No,none,lifestyle_vlog,517333,295000,Mid,,,,,,,,,UCYm0iXuSFOvh-VOCQhRj1wA,7,14,316000,0.68,1.7537,False,False,,,0.73,channel_description,https://www.youtube.com/watch?v=VS2MbM6yQqw,https://www.youtube.com/watch?v=qsIks9JH31E,"no monetization found, check link hubs and the About page by hand",True,15,True,True,2026-10-10T03:35:40+00:00
BJJ Hacks TV,https://www.youtube.com/@BJJHacksTV,,No,none,martial_arts,202466,117000,Mid,,,,,,,,,UCSQXS9mWvIVyZJ2lv0sKlbA,0,335,215000,3.91,1.7305,True,False,ebook,,0.6,manual,https://www.youtube.com/watch?v=pdVh1g5j5xA,https://www.youtube.com/watch?v=c2JcG8fy18g,monetized but missing at least one High criterion,False,15,True,True,2026-10-10T03:22:33+00:00
Suga Sean O'Malley,https://www.youtube.com/@SugaSeanUFC,,No,none,martial_arts,231733,1080000,Mid,,,,,,,,,UC1VIpppddhgA9JpePz0vZbA,16,4,205000,1.15,0.2146,False,False,,,0.6,manual,https://www.youtube.com/watch?v=JlL9Q_JO3ts,https://www.youtube.com/watch?v=WteFe24khuE,"no monetization found, check link hubs and the About page by hand",True,15,True,True,2026-10-10T03:43:21+00:00
JoshRichBJJ,https://www.youtube.com/@JoshRichBJJ,joshuaerichardsiv@gmail.com,Yes,digital_product,martial_arts,494000,108000,Mid,,,,,,,,,UCMblPVXu-1Td6mtBOBlKmbA,0,335,197000,1.77,4.5741,True,False,mykajabi.com; kajabi.com,,0.79,channel_description,https://www.youtube.com/watch?v=8w6Wr4A8SpI,https://www.youtube.com/watch?v=tf9dNXAa9gM,one video is carrying the average; monetized but missing at least one High criterion,True,15,True,True,2026-10-10T03:19:38+00:00
Anthony Hunter,https://www.youtube.com/@anthonyexeltahunter,anthonyhunter.contact@gmail.com,No,none,fitness,303200,196000,Mid,,,,,,,,,UCdcHpS8jGHG0aYlYdRasheQ,16,2,196000,2.4,1.5469,False,False,,,0.71,channel_description,https://www.youtube.com/watch?v=mYZclrCFiFs,https://www.youtube.com/watch?v=mYZclrCFiFs,"no monetization found, check link hubs and the About page by hand",True,15,True,True,2026-10-10T03:35:33+00:00
Mighty,https://www.youtube.com/@Mighty15x,,Yes,merch,martial_arts,267266,1860000,Mid,,,,,,,,,UCk9lx4sKRQCDTyXFaouk_vQ,30,1,189000,0.42,0.1437,True,True,merch; coaching; sponsor read,$5,0.43,manual,https://www.youtube.com/watch?v=J5MSyAYO1AY,https://www.youtube.com/watch?v=mDPddIbUgNg,monetized but missing at least one High criterion,False,15,True,True,2026-10-10T03:49:59+00:00
Sensei Seth,https://www.youtube.com/@SenseiSeth,,No,affiliate_only,martial_arts,253846,492000,Mid,,,,,,,,,UCXYOXWWqgtSrk27402V_JMw,8,6,185000,0.74,0.5159,True,False,amzn.to,,0.77,manual,https://www.youtube.com/watch?v=sVlWAGcTJUk,https://www.youtube.com/watch?v=hpRvLovRpvA,monetized but missing at least one High criterion,False,15,True,True,2026-10-10T03:39:18+00:00
Paddy The Baddy,https://www.youtube.com/@PaddyTheBaddyUFC,,Yes,merch,lifestyle_vlog,297066,1430000,Mid,,,,,,,,,UC160Ln3rSb3Ym2iUxJasZVw,10,4,173000,1.3,0.2077,True,False,merch,,0.5,manual,https://www.youtube.com/watch?v=DHe3aGGUGOg,https://www.youtube.com/watch?v=k0HAyEXhXF4,monetized but missing at least one High criterion,False,15,True,True,2026-10-10T03:43:14+00:00
Skillr Boxing,https://www.youtube.com/@skillrboxing,,No,none,martial_arts,196086,344000,Mid,,,,,,,,,UCczcxCUOJu9agXPKQcTa2RQ,13,4,168000,2.26,0.57,False,False,,,0.92,manual,https://www.youtube.com/watch?v=Jg2CgIK8nFk,https://www.youtube.com/watch?v=Jg2CgIK8nFk,"no monetization found, check link hubs and the About page by hand",True,15,True,True,2026-10-10T03:31:47+00:00
The B-Team,https://www.youtube.com/@BTeamJiuJitsu,,No,none,martial_arts,204466,492000,Mid,,,,,,,,,UClAJVVKDBNJxW2lTSwLwCOw,8,14,167000,0.81,0.4156,False,False,,,0.67,manual,https://www.youtube.com/watch?v=-UOBZUV_SDY,https://www.youtube.com/watch?v=wb0pIpzU8Bk,"no monetization found, check link hubs and the About page by hand",True,15,True,True,2026-10-10T03:22:42+00:00
James Smith,https://www.youtube.com/@JamesSmithPT,,No,none,food,299400,470000,Mid,,,,,,,,,UCOFxOq3mmdMly4A9JSzcf6Q,3,3,152000,0.9,0.637,True,False,course; mentorship,,0.5,manual,https://www.youtube.com/watch?v=7oPZANUS4eA,https://www.youtube.com/watch?v=7gLVOGJpSpE,monetized but missing at least one High criterion,False,15,True,True,2026-10-10T03:25:37+00:00
Kevin Lee,https://www.youtube.com/@KevinLeeVlog,kevinlee@theblendedgroup.com,No,none,martial_arts,234428,481000,Mid,,,,,,,,,UCy7jKqbTj9DqgIeaQT0_png,4,6,148000,0.76,0.4874,True,False,ebook,,0.88,channel_description,https://www.youtube.com/watch?v=8gXbI79gS8U,https://www.youtube.com/watch?v=oMqDOiXLF5E,monetized but missing at least one High criterion,False,15,True,True,2026-10-10T03:39:10+00:00
Bang & Pivot,https://www.youtube.com/@BangPivot,,Yes,community_or_membership,martial_arts,113500,21800,Mid,,,,,,,,,UCM0maqjlnLhkyvsvrkn6Z5Q,9,1,83000,0.61,5.2064,True,False,skool.com; course,,0.67,manual,https://www.youtube.com/watch?v=XGSXhDCKVFg,https://www.youtube.com/watch?v=k-XtrM74lG8,monetized but missing at least one High criterion,False,15,True,True,2026-10-10T03:33:41+00:00
Matt Arroyo Jiu Jitsu,https://www.youtube.com/@MattArroyoMMA,,Yes,community_or_membership,martial_arts,119653,344000,Mid,,,,,,,,,UC_qwyBcWFKqCotbrDqkjXPQ,0,91,82000,4.1,0.3478,True,False,skool.com; course; coaching; ebook,,1.0,manual,https://www.youtube.com/watch?v=iUap4TaYVQc,https://www.youtube.com/watch?v=U9Mk1zoLfJE,monetized but missing at least one High criterion,False,15,True,True,2026-10-10T03:21:35+00:00
Tim Welch,https://www.youtube.com/@TimWelchMT,,Yes,community_or_membership,lifestyle_vlog,95000,255000,Mid,,,,,,,,,UCNj26XaqHpRiPB3HzRy8VSQ,29,2,70000,0.57,0.3725,True,False,patreon.com,$5,0.5,manual,https://www.youtube.com/watch?v=zrPB2YwSTKs,https://www.youtube.com/watch?v=UdHztpF0j0k,monetized but missing at least one High criterion,False,15,True,True,2026-10-10T03:35:25+00:00
Tony Jeffries,https://www.youtube.com/@Tony_Jeffries,Tonyjeffries@gmail.com,No,none,martial_arts,203000,3140000,Mid,,,,,,,,,UCT_8YwHmACxpUootXe7yKjA,30,0,68000,0.65,0.0646,True,False,program; ebook,,0.9,video_description,https://www.youtube.com/watch?v=GAnNwoFI3NM,https://www.youtube.com/watch?v=CvB0t2spLzg,one video is carrying the average; monetized but missing at least one High criterion,True,15,True,True,2026-10-10T03:30:04+00:00
FloGrappling,https://www.youtube.com/@FloGrappling,,No,none,martial_arts,141266,736000,Mid,,,,,,,,,UCeOvhU6RbmEj8GKFiIMWxKQ,29,0,63000,9.36,0.1919,True,False,ebook,,1.0,manual,https://www.youtube.com/watch?v=x8pWSEzZSnY,https://www.youtube.com/watch?v=9JQm2vgtUb4,one video is carrying the average; monetized but missing at least one High criterion,True,15,True,True,2026-10-10T03:19:31+00:00
FREESTYLEBENDER,https://www.youtube.com/@FreeStylebender,,No,none,food,124953,1350000,Mid,,,,,,,,,UC1oigGPZ4A6atKCnj17ow8Q,12,5,63000,0.35,0.0926,False,False,,,0.62,manual,https://www.youtube.com/watch?v=u29nYAvZ8H0,https://www.youtube.com/watch?v=HKj06MTDYFI,"no monetization found, check link hubs and the About page by hand",True,15,True,True,2026-10-10T03:33:20+00:00
PowerTraining,https://www.youtube.com/@PowerTraining,,No,none,fitness,100346,98300,Mid,,,,,,,,,UCNi_RdWaekvU2lxHI5lRTpg,7,4,57000,4.24,1.0208,True,False,program; coaching,,0.46,manual,https://www.youtube.com/watch?v=1dmYXr0-fM0,https://www.youtube.com/watch?v=vmW4b2cGBRI,monetized but missing at least one High criterion,False,15,True,True,2026-10-10T03:32:58+00:00
Wild Hunt Conditioning - James Pieratt,https://www.youtube.com/@wildhuntconditioning,,Yes,community_or_membership,fitness,130600,320000,Mid,,,,,,,,,UCTgBjdLR9VFgNsidVdBVdng,6,4,53000,0.77,0.4081,True,True,myshopify.com; skool.com; program; ebook; sponsor read; free lead magnet,,0.5,manual,https://www.youtube.com/watch?v=NmOgcSEIcQU,https://www.youtube.com/watch?v=UQRg3QcT4uE,one video is carrying the average; monetized but missing at least one High criterion,True,15,True,True,2026-10-10T03:45:51+00:00
hard2hurt,https://www.youtube.com/@hard2hurt,cwood@leviathangroupllc.com,Yes,course,martial_arts,80133,640000,Mid,,,,,,,,,UCNKtHIrVMaDE7hovBvodpDw,0,152,53000,0.58,0.1252,True,False,teachable.com; merch; spring.com; teespring; course; ebook,,0.82,channel_description,https://www.youtube.com/watch?v=kegqyalIQxs,https://www.youtube.com/watch?v=IAp5M75u9YI,monetized but missing at least one High criterion,False,15,True,True,2026-10-10T03:49:44+00:00
Jordan Teaches Jiujitsu,https://www.youtube.com/@JordanTeachesJiujitsu,tony@prettygoodagents.com,Yes,community_or_membership,martial_arts,67066,321000,Mid,,,,,,,,,UCexKjyhZ5EvBTWyg6U6e5Og,6,2,52000,1.24,0.2089,True,True,thinkific.com; patreon.com; merch; spring.com; course; ebook; sponsor read,,1.0,channel_description,https://www.youtube.com/watch?v=T-YgnFElggM,https://www.youtube.com/watch?v=KZeeubhIQd4,monetized but missing at least one High criterion,False,15,True,True,2026-10-10T03:19:08+00:00
Daniel Cuttle,https://www.youtube.com/@danielcuttle,,No,sponsors_only,fitness,122785,37100,Mid,,,,,,,,,UCRV0I4xGTO5yh-BoSDD_iWg,6,9,48500,0.5,3.3096,True,True,sponsor read,,0.55,manual,https://www.youtube.com/watch?v=TAZBSgeXsd8,https://www.youtube.com/watch?v=_uo3283I83M,one video is carrying the average; monetized but missing at least one High criterion,True,15,True,True,2026-10-10T03:35:17+00:00
FightFast,https://www.youtube.com/@FightFast,,No,none,food,69986,516000,Mid,,,,,,,,,UCFihQ_TedkeyFpBKjR0_GRg,0,304,48000,1.72,0.1356,True,False,program; ebook,,0.83,manual,https://www.youtube.com/watch?v=NAe3Ucw2yhs,https://www.youtube.com/watch?v=pW4R9YRwgts,monetized but missing at least one High criterion,False,15,True,True,2026-10-10T03:41:04+00:00
Brandon Mccaghren,https://www.youtube.com/@brandonmcninja,,No,none,martial_arts,47855,243000,Mid,,,,,,,,,UCr7VU0Cnef4AhQk7Pe_9nTA,0,244,47855,,0.1969,True,False,course; coaching,,1.0,manual,https://www.youtube.com/watch?v=cIhu7QWM7BQ,https://www.youtube.com/watch?v=gYBpBWgr3Vc,monetized but missing at least one High criterion,False,15,True,True,2026-10-10T03:22:49+00:00
ULTIMATE KARATE,https://www.youtube.com/@ULTIMATEKARATEOFFICIAL,,No,affiliate_only,martial_arts,42476,329000,Mid,,,,,,,,,UCtvnVHGRJA1wYMDcQvelQig,4,30,39000,2.2,0.1291,True,False,ebook; amazon.com/shop,,0.93,manual,https://www.youtube.com/watch?v=v7urrYlxgmw,https://www.youtube.com/watch?v=ioChcCaj3QU,monetized but missing at least one High criterion,False,15,True,True,2026-10-10T03:35:47+00:00
Rob Houghton BJJ,https://www.youtube.com/@RobHoughtonBJJ,,Yes,community_or_membership,martial_arts,42186,11000,Mid,,,,,,,,,UCF1QnhY3Fyt5bMyNPipKZZg,7,21,35000,2.4,3.8351,True,False,gumroad.com; patreon.com,,1.0,manual,https://www.youtube.com/watch?v=S1vd1DzWmm8,https://www.youtube.com/watch?v=S1vd1DzWmm8,monetized but missing at least one High criterion,False,15,True,True,2026-10-10T03:22:12+00:00
Ginger Ninja Trickster,https://www.youtube.com/@GingerNinjaTrickster,GNT@GingerNinjaTrickster.com,Yes,merch,martial_arts,38133,1420000,Mid,,,,,,,,,UCAGlOxmYbmXMifHpB43P2XQ,0,1096,35000,0.94,0.0269,True,True,merch; spring.com; teespring; ebook; sponsor read,,0.93,channel_description,https://www.youtube.com/watch?v=jAsYJwSw2w8,https://www.youtube.com/watch?v=t_9wv_yM1RQ,views are low for the subscriber count; monetized but missing at least one High criterion,True,15,True,True,2026-10-10T03:37:57+00:00
Adrian Lee,https://www.youtube.com/@Adrianleemma,Adrianleemma@gmail.com,No,none,martial_arts,59440,21300,Mid,,,,,,,,,UCicsxvJ9V1_fiy_fIEEn0ag,5,14,34000,1.79,2.7906,False,False,,,0.71,channel_description,https://www.youtube.com/watch?v=SatIfAWN1dc,https://www.youtube.com/watch?v=VunalWJ2vq0,"no monetization found, check link hubs and the About page by hand",True,15,True,True,2026-10-10T03:34:55+00:00
Nat Hearn,https://www.youtube.com/@nathearn,nathearn@icloud.com,No,none,martial_arts,50246,2940000,Mid,,,,,,,,,UCKMYdnHrn9DCh3SQpsZWOKA,2,21,34000,1.11,0.0171,True,False,program,,0.89,channel_description,https://www.youtube.com/watch?v=r6E3AC8uSAQ,https://www.youtube.com/watch?v=zy3LTb4J8Y0,views are low for the subscriber count; monetized but missing at least one High criterion,True,15,True,True,2026-10-10T03:38:25+00:00
Cayden Henschel,https://www.youtube.com/@CaydenHenschel,,No,none,martial_arts,46466,578000,Mid,,,,,,,,,UCZ8kRL8S3O-XBdgirSUDiHQ,8,4,33000,0.69,0.0804,False,False,,,0.88,manual,https://www.youtube.com/watch?v=dN6lpi2lfrs,https://www.youtube.com/watch?v=MQxVmAHFtFU,"no monetization found, check link hubs and the About page by hand",True,15,True,True,2026-10-10T03:34:05+00:00
Ben Winney,https://www.youtube.com/@BenWinney,,Yes,coaching_or_program,fitness,47926,122000,Mid,,,,,,,,,UCFsCUZQUflqfQDcWkDvjK8Q,8,0,33000,1.89,0.3928,True,False,myshopify.com; program,,0.83,manual,https://www.youtube.com/watch?v=ujckKGGaZHI,https://www.youtube.com/watch?v=lKClWUcGGNo,monetized but missing at least one High criterion,False,15,True,True,2026-10-10T03:45:59+00:00
Tom Merrick,https://www.youtube.com/@BodyweightWarrior,,No,lead_magnet_only,lifestyle_vlog,64333,1160000,Mid,,,,,,,,,UCU0DZhN-8KFLYO6beSaYljg,5,11,32000,1.02,0.0555,True,False,program; coaching; free lead magnet,,0.6,manual,https://www.youtube.com/watch?v=0VrLgzwTmTg,https://www.youtube.com/watch?v=0VrLgzwTmTg,one video is carrying the average; monetized but missing at least one High criterion,True,15,True,True,2026-10-10T03:46:30+00:00
THE ARENA,https://www.youtube.com/@TheArena,,No,none,martial_arts,5280400,427000,Mid,,,,,,,,,UCf9OzX2aA7GXfukcjP32KZw,0,730,29500,,12.3663,True,False,coaching; ebook,,0.75,manual,https://www.youtube.com/watch?v=8q0GGWvAw98,https://www.youtube.com/watch?v=K0ZdUzn8IqY,one video is carrying the average; monetized but missing at least one High criterion,True,6,True,True,2026-10-10T03:47:43+00:00
Boxing Life,https://www.youtube.com/@BoxingLife,,Yes,community_or_membership,martial_arts,57300,196000,Mid,,,,,,,,,UCJmf7hN1scXuprHDWlxSpUQ,17,2,29000,0.73,0.2923,True,False,patreon.com; amazon.com/shop,,0.33,manual,https://www.youtube.com/watch?v=mD3dwo-UWCA,https://www.youtube.com/watch?v=wFs_m9ZTyXQ,monetized but missing at least one High criterion,False,15,True,True,2026-10-10T03:31:32+00:00
Cary Kolat,https://www.youtube.com/@KOLATCOM,,No,none,martial_arts,29000,362000,Mid,,,,,,,,,UCC1WdLqjv2YpzZ-0GX6G7fw,0,365,29000,,0.0801,True,False,ebook,,1.0,manual,https://www.youtube.com/watch?v=-FXAv9bE-IQ,https://www.youtube.com/watch?v=-FXAv9bE-IQ,monetized but missing at least one High criterion,False,2,True,True,2026-10-10T03:34:12+00:00
Liam Harrison,https://www.youtube.com/@LiamHarrisonTraining,,No,none,martial_arts,43246,143000,Mid,,,,,,,,,UCzjGwyeKZkvnQ_8N6VMh_0Q,6,3,29000,0.64,0.3024,True,False,ebook,,0.36,manual,https://www.youtube.com/watch?v=cRB4x-Yw8YQ,https://www.youtube.com/watch?v=yykTq_9LTbc,monetized but missing at least one High criterion,False,15,True,True,2026-10-10T03:47:08+00:00
Precision Striking,https://www.youtube.com/@PrecisionBoxing,,No,none,martial_arts,26000,1450000,Mid,,,,,,,,,UC4PwJo76WpTOk-3N8dazt1A,8,8,26000,,0.0179,False,False,,,0.67,manual,https://www.youtube.com/watch?v=A4ZC13VxJ4A,https://www.youtube.com/watch?v=D9oJ2sgsjXk,"views are low for the subscriber count; no monetization found, check link hubs and the About page by hand",True,15,True,True,2026-10-10T03:28:29+00:00
Israel Defense Forces,https://www.youtube.com/@IsraelDefenseForces,,No,none,,26354,1510000,Mid,,,,,,,,,UCawNWlihdgaycQpO3zi-jYg,8,2,24000,1.39,0.0175,True,False,ebook,,0.0,manual,https://www.youtube.com/watch?v=vckk0uopmMI,https://www.youtube.com/watch?v=Y0pwKOi67TU,views are low for the subscriber count; monetized but missing at least one High criterion,True,11,True,True,2026-10-10T03:39:59+00:00
Oliver Betts Boxing,https://www.youtube.com/@oracle_boxing,,No,none,martial_arts,37426,323000,Mid,,,,,,,,,UCRLhtHizl1rM8EMsd7Wvj8w,5,61,21000,1.05,0.1159,True,False,coaching,,0.62,manual,https://www.youtube.com/watch?v=ax34UWoTW4w,https://www.youtube.com/watch?v=c0IW0s-T6E4,monetized but missing at least one High criterion,False,15,True,True,2026-10-10T03:31:25+00:00
EDR Fitness,https://www.youtube.com/@edrfitness,info@edrfitness.ca,No,affiliate_only,fitness,22333,159000,Mid,,,,,,,,,UCuJ9CneBKD2tZjYGk7KrwPg,30,1,20500,,0.1405,True,False,affiliate,,0.5,channel_description,https://www.youtube.com/watch?v=JKmpUrdy98A,https://www.youtube.com/watch?v=l1ZvT-bZBfw,monetized but missing at least one High criterion,False,14,True,True,2026-10-10T03:47:00+00:00
MMA Leech,https://www.youtube.com/@MMALeech,,No,none,martial_arts,23946,70300,Mid,,,,,,,,,UCVGhYJsOySy4l3LLT7xvxjw,1,4,20000,0.39,0.3406,True,False,course; ebook,,1.0,manual,https://www.youtube.com/watch?v=sFO48axKph0,https://www.youtube.com/watch?v=h438PsMRRCY,monetized but missing at least one High criterion,False,15,True,True,2026-10-10T03:20:30+00:00
JonThomasBJJ,https://www.youtube.com/@JonThomasBJJ,,No,affiliate_only,martial_arts,34593,146000,Mid,,,,,,,,,UCBNsOFfO-TZDIpygfz5paaQ,6,9,19000,0.65,0.2369,True,False,affiliate,,0.9,manual,https://www.youtube.com/watch?v=qsj2G2bFNf0,https://www.youtube.com/watch?v=ugw3FU7DL2E,monetized but missing at least one High criterion,False,15,True,True,2026-10-10T03:22:05+00:00
"Tiger Muay Thai and MMA Training Camp, Phuket, Thailand",https://www.youtube.com/@tigermuaythai,,No,none,martial_arts,24536,451000,Mid,,,,,,,,,UCxv5Yknp7OXx5Ol6yIbUy9w,1,30,18000,4.06,0.0544,True,False,ebook,,1.0,manual,https://www.youtube.com/watch?v=X3_eKbe6uKI,https://www.youtube.com/watch?v=YJiOu7fnRFg,monetized but missing at least one High criterion,False,9,True,True,2026-10-10T03:26:07+00:00
fightTIPS,https://www.youtube.com/@fighttips,,No,none,martial_arts,44500,3430000,Mid,,,,,,,,,UClKgO_YP3pcIVeav2g_k6hw,19,7,17800,,0.013,True,False,ebook,,0.5,manual,https://www.youtube.com/watch?v=O8CUThygsk4,https://www.youtube.com/watch?v=CQm5WIBQl2w,one video is carrying the average; views are low for the subscriber count; monetized but missing at least one High criterion,True,15,True,True,2026-10-10T03:26:22+00:00
Gabriel Varga,https://www.youtube.com/@GabrielVargaOfficial,,No,sponsors_only,martial_arts,16221,389000,Mid,,,,,,,,,UCTlMUs5IIlBZQGkYMScUFyQ,29,0,15500,1.07,0.0417,True,True,course; ebook; sponsor read,,0.62,manual,https://www.youtube.com/watch?v=r6vLgxd_3Rw,https://www.youtube.com/watch?v=ZYAoJOHzPcs,monetized but missing at least one High criterion,False,14,True,True,2026-10-10T03:28:52+00:00
Lex Clips,https://www.youtube.com/@LexClips,,No,none,food,34286,1640000,Mid,,,,,,,,,UCJIfeSCssxSC_Dhc5s7woww,29,14,15000,1.49,0.0209,True,False,program; ebook,,1.0,manual,https://www.youtube.com/watch?v=zFsqzgyg14M,https://www.youtube.com/watch?v=cqCqKtgCCV0,one video is carrying the average; views are low for the subscriber count; monetized but missing at least one High criterion,True,15,True,True,2026-10-10T03:25:29+00:00
DelCardo Boxing,https://www.youtube.com/@delcardo_boxing,,No,none,martial_arts,44433,21300,Mid,,,,,,,,,UCbYvVzhF0fp7mGk6cnkQ0lA,4,1,15000,0.59,2.0861,True,False,work with me,,0.8,manual,https://www.youtube.com/watch?v=6UmblVbcigo,https://www.youtube.com/watch?v=ggN3taE6DCY,one video is carrying the average; monetized but missing at least one High criterion,True,15,True,True,2026-10-10T03:32:30+00:00
Dan Lok,https://www.youtube.com/@DanLok,,No,lead_magnet_only,business,15266,4890000,Mid,,,,,,,,,UCs_6DXZROU29pLvgQdCx4Ww,0,61,14000,2.28,0.0031,True,False,coaching; ebook; free lead magnet,$100,0.8,manual,https://www.youtube.com/watch?v=4LuMw7vTaYw,https://www.youtube.com/watch?v=W2ozl78v-_o,views are low for the subscriber count; monetized but missing at least one High criterion,True,12,True,True,2026-10-10T03:38:47+00:00
GracieBreakdown,https://www.youtube.com/@GracieBreakdown,,No,none,martial_arts,48293,950000,Mid,,,,,,,,,UCNMZWa1QP42jHrmmzayFEeg,5,28,13000,0.42,0.0508,True,False,ebook,,0.5,manual,https://www.youtube.com/watch?v=UlIaBgnBzqU,https://www.youtube.com/watch?v=Si-vfvd0p8c,one video is carrying the average; monetized but missing at least one High criterion,True,15,True,True,2026-10-10T03:19:45+00:00
Joel Snape,https://www.youtube.com/@JoelSnape1,,No,affiliate_only,outdoors,33753,68300,Mid,,,,,,,,,UCKweTl9_krrwB4AAB8_pQ7A,3,2,12000,1.38,0.4942,True,False,amzn.to; affiliate; free lead magnet,,1.0,manual,https://www.youtube.com/watch?v=7oJAtgwhwEU,https://www.youtube.com/watch?v=z0ZNu8Dgqwc,one video is carrying the average; monetized but missing at least one High criterion,True,15,True,True,2026-10-10T03:19:15+00:00
Chewjitsu,https://www.youtube.com/@Chewjitsu,,No,lead_magnet_only,martial_arts,14630,394000,Mid,,,,,,,,,UCGCZBBvu7ZnqHYHuScODbAQ,30,0,12000,0.73,0.0371,True,False,course; ebook; free lead magnet,,0.85,manual,https://www.youtube.com/watch?v=Am-pQ7jkVCI,https://www.youtube.com/watch?v=uTQ_T_hYhDI,monetized but missing at least one High criterion,False,15,True,True,2026-10-10T03:20:15+00:00
Josh Saunders,https://www.youtube.com/@HPUcoaching,,Yes,community_or_membership,martial_arts,28026,81300,Mid,,,,,,,,,UCkpajYT3Rh_1WGDwoAnvkLg,4,5,12000,0.44,0.3447,True,False,skool.com,,0.75,manual,https://www.youtube.com/watch?v=vJKhLK9JHcU,https://www.youtube.com/watch?v=0Jqbs0wNaDY,one video is carrying the average; monetized but missing at least one High criterion,True,15,True,True,2026-10-10T03:21:06+00:00
Systematic Wrestling,https://www.youtube.com/@systematicwrestling,,No,none,martial_arts,27433,40800,Mid,,,,,,,,,UCwIykJVWHHhT7sRwQg5yC8g,1,30,12000,1.94,0.6724,True,False,course; program,,0.88,manual,https://www.youtube.com/watch?v=piTpDZzxxJc,https://www.youtube.com/watch?v=67ePw2_TiRg,one video is carrying the average; monetized but missing at least one High criterion,True,15,True,True,2026-10-10T03:33:05+00:00
Phil Daru,https://www.youtube.com/@PhilDaruStrong,,Yes,community_or_membership,fitness,14566,485000,Mid,,,,,,,,,UCebT5m6aSB3Yd8Adn92yeDQ,9,0,12000,1.71,0.03,True,True,skool.com; program; coaching; ebook; sponsor read; free lead magnet,,1.0,manual,https://www.youtube.com/watch?v=doSJgLHoi4E,https://www.youtube.com/watch?v=Jr1ZlCb5fNg,monetized but missing at least one High criterion,False,15,True,True,2026-10-10T03:46:07+00:00
Combat Culture,https://www.youtube.com/@CombatCultureUSA,,No,none,martial_arts,15573,47500,Mid,,,,,,,,,UCUNLiEAXZTh8jzv5X0zhhBA,7,4,11000,2.03,0.3279,False,False,link hub: linktr.ee,,1.0,manual,https://www.youtube.com/watch?v=2jRxE0pJdwc,https://www.youtube.com/watch?v=-q611ZEAojo,"no monetization found, check link hubs and the About page by hand",True,15,True,True,2026-10-10T03:26:59+00:00
Coach Anthony,https://www.youtube.com/@CoachAnthonyBoxing,coachanthony@coachanthonyboxing.com,No,lead_magnet_only,martial_arts,17128,325000,Mid,,,,,,,,,UCfOamDxdVYntCBFE0jyI2DA,0,304,11000,1.26,0.0527,True,False,course; coaching; ebook; free lead magnet,,0.83,channel_description,https://www.youtube.com/watch?v=i39zZDAqiDQ,https://www.youtube.com/watch?v=W-bs8oki3Wc,monetized but missing at least one High criterion,False,15,True,True,2026-10-10T03:31:55+00:00
Karate Dojo waKu,https://www.youtube.com/@KarateDojowaKu,,No,none,martial_arts,14680,437000,Mid,,,,,,,,,UCbmtRTG0IPSGwWl5iKaRxWw,0,365,11000,1.25,0.0336,True,False,course; coaching,,0.85,manual,https://www.youtube.com/watch?v=Iu5oQIoTynA,https://www.youtube.com/watch?v=ZTZRmXVGmVI,monetized but missing at least one High criterion,False,15,True,True,2026-10-10T03:35:55+00:00
Lex Fitness,https://www.youtube.com/@LexFitness,,No,none,fitness,69026,1210000,Mid,,,,,,,,,UCdnioRJZSXZoj5cl9Oys-nA,6,3,11000,11.62,0.057,True,False,ebook; link hub: linktr.ee,,0.78,manual,https://www.youtube.com/watch?v=rM-xs4i_Hpw,https://www.youtube.com/watch?v=nDvfCzmQ5vk,one video is carrying the average; monetized but missing at least one High criterion,True,15,True,True,2026-10-10T03:40:48+00:00
Absolute MMA St Kilda - Melbourne,https://www.youtube.com/@AbsoluteMMAStKilda,,No,none,martial_arts,12733,118000,Mid,,,,,,,,,UCVX5F9uZyzzSI9juQRp_2Hw,12,14,10000,1.1,0.1079,True,False,ebook,,1.0,manual,https://www.youtube.com/watch?v=qiPv78nkNpU,https://www.youtube.com/watch?v=wImtEtW2j4w,monetized but missing at least one High criterion,False,15,True,True,2026-10-10T03:20:07+00:00
Knight Jiu-Jitsu,https://www.youtube.com/@KnightJiuJitsu,,Yes,community_or_membership,martial_arts,12906,380000,Mid,,,,,,,,,UCDaSNu2fM3JL4VdlSwcFtOw,4,9,10000,0.88,0.034,True,False,patreon.com,,0.9,manual,https://www.youtube.com/watch?v=7iJIffOZdGo,https://www.youtube.com/watch?v=yT7wJcsjwbc,monetized but missing at least one High criterion,False,15,True,True,2026-10-10T03:21:42+00:00
Paul Banasiak @MuayThaiTechnician,https://www.youtube.com/@muaythaitechnician,,No,none,martial_arts,62980,43300,Mid,,,,,,,,,UCibKtggsc7i3Ot1y0MzY6VQ,0,122,10000,0.39,1.4545,True,False,ebook,,0.75,manual,https://www.youtube.com/watch?v=l1K_Of1MbEg,https://www.youtube.com/watch?v=J9dK0uIEXIM,one video is carrying the average; monetized but missing at least one High criterion,True,15,True,True,2026-10-10T03:26:00+00:00
FightCamp,https://www.youtube.com/@FightCamp,,No,lead_magnet_only,martial_arts,28460,614000,Mid,,,,,,,,,UCJ6J1r5u8CFsbyVZ03A6IaQ,3,11,10000,6.9,0.0464,True,False,ebook; free lead magnet,,0.54,manual,https://www.youtube.com/watch?v=PP1cJyEwxPs,https://www.youtube.com/watch?v=Au0Dg6b5oro,one video is carrying the average; monetized but missing at least one High criterion,True,15,True,True,2026-10-10T03:28:44+00:00
Shintaro Nakano,https://www.youtube.com/@shintaronakano2842,,No,none,martial_arts,14533,84000,Mid,,,,,,,,,UCJUEqkjxNgwJEefNpaMrwag,1,12,10000,1.97,0.173,True,False,program; ebook,,0.5,manual,https://www.youtube.com/watch?v=hBkFkgGYLpU,https://www.youtube.com/watch?v=v4CDo15NOY0,monetized but missing at least one High criterion,False,15,True,True,2026-10-10T03:37:12+00:00
Jiu-Jitsu Breakdowns,https://www.youtube.com/@jiujitsubreakdowns,jjbytube@gmail.com,No,none,martial_arts,326460,30400,Mid,,,,,,,,,UC_BPTdMnh6vZGteZTTKJKCQ,3,14,9900,1.45,10.7388,False,False,,,0.83,channel_description,https://www.youtube.com/watch?v=YqQwNIhP_cM,https://www.youtube.com/watch?v=547x4bIW1XU,"one video is carrying the average; no monetization found, check link hubs and the About page by hand",True,15,True,True,2026-10-10T03:19:23+00:00
Parallel 8 Productions,https://www.youtube.com/@OfficialParallel8,,No,none,martial_arts,27366,151000,Mid,,,,,,,,,UCtkHmXe0MOYnigWNDMc2zmw,27,3,9700,2.07,0.1812,False,False,link hub: linktr.ee,,1.0,manual,https://www.youtube.com/watch?v=WF8gwdFBVgk,https://www.youtube.com/watch?v=dpP4lGfOL8U,"one video is carrying the average; no monetization found, check link hubs and the About page by hand",True,15,True,True,2026-10-10T03:32:23+00:00
Fighting Spirit,https://www.youtube.com/@fightingspirit93,fightingspiritreviews@gmail.com,No,affiliate_only,martial_arts,10026,1510,Mid,,,,,,,,,UCVARg7GaSuWS3IrBxmfOrdA,1,30,9300,1.69,6.6397,True,False,affiliate,,0.85,channel_description,https://www.youtube.com/watch?v=uARdfugoHAQ,https://www.youtube.com/watch?v=uARdfugoHAQ,monetized but missing at least one High criterion,False,15,True,True,2026-10-10T03:48:59+00:00
London Self Defence Academy,https://www.youtube.com/@LondonSelfDefenceAcademy,contact@londonselfdefenceacademy.com,No,none,martial_arts,11693,90100,Mid,,,,,,,,,UCVv2Uo70DXxuu9VhLQz64qQ,6,10,9200,1.04,0.1298,True,False,course; ebook,,0.83,video_description,https://www.youtube.com/watch?v=09XGU6SxgiU,https://www.youtube.com/watch?v=G_y61XpXBkE,monetized but missing at least one High criterion,False,15,True,True,2026-10-10T03:40:40+00:00
The Grappling Academy,https://www.youtube.com/@TheGrapplingAcademy,,Yes,merch,martial_arts,8873,170000,Mid,,,,,,,,,UCA5inPIH7dvYLAcAg5Wt8mg,0,1096,8600,0.53,0.0522,True,False,spring.com; teespring; course; coaching,,0.9,manual,https://www.youtube.com/watch?v=gx4KZ2EHjBg,https://www.youtube.com/watch?v=gx4KZ2EHjBg,monetized but missing at least one High criterion,False,15,True,True,2026-10-10T03:21:28+00:00
ORIGIN USA,https://www.youtube.com/@ORIGINUSA,,No,none,martial_arts,16613,170000,Mid,,,,,,,,,UCS0X9YvU9c5uU3FAb5D30Uw,8,0,8500,2.04,0.0977,True,False,ebook,,0.5,manual,https://www.youtube.com/watch?v=2ToihrIWrkA,https://www.youtube.com/watch?v=Ne6Zlc_DLqI,monetized but missing at least one High criterion,False,15,True,True,2026-10-10T03:45:06+00:00
Revent Builds,https://www.youtube.com/@ReventBuilds,,No,sponsors_only,fitness,16553,42700,Mid,,,,,,,,,UCcQ_ubviRXrnVfcVGkLXQnQ,7,0,8400,0.55,0.3877,True,True,sponsor read,,1.0,manual,https://www.youtube.com/watch?v=ZK3G_gFIQCw,https://www.youtube.com/watch?v=koV-gv-DR20,monetized but missing at least one High criterion,False,15,True,True,2026-10-10T03:44:51+00:00
Bernardo Faria BJJ Fanatics,https://www.youtube.com/@BernardoFariaBJJ,,No,none,martial_arts,8573,410000,Mid,,,,,,,,,UCtXtqlLdZYZm3060qVExXkA,22,1,8300,2.02,0.0209,True,False,ebook,,1.0,manual,https://www.youtube.com/watch?v=52o4LK2cBAg,https://www.youtube.com/watch?v=Oggnz7ld83g,views are low for the subscriber count; monetized but missing at least one High criterion,True,15,True,True,2026-10-10T03:20:59+00:00
Etobicoke Martial Arts - 10th Planet Etobicoke,https://www.youtube.com/@etobicokemartialarts-10thp20,,No,none,martial_arts,105166,32100,Mid,,,,,,,,,UCdACl9HE1bzqyqT7MMqhD5Q,0,730,8000,0.18,3.2762,True,False,ebook,,0.8,manual,https://www.youtube.com/watch?v=reCJ1NCebyo,https://www.youtube.com/watch?v=FCN_wf7HAoE,one video is carrying the average; monetized but missing at least one High criterion,True,15,True,True,2026-10-10T03:29:27+00:00
Teep Muay Thai,https://www.youtube.com/@teepmuaythai,,No,none,martial_arts,64514,13300,Mid,,,,,,,,,UC2na8dneI2bM8Yt_xeaneDg,5,2,7900,1.33,4.8507,False,False,,,0.8,manual,https://www.youtube.com/watch?v=OOVs-FXg5oU,https://www.youtube.com/watch?v=bJBT9nvIFeA,"one video is carrying the average; no monetization found, check link hubs and the About page by hand",True,15,True,True,2026-10-10T03:26:52+00:00
Budo Brothers,https://www.youtube.com/@BudoBrothers,,No,none,martial_arts,22213,2130000,Mid,,,,,,,,,UChVDJnxw6AVoNRpwHcAU67g,9,21,7700,0.99,0.0104,True,False,ebook,,1.0,manual,https://www.youtube.com/watch?v=WaHRT9cFtdc,https://www.youtube.com/watch?v=WaHRT9cFtdc,one video is carrying the average; views are low for the subscriber count; monetized but missing at least one High criterion,True,15,True,True,2026-10-10T03:40:17+00:00
Stuart Tomlinson,https://www.youtube.com/@warriorcollective,,No,none,martial_arts,11633,750000,Mid,,,,,,,,,UCpLH5tDGl_QiRJ1eDUTLFxQ,7,3,7200,0.71,0.0155,True,False,coaching; ebook,,0.87,manual,https://www.youtube.com/watch?v=CxsF5jL_WWA,https://www.youtube.com/watch?v=lPKoTNZFiWQ,views are low for the subscriber count; monetized but missing at least one High criterion,True,15,True,True,2026-10-10T03:28:06+00:00
Martial Spirit: Martial Arts & Fitness,https://www.youtube.com/@MartialSpirit,,No,none,fitness,32815,85300,Mid,,,,,,,,,UCsigMq3vbLwjQoinDFgdTFQ,0,1826,6900,0.16,0.3847,True,False,ebook,,0.62,manual,https://www.youtube.com/watch?v=MqlR5XOYooI,https://www.youtube.com/watch?v=JzvLsNQvtp0,one video is carrying the average; monetized but missing at least one High criterion,True,15,True,True,2026-10-10T03:27:06+00:00
Well+Good,https://www.youtube.com/@Wellandgood,,No,none,fitness,7480,764000,Mid,,,,,,,,,UC1bcqvAnNsBoq_RWJNxYvhQ,0,365,6900,1.56,0.0098,True,False,ebook,,1.0,manual,https://www.youtube.com/watch?v=3FO-ogZxZL0,https://www.youtube.com/watch?v=dUWENaLFVLU,views are low for the subscriber count; monetized but missing at least one High criterion,True,15,True,True,2026-10-10T03:31:03+00:00
NateBowerFitness,https://www.youtube.com/@natebowerfitness,info@natebowerfitness.com,No,none,martial_arts,8380,459000,Mid,,,,,,,,,UCa9_TpiSkqYwcr35uh5N7Og,10,5,6600,0.69,0.0183,True,False,program; coaching; link hub: linktr.ee,,0.5,channel_description,https://www.youtube.com/watch?v=75kokGymirE,https://www.youtube.com/watch?v=bC6WaL-VfQ0,views are low for the subscriber count; monetized but missing at least one High criterion,True,15,True,True,2026-10-10T03:31:10+00:00
Less Impressed More Involved BJJ,https://www.youtube.com/@LIMIBJJ,,No,sponsors_only,martial_arts,8338,89200,Mid,,,,,,,,,UCKtCXd56WxbKu5x51lzHmyQ,7,30,6100,1.87,0.0935,True,True,sponsor read,,0.67,manual,https://www.youtube.com/watch?v=YwYlKRZinsI,https://www.youtube.com/watch?v=WC9ySvZNcTA,monetized but missing at least one High criterion,False,15,True,True,2026-10-10T03:22:26+00:00
Kieren Lefevre Jiujitsu,https://www.youtube.com/@KierenLefevre,tony@prettygoodagents.com,No,none,fitness,17900,29400,Mid,,,,,,,,,UCIaKjMaxulD926kCAphUv_A,0,365,6100,0.35,0.6088,True,False,course; program; accelerator,,0.6,channel_description,https://www.youtube.com/watch?v=vvItPQE0FHM,https://www.youtube.com/watch?v=O56aGhdNtcE,one video is carrying the average; monetized but missing at least one High criterion,True,15,True,True,2026-10-10T03:46:45+00:00
The Grapplers Guide by Jason Scully,https://www.youtube.com/@Grapplers_Guide,,No,none,martial_arts,10226,167000,Mid,,,,,,,,,UCMMEqsCt9DCL0i8z6TXMjIw,0,335,5900,0.47,0.0612,True,False,ebook,,1.0,manual,https://www.youtube.com/watch?v=6VWLkPLKmHA,https://www.youtube.com/watch?v=7xyLRBtUmoU,monetized but missing at least one High criterion,False,15,True,True,2026-10-10T03:47:51+00:00
Tristar Gym,https://www.youtube.com/@CoachZahabi,,No,sponsors_only,martial_arts,17353,331000,Mid,,,,,,,,,UCzFOXkiyQiqdq2r5aUPF6Aw,7,3,5800,0.53,0.0524,True,True,sponsor read,,0.4,manual,https://www.youtube.com/watch?v=lgmq9I7my4s,https://www.youtube.com/watch?v=5NLePP_z9tk,one video is carrying the average; monetized but missing at least one High criterion,True,15,True,True,2026-10-10T03:24:52+00:00
Brian Glick,https://www.youtube.com/@bzglick,,No,none,martial_arts,8740,47400,Mid,,,,,,,,,UCHDPspEXGaVTwxHL11Tsygw,10,3,5700,1.78,0.1844,True,False,ebook,,0.86,manual,https://www.youtube.com/watch?v=nICZOg0tZ8k,https://www.youtube.com/watch?v=yrckYoujaY4,monetized but missing at least one High criterion,False,15,True,True,2026-10-10T03:22:19+00:00
Fighter_Ryan,https://www.youtube.com/@Fighter_Ryan,,No,affiliate_only,martial_arts,92440,58200,Mid,,,,,,,,,UCjknFxPA9-ZMfOONqa3XeYg,1,21,5700,5.79,1.5883,True,False,amzn.to,,0.45,manual,https://www.youtube.com/watch?v=vHKlAlFG3BE,https://www.youtube.com/watch?v=vHKlAlFG3BE,one video is carrying the average; monetized but missing at least one High criterion,True,15,True,True,2026-10-10T03:29:35+00:00
Vivek Nakarmi - Pentagon MMA,https://www.youtube.com/@PentagonMMA,,No,none,martial_arts,7880,175000,Mid,,,,,,,,,UC8rOKQJRT9NKw8Hb_2spMJw,0,122,5400,2.02,0.045,True,False,course; program; ebook,,0.64,manual,https://www.youtube.com/watch?v=gtWR6LdxTIA,https://www.youtube.com/watch?v=gtWR6LdxTIA,monetized but missing at least one High criterion,False,15,True,True,2026-10-10T03:26:30+00:00
The BJJ Project,https://www.youtube.com/@the.BJJproject,,No,none,martial_arts,8450,40700,Mid,,,,,,,,,UC-ZO8c74hCXEjUCUatj-L2g,7,6,5300,1.33,0.2076,True,False,course,,0.83,manual,https://www.youtube.com/watch?v=ky0LEs-Y2LU,https://www.youtube.com/watch?v=xbu6pH57gec,monetized but missing at least one High criterion,False,15,True,True,2026-10-10T03:22:57+00:00
Nico Carrillo,https://www.youtube.com/@nicocarrillokotn,,No,none,martial_arts,11186,12000,Mid,,,,,,,,,UCl-QzyLPKw2431JkDmv7yrg,8,10,5200,0.22,0.9322,True,False,course; ebook,,0.71,manual,https://www.youtube.com/watch?v=Gn_182BArLA,https://www.youtube.com/watch?v=IDqJS_avlHw,one video is carrying the average; monetized but missing at least one High criterion,True,15,True,True,2026-10-10T03:43:29+00:00
Will Brooks Official,https://www.youtube.com/@willbrooksofficial,,No,none,martial_arts,28140,69700,Mid,,,,,,,,,UC2QfE65w8G547_vt5iZpblg,13,4,4900,0.76,0.4037,False,False,,,0.93,manual,https://www.youtube.com/watch?v=sQzAlidQoLs,https://www.youtube.com/watch?v=NOqo55OOyrI,"one video is carrying the average; no monetization found, check link hubs and the About page by hand",True,15,True,True,2026-10-10T03:20:51+00:00
bea,https://www.youtube.com/@berimbozo,,No,none,martial_arts,11064,9970,Mid,,,,,,,,,UCrrROeXH4uzWa8785R0Klsg,7,0,4800,0.74,1.1097,False,False,,,0.89,manual,https://www.youtube.com/watch?v=ACVzrdxtiXs,https://www.youtube.com/watch?v=yP9Uq6WXG_E,"one video is carrying the average; no monetization found, check link hubs and the About page by hand",True,15,True,True,2026-10-10T03:25:15+00:00
Ekayy Boxing,https://www.youtube.com/@ekayy.8,,Yes,community_or_membership,martial_arts,10593,424000,Mid,,,,,,,,,UC4or62_-jM7Z-HNfeR6NCZQ,0,152,4800,0.85,0.025,True,False,skool.com,,1.0,manual,https://www.youtube.com/watch?v=TRWUfYk6U9c,https://www.youtube.com/watch?v=Lng_2zlyejg,one video is carrying the average; views are low for the subscriber count; monetized but missing at least one High criterion,True,15,True,True,2026-10-10T03:41:24+00:00
RomanJiuJitsu,https://www.youtube.com/@romanjiujitsu,,No,none,fitness,16346,11900,Mid,,,,,,,,,UCjgFUcISNZAs3C0z_2PK2AA,10,61,4800,0.65,1.3736,True,False,coaching; link hub: linktr.ee,,0.53,manual,https://www.youtube.com/watch?v=OaL5sEZXOeM,https://www.youtube.com/watch?v=18RkqmS9k5Q,one video is carrying the average; monetized but missing at least one High criterion,True,15,True,True,2026-10-10T03:47:15+00:00
Gabrielle de Ramos,https://www.youtube.com/@gabriellederamos,,No,none,lifestyle_vlog,4980,6520,Mid,,,,,,,,,UCInv_VBq1wyb0rHua8pziMg,0,335,4600,1.08,0.7638,True,False,ebook,,0.77,manual,https://www.youtube.com/watch?v=xqI3_mKdRM4,https://www.youtube.com/watch?v=deQCbwF2USA,monetized but missing at least one High criterion,False,15,True,True,2026-10-10T03:43:06+00:00
Gracie Ohio Jiu-Jitsu Academy,https://www.youtube.com/@gracieohio,,No,affiliate_only,martial_arts,8784,60000,Mid,,,,,,,,,UCBPydALEy7GgmIkGzE23FhQ,0,122,3900,4.8,0.1464,True,False,ebook; amzn.to; affiliate,,0.83,manual,https://www.youtube.com/watch?v=nYjlBi4y8og,https://www.youtube.com/watch?v=eYNicZMD6NI,one video is carrying the average; monetized but missing at least one High criterion,True,15,True,True,2026-10-10T03:20:22+00:00
Siam Boxing,https://www.youtube.com/@SiamBoxing,,No,none,martial_arts,5600,217000,Mid,,,,,,,,,UC6B-Y7VKU_P9IDt60NNiGwA,13,14,3900,0.49,0.0258,False,False,,,0.86,manual,https://www.youtube.com/watch?v=9kCQfFaOnMs,https://www.youtube.com/watch?v=0uITGPtjr-c,"views are low for the subscriber count; no monetization found, check link hubs and the About page by hand",True,15,True,True,2026-10-10T03:28:13+00:00
World Class Boxing Channel,https://www.youtube.com/@WorldClassBoxingChannel,,No,none,martial_arts,4860,215000,Mid,,,,,,,,,UCFd-tIEZTYhdR3lWCQ7inyg,2,30,3900,0.59,0.0226,True,False,ebook,,0.67,manual,https://www.youtube.com/watch?v=aI26q1c5Bhc,https://www.youtube.com/watch?v=FxEJT9ZaOF0,views are low for the subscriber count; monetized but missing at least one High criterion,True,15,True,True,2026-10-10T03:31:18+00:00
Kajan Johnson MMA,https://www.youtube.com/@CoachKajan,tristargymwest@gmail.com,No,none,martial_arts,8326,116000,Mid,,,,,,,,,UCxK2atNAMdP1H28l2RiZEbw,4,13,3500,4.31,0.0718,True,False,course,,1.0,channel_description,https://www.youtube.com/watch?v=_PD-6co6TOQ,https://www.youtube.com/watch?v=ZlhTPKx46HY,one video is carrying the average; monetized but missing at least one High criterion,True,15,True,True,2026-10-10T03:34:41+00:00
Zen-Shin Martial Arts,https://www.youtube.com/@ZenShin,,Yes,community_or_membership,martial_arts,8867,9350,Mid,,,,,,,,,UCxfoRU6AiOoqMyFDM62MZGQ,0,152,3300,0.04,0.9483,True,False,patreon.com; ebook,,1.0,manual,https://www.youtube.com/watch?v=rw9iqOl2BTo,https://www.youtube.com/watch?v=7m0tUM4Lb1w,one video is carrying the average; monetized but missing at least one High criterion,True,15,True,True,2026-10-10T03:36:02+00:00
KRAV MAGA PROTECTION INTERNATIONAL KMP,https://www.youtube.com/@kravmagaprotectioninternat1609,info@kravmagaprotection.org,No,none,martial_arts,2656,22400,Mid,,,,,,,,,UCDlamqxxuyJ2GrVsHMoSsdA,0,335,3200,,0.1186,True,False,ebook,,1.0,channel_description,https://www.youtube.com/watch?v=Xyf4ARIY1O8,https://www.youtube.com/watch?v=Xyf4ARIY1O8,monetized but missing at least one High criterion,False,3,True,True,2026-10-10T03:40:10+00:00
RATETHISGEAR,https://www.youtube.com/@ratethisgear,,No,affiliate_only,martial_arts,5673,3960,Mid,,,,,,,,,UCUPkHk4YWhMBsPNEURfIDZQ,0,2192,3000,1.12,1.4326,True,False,amzn.to,,0.77,manual,https://www.youtube.com/watch?v=KTJ2Y2Y5YZw,https://www.youtube.com/watch?v=tRUhAbeFEfM,monetized but missing at least one High criterion,False,15,True,True,2026-10-10T03:49:06+00:00
Charles Allan Price,https://www.youtube.com/@charlesallanprice,,Yes,community_or_membership,martial_arts,3401,46400,Mid,,,,,,,,,UCgOEhaUgKJ6nA7i78-9U6Tg,5,30,2800,0.76,0.0733,True,True,patreon.com; program; coaching; sponsor read,,0.58,manual,https://www.youtube.com/watch?v=ANhmOBwvw5g,https://www.youtube.com/watch?v=RsBInBprm9A,monetized but missing at least one High criterion,False,15,True,True,2026-10-10T03:45:37+00:00
The Combat Academy,https://www.youtube.com/@The_CombatAcademy,,No,none,martial_arts,3206,6410,Mid,,,,,,,,,UCgdDmlK38UDqQ0tBh1IobYg,0,61,2700,0.72,0.5002,True,False,program; ebook,,1.0,manual,https://www.youtube.com/watch?v=mFVWpzCPxvk,https://www.youtube.com/watch?v=9oHlXwaBRNA,monetized but missing at least one High criterion,False,15,True,True,2026-10-10T03:28:59+00:00
Qodir 17,https://www.youtube.com/@qodir17,,No,none,martial_arts,2744,402000,Mid,,,,,,,,,UCWYHVTc1Tpz7h7-WF1b3B_Q,17,4,2700,0.26,0.0068,False,False,,,0.93,manual,https://www.youtube.com/watch?v=KiJRVN_i_mw,https://www.youtube.com/watch?v=zIkmrqMuWCA,"views are low for the subscriber count; no monetization found, check link hubs and the About page by hand",True,15,True,True,2026-10-10T03:39:39+00:00
Travis Stevens,https://www.youtube.com/@TravisStevensgrappling,,No,affiliate_only,martial_arts,3668,79000,Mid,,,,,,,,,UC98L1AqW263q3ctkpU6CPKw,0,365,2600,0.5,0.0464,True,False,amzn.to,,1.0,manual,https://www.youtube.com/watch?v=QWBsnBy-zTo,https://www.youtube.com/watch?v=Ca3M3f5y170,monetized but missing at least one High criterion,False,15,True,True,2026-10-10T03:36:58+00:00
Aikidoflow,https://www.youtube.com/@Aikidoflow,,Yes,digital_product,fitness,5533,293000,Mid,,,,,,,,,UClhLazRwMSdXeF-MBFUo4gg,6,9,2600,1.14,0.0189,True,False,thinkific.com; merch; spring.com; teespring; ebook,,1.0,manual,https://www.youtube.com/watch?v=hek7zI4B9lY,https://www.youtube.com/watch?v=autgHaXrZSs,one video is carrying the average; views are low for the subscriber count; monetized but missing at least one High criterion,True,15,True,True,2026-10-10T03:41:11+00:00
Taekwondo with Chadi,https://www.youtube.com/@TaekwondowithChadi,contact.tkdchadi@gmail.com,No,none,martial_arts,84486,37600,Mid,,,,,,,,,UClmM4cWUXq4O-gvy95BDV-A,4,6,2300,1.16,2.247,True,False,ebook,,0.91,channel_description,https://www.youtube.com/watch?v=a63i2pS9fkQ,https://www.youtube.com/watch?v=zdnjVuSLTvc,one video is carrying the average; monetized but missing at least one High criterion,True,15,True,True,2026-10-10T03:38:33+00:00
Lu Strength & Therapy,https://www.youtube.com/@LuStrengthTherapy,,No,none,lifestyle_vlog,4103,32000,Mid,,,,,,,,,UCZxyG29SCHpeOklZ6twgQCw,0,1096,2200,5.06,0.1282,True,False,ebook,,0.64,manual,https://www.youtube.com/watch?v=qs6gwoThBsw,https://www.youtube.com/watch?v=dz5m5ikRzX0,monetized but missing at least one High criterion,False,15,True,True,2026-10-10T03:46:38+00:00
shawn melanson,https://www.youtube.com/@shawnmelanson160,,No,none,martial_arts,3842,9220,Mid,,,,,,,,,UCLHCDXicB3EZzim33wKxfug,7,5,2100,1.69,0.4167,False,False,,,0.62,manual,https://www.youtube.com/watch?v=qLNVonxXM3g,https://www.youtube.com/watch?v=LP8Q5kvucEA,"no monetization found, check link hubs and the About page by hand",True,15,True,True,2026-10-10T03:43:43+00:00
Funk Roberts,https://www.youtube.com/@FunkRoberts,,No,none,fitness,5372,737000,Mid,,,,,,,,,UCrzICdOsXhtn4zMlk4bnTIg,29,0,2000,0.34,0.0073,True,False,program; coaching; ebook,$1,0.75,manual,https://www.youtube.com/watch?v=m76phQCM-KY,https://www.youtube.com/watch?v=D4sAzN3ETeU,one video is carrying the average; views are low for the subscriber count; monetized but missing at least one High criterion,True,15,True,True,2026-10-10T03:46:21+00:00
Dave Boxing Coach,https://www.youtube.com/@daveboxingcoaching,,Yes,course,martial_arts,3027,13100,Mid,,,,,,,,,UCkrm0NY9ZV8f2pVv0GB8Heg,0,91,1900,1.11,0.2311,True,False,payhip.com; course; program; coaching,,0.75,manual,https://www.youtube.com/watch?v=EGaiI6CkMCM,https://www.youtube.com/watch?v=b5VFlBRPmL4,monetized but missing at least one High criterion,False,15,True,True,2026-10-10T03:30:19+00:00
Jiu Jitsu Junction,https://www.youtube.com/@jiujitsujunction,,No,affiliate_only,martial_arts,3587,6160,Mid,,,,,,,,,UCGuInA_tOxreDsoRnmtOpZQ,0,730,1800,3.45,0.5823,True,False,amzn.to; affiliate,,0.87,manual,https://www.youtube.com/watch?v=ECCOF5Vp86s,https://www.youtube.com/watch?v=ECCOF5Vp86s,monetized but missing at least one High criterion,False,15,True,True,2026-10-10T03:21:13+00:00
Heather Morgan,https://www.youtube.com/@Heather_MorganBJJ,,No,none,martial_arts,2059,14200,Mid,,,,,,,,,UCgLkwZdCTGezz7ObfVJphKw,6,10,1800,0.35,0.145,False,False,,,0.82,manual,https://www.youtube.com/watch?v=l-odsFELIhQ,https://www.youtube.com/watch?v=ZxLTFtzWJ_w,"no monetization found, check link hubs and the About page by hand",True,15,True,True,2026-10-10T03:21:58+00:00
Teaching you MMA & BJJ,https://www.youtube.com/@jasonsaggo,,No,none,martial_arts,2926,26000,Mid,,,,,,,,,UCdtUoqo4WGNJFixRlPvQzNQ,3,9,1700,0.76,0.1125,True,False,course,,1.0,manual,https://www.youtube.com/watch?v=sBGmsGPJF2A,https://www.youtube.com/watch?v=_QWd60sPjQ8,monetized but missing at least one High criterion,False,15,True,True,2026-10-10T03:20:44+00:00
Global Martial Arts University,https://www.youtube.com/@GlobalMartialArtsUniversity,,No,lead_magnet_only,martial_arts,2688,383000,Mid,,,,,,,,,UC2P_ez18uOCFlNpnZParZtw,6,2,1500,0.6,0.007,True,False,course; program; ebook; free lead magnet,,0.78,manual,https://www.youtube.com/watch?v=LBmrv1VRQmI,https://www.youtube.com/watch?v=491vzd2NlVY,views are low for the subscriber count; monetized but missing at least one High criterion,True,15,True,True,2026-10-10T03:29:50+00:00
PeanutButterKidMMA,https://www.youtube.com/@PBKMMA,,Yes,merch,martial_arts,6034,1950,Mid,,,,,,,,,UCHL-1a_8CA2eXeX5aM33jKA,4,12,1500,0.49,3.0944,True,False,merch; ebook,,0.64,manual,https://www.youtube.com/watch?v=ue8qRAkbTTA,https://www.youtube.com/watch?v=HKX-HBAM8NQ,one video is carrying the average; monetized but missing at least one High criterion,True,15,True,True,2026-10-10T03:35:10+00:00
Chasen Hill,https://www.youtube.com/@ChasenHill,chasen@chasenhill.com,No,sponsors_only,martial_arts,2173,11700,Mid,,,,,,,,,UC-EWWP-o3wuIk82ZGUhv4-g,4,3,1400,0.73,0.1857,True,True,course; program; work with me; ebook; sponsor read,,0.6,channel_description,https://www.youtube.com/watch?v=zpgLI-0L2bw,https://www.youtube.com/watch?v=LZS9RuP6NiY,monetized but missing at least one High criterion,False,15,True,True,2026-10-10T03:24:21+00:00
Grapplers Graveyard,https://www.youtube.com/@grapplersgraveyard,,No,none,martial_arts,1492,808,Mid,,,,,,,,,UCoZb3xKM21iCuNTDy_kOtqg,5,3,1400,1.33,1.8465,False,False,,,1.0,manual,https://www.youtube.com/watch?v=BDWI3EZkexU,https://www.youtube.com/watch?v=KKsAlVT_Cxc,"no monetization found, check link hubs and the About page by hand",True,15,True,True,2026-10-10T03:48:28+00:00
Regal Boxing,https://www.youtube.com/@regalrobertboxing,,No,none,food,1727,30100,Mid,,,,,,,,,UCXNboZf25wu4zEmlfLYVZSA,8,21,1300,1.96,0.0574,False,False,,,0.83,manual,https://www.youtube.com/watch?v=ZPEDqH9T1lQ,https://www.youtube.com/watch?v=J7m9XeHYKpY,"no monetization found, check link hubs and the About page by hand",True,15,True,True,2026-10-10T03:32:16+00:00
csquaredboxing,https://www.youtube.com/@csquaredboxing,,No,none,martial_arts,1671,75800,Mid,,,,,,,,,UCfpXRiZPw9mJFDXMe4j33dA,26,1,1300,0.84,0.022,True,False,ebook,,0.93,manual,https://www.youtube.com/watch?v=4jdeL55EiPs,https://www.youtube.com/watch?v=1RTYWTSlHd4,views are low for the subscriber count; monetized but missing at least one High criterion,True,15,True,True,2026-10-10T03:48:51+00:00
Joshua Settlage,https://www.youtube.com/@joshuasettlage,,No,sponsors_only,fitness,3164,43600,Mid,,,,,,,,,UC5LpYPNiaPVEH4VmStGwiGA,7,61,1200,2.56,0.0726,True,True,course; accelerator; sponsor read; free lead magnet,,0.57,manual,https://www.youtube.com/watch?v=XV5zP2bl1D4,https://www.youtube.com/watch?v=HsKs0V1-z3Q,one video is carrying the average; monetized but missing at least one High criterion,True,15,True,True,2026-10-10T03:21:20+00:00
Get Fit with Gosia,https://www.youtube.com/@GosiaCanoFitness,,No,affiliate_only,fitness,1435,16700,Mid,,,,,,,,,UCXjmpD3EN4fntinUR1I6s_w,0,213,1200,1.48,0.0859,True,False,ebook; amzn.to,,1.0,manual,https://www.youtube.com/watch?v=tbCyx7mpZSA,https://www.youtube.com/watch?v=ZsnVEZfZQbM,monetized but missing at least one High criterion,False,15,True,True,2026-10-10T03:32:09+00:00
Rafeh Qazi,https://www.youtube.com/@rafeh_qazi,,No,none,finance,100806,7720,Mid,,,,,,,,,UC-6MFymego3c21c0E-ML8xA,2,8,1000,1.34,13.0578,True,False,program,,0.4,manual,https://www.youtube.com/watch?v=R3UAWD5l9mo,https://www.youtube.com/watch?v=J-w5Y8zLSXU,one video is carrying the average; monetized but missing at least one High criterion,True,15,True,True,2026-10-10T03:25:22+00:00
Brayden Mirjavadi,https://www.youtube.com/@braydenmirjavadi,,No,none,martial_arts,1482,2940,Mid,,,,,,,,,UCyQ0habmXMbktK4XuQphzHw,0,91,1000,1.03,0.5041,True,False,coaching,,0.6,manual,https://www.youtube.com/watch?v=BKc1uIqjDsI,https://www.youtube.com/watch?v=enLo5KrlL_s,monetized but missing at least one High criterion,False,15,True,True,2026-10-10T03:34:34+00:00
Fit2Box,https://www.youtube.com/@Fit2Box,,No,affiliate_only,martial_arts,1921,30700,Mid,,,,,,,,,UC3K47mdznpJrrW3YJXBHzOQ,12,5,841,0.84,0.0626,True,False,affiliate,,0.78,manual,https://www.youtube.com/watch?v=2y2vhnqdB8g,https://www.youtube.com/watch?v=rVUggzq2yLo,one video is carrying the average; monetized but missing at least one High criterion,True,15,True,True,2026-10-10T03:49:21+00:00
David Wong - Health Tech Visionary,https://www.youtube.com/@davidwongmastery,,No,none,food,864,473000,Mid,,,,,,,,,UCEVmJqk64ikXhNpJpLr0azA,25,1,834,1.24,0.0018,True,False,ebook,,0.5,manual,https://www.youtube.com/watch?v=UH_liJwRwN0,https://www.youtube.com/watch?v=dUGocIrhlt4,views are low for the subscriber count; monetized but missing at least one High criterion,True,15,True,True,2026-10-10T03:39:03+00:00
FANATIC WRESTLING,https://www.youtube.com/@fanaticwrestling3904,,No,sponsors_only,martial_arts,787,87600,Mid,,,,,,,,,UC-yjaFx9uo_x4BFyzYEIvqg,4,4,826,0.86,0.009,True,True,ebook; sponsor read,,1.0,manual,https://www.youtube.com/watch?v=_NbxIDn14SY,https://www.youtube.com/watch?v=0D0C8a-t1LA,views are low for the subscriber count; monetized but missing at least one High criterion,True,8,True,True,2026-10-10T03:33:56+00:00
8Tribe Muay Thai,https://www.youtube.com/@8TribeMuayThai,,No,none,martial_arts,893,15900,Mid,,,,,,,,,UCwy5KvxG53tUYKx1UWv9cTA,1,7,756,1.18,0.0562,True,False,coaching,,1.0,manual,https://www.youtube.com/watch?v=b6ehoE3PsTo,https://www.youtube.com/watch?v=_ccuRYoMN6g,monetized but missing at least one High criterion,False,10,True,True,2026-10-10T03:27:22+00:00
Kama Jiu-Jitsu,https://www.youtube.com/@KamaJiuJitsu,,Yes,community_or_membership,martial_arts,1003,43200,Mid,,,,,,,,,UCapEVzayiAuplSlTNnf6hpA,5,30,704,0.84,0.0232,True,False,patreon.com; merch; program; ebook; amzn.to; affiliate,,1.0,manual,https://www.youtube.com/watch?v=yiB9WrGO_uA,https://www.youtube.com/watch?v=NExgDxD3bJs,views are low for the subscriber count; monetized but missing at least one High criterion,True,15,True,True,2026-10-10T03:25:07+00:00
Dynamix MMA,https://www.youtube.com/@DynamixMMA,,No,none,martial_arts,31538,2760,Mid,,,,,,,,,UCIIU6SZdZUN3T_3088XHWkQ,2,30,603,105.77,11.4268,True,False,ebook,,0.85,manual,https://www.youtube.com/watch?v=BhmV7ZUipR4,https://www.youtube.com/watch?v=iByvUzTk4Ko,one video is carrying the average; monetized but missing at least one High criterion,True,15,True,True,2026-10-10T03:23:16+00:00
Danny Fung,https://www.youtube.com/@ExperienceMMA,info@experiencemma.com,No,none,martial_arts,518,33000,Mid,,,,,,,,,UCxzKJv-EDESUPBvtns6ptIw,14,1,472,1.01,0.0157,True,False,ebook,,0.75,channel_description,https://www.youtube.com/watch?v=kJHnm4eC-L4,https://www.youtube.com/watch?v=kJHnm4eC-L4,views are low for the subscriber count; monetized but missing at least one High criterion,True,15,True,True,2026-10-10T03:28:22+00:00
RVV BJJ,https://www.youtube.com/@RVVBJJ,,No,none,martial_arts,581,33400,Mid,,,,,,,,,UCi_I_mIrzSOlgj_fAGA_FDQ,28,21,466,0.38,0.0174,True,False,ebook,,0.75,manual,https://www.youtube.com/watch?v=GMJFUomdxZc,https://www.youtube.com/watch?v=d5-TiQkeijk,views are low for the subscriber count; monetized but missing at least one High criterion,True,15,True,True,2026-10-10T03:23:31+00:00
Krufessor Rad,https://www.youtube.com/@Krufessor_Rad,,Yes,merch,martial_arts,850,34700,Mid,,,,,,,,,UCMHmXRNoBi5LYlfFkR0PnEw,12,1,412,1.7,0.0245,True,True,merch; course; sponsor read,$100,0.7,manual,https://www.youtube.com/watch?v=GAPQM1QWoGs,https://www.youtube.com/watch?v=GAPQM1QWoGs,one video is carrying the average; views are low for the subscriber count; monetized but missing at least one High criterion,True,15,True,True,2026-10-10T03:45:14+00:00
TrustRanker | AI-Free Reviews & Rankings,https://www.youtube.com/@trustranker,,No,affiliate_only,tech,656,29300,Mid,,,,,,,,,UCBAiOVxeE2SGvYf3Opc6r5g,29,1,409,0.87,0.0224,True,False,amzn.to; affiliate,,0.5,manual,https://www.youtube.com/watch?v=RkSmVIhM4rc,https://www.youtube.com/watch?v=RkSmVIhM4rc,views are low for the subscriber count; monetized but missing at least one High criterion,True,15,True,True,2026-10-10T03:47:58+00:00
AKA Thailand,https://www.youtube.com/@AKAThailandGym,info@akathailand.com,No,none,martial_arts,568,35500,Mid,,,,,,,,,UCDyUfCyv4n5wXjcjxOnlkZQ,9,0,401,0.75,0.016,True,False,program; ebook,,1.0,channel_description,https://www.youtube.com/watch?v=d8dnBvLooPI,https://www.youtube.com/watch?v=5sPLMcwLhwg,views are low for the subscriber count; monetized but missing at least one High criterion,True,10,True,True,2026-10-10T03:26:14+00:00
KARATE SIR,https://www.youtube.com/@KARATESIR,,No,none,fitness,788,108000,Mid,,,,,,,,,UCbci0G1O9DuqXRab5nstIEg,13,7,308,0.52,0.0073,True,False,course; ebook,,0.71,manual,https://www.youtube.com/watch?v=E9JolsH3HHQ,https://www.youtube.com/watch?v=REHQN1TnxGc,one video is carrying the average; views are low for the subscriber count; monetized but missing at least one High criterion,True,12,True,True,2026-10-10T03:36:14+00:00
Hitfit,https://www.youtube.com/@hitfit_training,,No,none,martial_arts,5383,71900,Mid,,,,,,,,,UCKFDjdTuGypSxtaprNfMqdw,1,30,237,4.06,0.0749,True,False,ebook,,0.75,manual,https://www.youtube.com/watch?v=4S-XCdM8RAc,https://www.youtube.com/watch?v=iLSuotjfRr0,one video is carrying the average; monetized but missing at least one High criterion,True,15,True,True,2026-10-10T03:30:12+00:00
FUJI Sports,https://www.youtube.com/@fujisportsus,,No,affiliate_only,martial_arts,177,10500,Mid,,,,,,,,,UCGFpjeShuNAll2nQRT-U1-g,1,12,177,,0.0169,True,False,ebook; affiliate,,1.0,manual,https://www.youtube.com/watch?v=gCUI7wzR7Sw,https://www.youtube.com/watch?v=gCUI7wzR7Sw,views are low for the subscriber count; monetized but missing at least one High criterion,True,1,True,True,2026-10-10T03:48:20+00:00
Elite Sports,https://www.youtube.com/@Elitesportsus,,No,none,martial_arts,124,1330,Mid,,,,,,,,,UCm4B7DsGzEnUmOQj9P565EQ,0,1,124,,0.0932,True,False,ebook,$60,1.0,manual,https://www.youtube.com/watch?v=NmQPqJ-MVxM,https://www.youtube.com/watch?v=NmQPqJ-MVxM,monetized but missing at least one High criterion,False,1,True,True,2026-10-10T03:48:13+00:00
The Sales Whisperer®,https://www.youtube.com/@TheSalesWhispererWes,,No,none,business,39,2040,Mid,,,,,,,,,UC2qllZ-VvIuLGVZ9PMB9bfg,9,1,20,1.41,0.0191,True,False,coaching; ebook,$19,0.71,manual,https://www.youtube.com/watch?v=IxelWj6jP94,https://www.youtube.com/watch?v=oM_j1VCLNH0,views are low for the subscriber count; monetized but missing at least one High criterion,True,15,True,True,2026-10-10T03:48:35+00:00
djvlad,https://www.youtube.com/@vladtv,,No,none,,0,6460000,Mid,,,,,,,,,UCg7lal8IC-xPyKfgH4rdUcA,29,0,0,,0.0,True,False,ebook,,0.0,manual,,,views are low for the subscriber count; monetized but missing at least one High criterion,True,0,True,True,2026-10-10T03:41:45+00:00
IBJJF (International Brazilian Jiu-Jitsu Federation),https://www.youtube.com/@ibjjf,,No,none,,0,469000,Mid,,,,,,,,,UCuEclQFX1C12JpywNDNMHIg,22,7,0,,0.0,True,False,ebook,,0.0,manual,,,views are low for the subscriber count; monetized but missing at least one High criterion,True,0,True,True,2026-10-10T03:44:44+00:00
deusAXEmachina,https://www.youtube.com/@deusAXEmachina,,No,none,martial_arts,2108555,102000,Low,,,,,,,,,UClsvoaH5__6skWDZLW8RJJg,0,5844,1900000,1.26,20.6721,False,False,,,1.0,manual,https://www.youtube.com/watch?v=5uJN4ecl39U,https://www.youtube.com/watch?v=gyb2iUVY0oQ,no monetization found; rare uploads; stale channel,False,9,True,True,2026-10-10T03:26:44+00:00
More Plates More Dates,https://www.youtube.com/@MorePlatesMoreDates,,No,none,,372333,2049999,Low,,,,,,,,,UCoR7CHkMETs3ByOv74OAbFw,0,244,182000,0.45,0.1816,True,False,ebook,,0.0,manual,https://www.youtube.com/watch?v=T7Du56FO7JA,https://www.youtube.com/watch?v=c8mgQvOzuIE,one video is carrying the average; rare uploads; stale channel; no clear niche,True,15,True,True,2026-10-10T03:24:59+00:00
JRE Clips,https://www.youtube.com/@JREClips,,No,none,outdoors,413266,8320000,Low,,,,,,,,,UCnxGkOGNMqQEUMvroOWps6Q,30,1,173000,0.78,0.0497,False,False,,,0.33,manual,https://www.youtube.com/watch?v=6rru8d9yIH4,https://www.youtube.com/watch?v=hkbv4ILw_II,one video is carrying the average; no monetization found; no clear niche,True,15,True,True,2026-10-10T03:44:31+00:00
Trevor Hannant,https://www.youtube.com/@trevorhannant,,No,none,fitness,131000,2200000,Low,,,,,,,,,UCWi7KHXTNPGdVh_bStskL5A,0,730,141000,,0.0595,False,False,,,0.33,manual,https://www.youtube.com/watch?v=XUlKwYzlcy0,https://www.youtube.com/watch?v=Z7qeuExEObk,no monetization found; rare uploads; stale channel; no clear niche,False,3,True,True,2026-10-10T03:38:18+00:00
rushfit workout,https://www.youtube.com/@rushfitworkout8425,,No,none,fitness,171571,7390,Low,,,,,,,,,UCJ9btEhIYN0SxkPQf_Pc-IA,0,4018,138000,0.92,23.2166,False,False,,,1.0,manual,https://www.youtube.com/watch?v=XSZA9nO4dok,https://www.youtube.com/watch?v=ynqLwHXnL2I,no monetization found; rare uploads; stale channel,False,7,True,True,2026-10-10T03:46:13+00:00
Joanna Soh Official,https://www.youtube.com/@joannasohofficial,joannasohofficial@gmail.com,No,none,fitness,193400,3110000,Low,,,,,,,,,UCnP_T4dI2JYG7BnH42PC9qw,0,1096,137000,1.63,0.0622,True,False,ebook,,0.5,channel_description,https://www.youtube.com/watch?v=klwXzsEd-5o,https://www.youtube.com/watch?v=aVDkHGX3nfQ,rare uploads; stale channel; no clear niche,False,15,True,True,2026-10-10T03:40:56+00:00
Gordon Ryan,https://www.youtube.com/@Gordonlovesjiujitsu,,No,none,martial_arts,79440,136000,Low,,,,,,,,,UC39B1m3jwr-ryMPgSjBqwqg,1,0,63000,0.91,0.5841,False,False,link hub: linktr.ee,,0.83,manual,https://www.youtube.com/watch?v=cy4nLEQysyc,https://www.youtube.com/watch?v=R4-4wiHam98,no monetization found; rare uploads,False,15,True,True,2026-10-10T03:20:00+00:00
Benavidez Family,https://www.youtube.com/@davidbenavidez300,,No,none,martial_arts,49533,15100,Low,,,,,,,,,UCwbucIhn5v5RPMsUZp7-nzQ,0,91,49000,1.32,3.2803,False,False,,,0.6,manual,https://www.youtube.com/watch?v=8sXvQEHm5sA,https://www.youtube.com/watch?v=tFh7_lZ5O9U,no monetization found; rare uploads; stale channel,False,15,True,True,2026-10-10T03:42:59+00:00
Kyler Larkin,https://www.youtube.com/@kylerlarkin159,,No,none,martial_arts,42133,33500,Low,,,,,,,,,UCjSVj8MrLLhneayRyuZsayA,0,213,36000,0.8,1.2577,False,False,,,0.75,manual,https://www.youtube.com/watch?v=_x9-IOcNYcc,https://www.youtube.com/watch?v=IZdMBC7cmsc,no monetization found; rare uploads; stale channel,False,15,True,True,2026-10-10T03:34:27+00:00
Jocko Podcast,https://www.youtube.com/@JockoPodcastOfficial,,No,none,martial_arts,67573,1980000,Low,,,,,,,,,UCkqcY4CAuBFNFho6JgygCnA,28,1,35000,0.2,0.0341,False,False,,,0.33,manual,https://www.youtube.com/watch?v=qvjUdWR9GLA,https://www.youtube.com/watch?v=P_VQra_2EQY,no monetization found; no clear niche,False,15,True,True,2026-10-10T03:24:36+00:00
VNDL Jiu-Jitsu,https://www.youtube.com/@VNDLJiuJitsu,info@vndljiujitsu.com,No,none,martial_arts,52933,26500,Low,,,,,,,,,UCoLX6UZmpHcTuFaIPXeVqbA,0,304,33000,1.49,1.9975,False,False,,,0.93,channel_description,https://www.youtube.com/watch?v=1Euf4S8fCxY,https://www.youtube.com/watch?v=1Euf4S8fCxY,no monetization found; rare uploads; stale channel,False,15,True,True,2026-10-10T03:42:00+00:00
Tyler Spangler,https://www.youtube.com/@TylerSpangler,,No,none,martial_arts,45793,128000,Low,,,,,,,,,UCPtul3OlwJTWSuIOHtjqvpg,1,13,32000,1.92,0.3578,False,False,link hub: linktr.ee,,0.67,manual,https://www.youtube.com/watch?v=2zPM90Kl9dA,https://www.youtube.com/watch?v=W-S9FRyHL-M,no monetization found; rare uploads,False,15,True,True,2026-10-10T03:24:29+00:00
Boxing Home Workouts,https://www.youtube.com/@boxinghomeworkouts,,No,none,fitness,33273,65400,Low,,,,,,,,,UC5m6Dwsp53w_pcKPtP96kBA,0,1461,32000,2.79,0.5088,False,False,,,0.8,manual,https://www.youtube.com/watch?v=SwL8GWyHdoY,https://www.youtube.com/watch?v=a_60uTFEuEY,no monetization found; rare uploads; stale channel,False,15,True,True,2026-10-10T03:30:26+00:00
"Sean ""Muay Thai Guy"" Fagan",https://www.youtube.com/@seanfagan,,No,none,fitness,46000,454000,Low,,,,,,,,,UCpRyzlMgSv7_9eMhq-l3DAw,0,183,28000,0.3,0.1013,True,False,program; ebook,,0.53,manual,https://www.youtube.com/watch?v=uuBdODesdMI,https://www.youtube.com/watch?v=KNz0wqbzlR8,rare uploads; stale channel; no clear niche,False,15,True,True,2026-10-10T03:27:15+00:00
ValidMMA,https://www.youtube.com/@ValidMMA,,No,none,fitness,143990,4680,Low,,,,,,,,,UCSQFATC2asa4bWt48g9k8Eg,0,1096,27700,,30.7671,False,False,,,0.67,manual,https://www.youtube.com/watch?v=s7i7Z19URyU,https://www.youtube.com/watch?v=s7i7Z19URyU,one video is carrying the average; no monetization found; rare uploads; stale channel,True,4,True,True,2026-10-10T03:32:43+00:00
Jacob Rodriguez,https://www.youtube.com/@thenightmarekb,,No,none,fitness,33732,140000,Low,,,,,,,,,UC1YocYOTJqm1a29VTorswBA,2,9,27000,0.07,0.2409,False,False,,,0.5,manual,https://www.youtube.com/watch?v=Hcam-v9N4Oc,https://www.youtube.com/watch?v=nn95ijpuYB4,no monetization found; rare uploads; no clear niche,False,15,True,True,2026-10-10T03:27:44+00:00
Ryan Juliano,https://www.youtube.com/@RyanJuliano,tony@prettygoodagents.com,No,none,martial_arts,275853,148000,Low,,,,,,,,,UCIzvh96eooUBxvLB4nOFHFw,0,183,27000,0.61,1.8639,False,False,,,0.87,video_description,https://www.youtube.com/watch?v=M4oPllFsXqU,https://www.youtube.com/watch?v=nwiadMfV1UU,one video is carrying the average; no monetization found; rare uploads; stale channel,True,15,True,True,2026-10-10T03:42:15+00:00
KODOKAN,https://www.youtube.com/@KODOKANJUDO,,No,none,travel,32220,185000,Low,,,,,,,,,UCtF6tu7GuZYkZzht5MIv8UQ,0,152,24000,0.61,0.1742,True,False,ebook,,0.5,manual,https://www.youtube.com/watch?v=ZbjWCm53Osg,https://www.youtube.com/watch?v=L9eXTdrJAdk,rare uploads; stale channel; no clear niche,False,15,True,True,2026-10-10T03:37:20+00:00
Galea Brothers,https://www.youtube.com/@GaleaBrothers,,No,none,martial_arts,149893,33200,Low,,,,,,,,,UC_S0Sg0G1mlI_KlPVsWJ77Q,2,14,22000,0.17,4.5148,False,False,,,0.77,manual,https://www.youtube.com/watch?v=7JnDzlb2lzc,https://www.youtube.com/watch?v=fJ9ao5BWSzg,one video is carrying the average; no monetization found; rare uploads,True,15,True,True,2026-10-10T03:32:51+00:00
Sarah Hilliard,https://www.youtube.com/@sarahhilliard,Shilliard.hhs@gmail.com,No,none,martial_arts,35988,23200,Low,,,,,,,,,UClLePV6VlrCn5a02CrL2HUQ,1,21,20000,0.73,1.5512,False,False,link hub: beacons.ai,,0.33,video_description,https://www.youtube.com/watch?v=AqBZaf8bs5A,https://www.youtube.com/watch?v=Va9VJFcaskg,no monetization found; rare uploads; no clear niche,False,9,True,True,2026-10-10T03:20:37+00:00
Giancarlo Bodoni,https://www.youtube.com/@giancarlobodonibjj,,No,none,martial_arts,18566,36700,Low,,,,,,,,,UCMviEKWzEJPQ5RQUcDys7_A,0,365,18000,1.06,0.5059,False,False,link hub: linktr.ee,,0.5,manual,https://www.youtube.com/watch?v=hziLQm84794,https://www.youtube.com/watch?v=kKpJsf7v5o4,no monetization found; rare uploads; stale channel; no clear niche,False,15,True,True,2026-10-10T03:24:14+00:00
Fight Lab,https://www.youtube.com/@officialfightlab,,No,none,food,44440,483000,Low,,,,,,,,,UCPqk6TzLQt-7GSgmbGIe__g,0,365,16000,1.52,0.092,False,False,,,0.5,manual,https://www.youtube.com/watch?v=WxcNRZF9jmg,https://www.youtube.com/watch?v=JTi_sM1GvSM,one video is carrying the average; no monetization found; rare uploads; stale channel; no clear niche,True,15,True,True,2026-10-10T03:33:12+00:00
Alexei Pergande,https://www.youtube.com/@Alexei.Pergande,,No,none,fitness,37781,191000,Low,,,,,,,,,UC-yScWbVU1sZMt2yQiOJt3Q,6,21,16000,0.33,0.1978,False,False,,,0.4,manual,https://www.youtube.com/watch?v=ReMb0H0rdrc,https://www.youtube.com/watch?v=_eu7V63iUaw,one video is carrying the average; no monetization found; no clear niche,True,11,True,True,2026-10-10T03:35:02+00:00
Tom Drake Media,https://www.youtube.com/@TomDrakeMedia,,No,none,lifestyle_vlog,28000,269,Low,,,,,,,,,UC1_QhFr-2GLxMAmxxQJu-cA,0,365,12000,,104.0892,False,False,,,1.0,manual,https://www.youtube.com/watch?v=FK9iSn8HiNM,https://www.youtube.com/watch?v=FK9iSn8HiNM,one video is carrying the average; no monetization found; rare uploads; stale channel,True,3,True,True,2026-10-10T03:42:44+00:00
WorkoutsbyDavid,https://www.youtube.com/@WorkoutsbyDavid,,Yes,coaching_or_program,lifestyle_vlog,66160,73800,Low,,,,,,,,,UCHXq-U2JbG2ArFRuv8jY4gA,1,61,10000,1.33,0.8965,True,False,myshopify.com; program; ebook; free lead magnet,,0.5,manual,https://www.youtube.com/watch?v=z4f8Aixhalc,https://www.youtube.com/watch?v=z4f8Aixhalc,one video is carrying the average; rare uploads; stale channel; no clear niche,True,15,True,True,2026-10-10T03:46:53+00:00
DTBXING,https://www.youtube.com/@DTBXING,,No,none,martial_arts,31053,64300,Low,,,,,,,,,UCPXTZAV_Bmw9xqz3Mp6m7dA,2,61,9600,1.68,0.4829,False,False,,,1.0,manual,https://www.youtube.com/watch?v=XLOIPQQtj1Y,https://www.youtube.com/watch?v=UR0g95Rb0W4,one video is carrying the average; no monetization found; rare uploads; stale channel,True,13,True,True,2026-10-10T03:30:33+00:00
Cowboy Cerrone,https://www.youtube.com/@BMFRanch,,Yes,merch,martial_arts,16220,117000,Low,,,,,,,,,UC8NKU4rAfwwLTRlKty9yVFw,0,730,9600,0.98,0.1386,True,False,merch; ebook,,0.5,manual,https://www.youtube.com/watch?v=Up9MRDoZwEo,https://www.youtube.com/watch?v=1yFCmo8NRSk,rare uploads; stale channel; no clear niche,False,15,True,True,2026-10-10T03:49:36+00:00
manipolean,https://www.youtube.com/@manipolean1952,,No,none,martial_arts,8850,73,Low,,,,,,,,,UClWNXHfg_wTUqd2NxnjnV6Q,0,1096,8850,,121.2329,False,False,,,1.0,manual,https://www.youtube.com/watch?v=fbPXh93JXeQ,https://www.youtube.com/watch?v=fbPXh93JXeQ,no monetization found; rare uploads; stale channel,False,2,True,True,2026-10-10T03:50:13+00:00
Paul Hughes,https://www.youtube.com/@paulhughesmma,,No,none,lifestyle_vlog,6773,11700,Low,,,,,,,,,UCcToWhJiAVzRb72RpinDeKA,6,14,6100,1.96,0.5789,False,False,,,0.4,manual,https://www.youtube.com/watch?v=d3c_4g5xMt4,https://www.youtube.com/watch?v=d3c_4g5xMt4,no monetization found; no clear niche,False,15,True,True,2026-10-10T03:42:51+00:00
El Yuyu,https://www.youtube.com/@ElYuyuBoxing,,No,none,martial_arts,31833,52200,Low,,,,,,,,,UCc9f5LwHa3ahOQMMrFAW6sw,0,183,5700,3.06,0.6098,False,False,,,0.64,manual,https://www.youtube.com/watch?v=s3FfDx5f6Cw,https://www.youtube.com/watch?v=etZXAJmVa1E,one video is carrying the average; no monetization found; rare uploads; stale channel,True,15,True,True,2026-10-10T03:30:40+00:00
Mikah Diaz-Cruz,https://www.youtube.com/@mikahdiazcruz,,No,none,fitness,5500,540,Low,,,,,,,,,UC3-ZMputB-W-F9xe8y9MZ-Q,0,183,5500,,10.1852,False,False,,,1.0,manual,https://www.youtube.com/watch?v=2nDSdEaVinI,https://www.youtube.com/watch?v=2nDSdEaVinI,no monetization found; rare uploads; stale channel,False,1,True,True,2026-10-10T03:29:57+00:00
Spring Sia,https://www.youtube.com/@SpringSia_HeartMuaythai,heartmuaythai@gmail.com,No,sponsors_only,fitness,11333,30600,Low,,,,,,,,,UCC5VAeu_5aBT58OA0sDioYw,0,365,4900,0.29,0.3704,True,True,coaching; sponsor read,,0.5,channel_description,https://www.youtube.com/watch?v=bVqkk9j0z_Q,https://www.youtube.com/watch?v=vTVyY5CcbiM,one video is carrying the average; rare uploads; stale channel; no clear niche,True,15,True,True,2026-10-10T03:27:30+00:00
Thomas Kincaid MMA,https://www.youtube.com/@ThomasKincaidMMA,,No,none,food,14366,74200,Low,,,,,,,,,UCpIfg0tBAwEdiI5KVaQRv-A,0,183,4900,0.35,0.1936,False,False,,,0.6,manual,https://www.youtube.com/watch?v=xs4FZ5bGlH8,https://www.youtube.com/watch?v=xs4FZ5bGlH8,one video is carrying the average; no monetization found; rare uploads; stale channel,True,15,True,True,2026-10-10T03:33:27+00:00
Fight Health TV,https://www.youtube.com/@FightHealthTV,,No,none,martial_arts,7920,58700,Low,,,,,,,,,UCyIoT-RWu1oYiVoJSLQ37SQ,0,152,4700,1.22,0.1349,False,False,,,0.91,manual,https://www.youtube.com/watch?v=Hj5driUBxwc,https://www.youtube.com/watch?v=Mq0xBeQ6W_4,no monetization found; rare uploads; stale channel,False,15,True,True,2026-10-10T03:31:40+00:00
Michael Chandler,https://www.youtube.com/@mikechandlermma,,No,none,martial_arts,16493,107000,Low,,,,,,,,,UCoJA_fJwuyS9aJC7gmnpdnQ,0,91,4300,0.52,0.1541,True,False,ebook,,0.33,manual,https://www.youtube.com/watch?v=fHF9Ghh1yy0,https://www.youtube.com/watch?v=PGOUEu3qhpw,one video is carrying the average; rare uploads; stale channel; no clear niche,True,15,True,True,2026-10-10T03:45:44+00:00
Coach Tim / Self defense,https://www.youtube.com/@MOABSelfDefense,,No,none,martial_arts,6595,155000,Low,,,,,,,,,UCyhIkhencOV5W7aJtJqk0dg,0,730,3500,1.38,0.0425,False,False,,,0.57,manual,https://www.youtube.com/watch?v=Ub0pfFS5zYE,https://www.youtube.com/watch?v=k5kpdzQHKQg,no monetization found; rare uploads; stale channel; no clear niche,False,13,True,True,2026-10-10T03:29:13+00:00
The Fight Site,https://www.youtube.com/@TheFightSite,,No,none,martial_arts,11597,29600,Low,,,,,,,,,UCzGELkIvoy3sW7ehyu5SHuA,0,213,3000,3.26,0.3918,False,False,,,1.0,manual,https://www.youtube.com/watch?v=PuQjN8d5UXo,https://www.youtube.com/watch?v=AbU29p8p5k4,one video is carrying the average; no monetization found; rare uploads; stale channel,True,15,True,True,2026-10-10T03:33:34+00:00
Bushido Tamashi,https://www.youtube.com/@bushidotamashi5739,,No,none,martial_arts,3325,20700,Low,,,,,,,,,UCZj-MSMKblCIrvMB94GVdlg,0,4748,2800,,0.1606,False,False,,,1.0,manual,https://www.youtube.com/watch?v=gz58GmmtHL8,https://www.youtube.com/watch?v=gz58GmmtHL8,no monetization found; rare uploads; stale channel,False,6,True,True,2026-10-10T03:36:28+00:00
KO Academy,https://www.youtube.com/@k.o_Academy,,No,none,martial_arts,12748,30600,Low,,,,,,,,,UCTAFnWS8N9oF9_UwXio-vaw,0,91,2800,0.31,0.4166,False,False,,,0.83,manual,https://www.youtube.com/watch?v=KITHttNZ6OY,https://www.youtube.com/watch?v=jS78zobHuIk,one video is carrying the average; no monetization found; rare uploads; stale channel,True,7,True,True,2026-10-10T03:36:51+00:00
SlamZone,https://www.youtube.com/@Slamzone1,,No,none,martial_arts,2647,41800,Low,,,,,,,,,UC-0Te56-ZKpns2oMeGthi8g,0,274,2400,,0.0633,False,False,,,1.0,manual,https://www.youtube.com/watch?v=SjW9-AMO85M,https://www.youtube.com/watch?v=dUu65loL9FY,no monetization found; rare uploads; stale channel,False,3,True,True,2026-10-10T03:37:34+00:00
Fairtex Training Center,https://www.youtube.com/@FairtexTrainingCenter,,No,none,martial_arts,5069,28800,Low,,,,,,,,,UCTyNctGdpOccuwv0r2Z2GQw,0,213,2300,1.24,0.176,True,False,ebook,,0.5,manual,https://www.youtube.com/watch?v=ZCcHnVLteDs,https://www.youtube.com/watch?v=8O4LbKyhWO4,one video is carrying the average; rare uploads; stale channel; no clear niche,True,15,True,True,2026-10-10T03:27:37+00:00
Pak MMA,https://www.youtube.com/@PakMMA-7,,No,none,martial_arts,6361,2370,Low,,,,,,,,,UCod72Hp_9BtVnBFVAMwHC_g,1,21,2300,0.16,2.684,False,False,,,1.0,manual,https://www.youtube.com/watch?v=mtlPf2RPT2o,https://www.youtube.com/watch?v=zVS2jR7xMsM,one video is carrying the average; no monetization found; rare uploads,True,15,True,True,2026-10-10T03:34:48+00:00
Stephan Kesting,https://www.youtube.com/@StephanKesting,,No,none,martial_arts,2726,341000,Low,,,,,,,,,UCXpu025o8edxR9b4NMbH11A,1,13,2200,1.05,0.008,False,False,,,0.7,manual,https://www.youtube.com/watch?v=QgbQuTq0psI,https://www.youtube.com/watch?v=ccjxS5bePyw,views are low for the subscriber count; no monetization found; rare uploads,True,15,True,True,2026-10-10T03:24:44+00:00
Ritchie Yip,https://www.youtube.com/@RitchieYip,,No,none,martial_arts,1516,26900,Low,,,,,,,,,UCJs7SzJiKO0HyR8MZQ-IPag,0,730,1700,,0.0564,False,False,,,1.0,manual,https://www.youtube.com/watch?v=dIrTRSNXeKc,https://www.youtube.com/watch?v=fKznskD6rjI,no monetization found; rare uploads; stale channel,False,6,True,True,2026-10-10T03:23:52+00:00
Kimberly Kinch,https://www.youtube.com/@kimberlykinch,,No,none,martial_arts,6466,13200,Low,,,,,,,,,UC279nmQNcJwbJW9b7Vxsitw,0,122,1600,2.89,0.4898,False,False,,,0.46,manual,https://www.youtube.com/watch?v=WooIcbHIrOQ,https://www.youtube.com/watch?v=OL07M609IrE,one video is carrying the average; no monetization found; rare uploads; stale channel; no clear niche,True,15,True,True,2026-10-10T03:42:08+00:00
The Quiet Alpha,https://www.youtube.com/@TheQuietAlpha06,ui.arynkashyap06@gmail.com,No,none,fitness,7744,20500,Low,,,,,,,,,UCi6QSEJ9oRvMWhRpazX4rgA,3,28,1400,1.15,0.3778,False,False,,,0.5,channel_description,https://www.youtube.com/watch?v=ziPdS9lgT3s,https://www.youtube.com/watch?v=GJIsUR9wJ2k,one video is carrying the average; no monetization found; no clear niche,True,15,True,True,2026-10-10T03:30:55+00:00
ROB ROLLS,https://www.youtube.com/@robrolls,,No,none,martial_arts,11755,1820,Low,,,,,,,,,UCbUBzYKdwjNBkj_WKk9au7w,0,730,1300,1.64,6.4588,False,False,,,0.6,manual,https://www.youtube.com/watch?v=FDRjb7KXxh0,https://www.youtube.com/watch?v=Iv9KuSZ1-DQ,one video is carrying the average; no monetization found; rare uploads; stale channel,True,15,True,True,2026-10-10T03:42:29+00:00
Evolve Now - Yoga for Athletes,https://www.youtube.com/@EvolveNowYoga,,No,none,lifestyle_vlog,8179,6620,Low,,,,,,,,,UChO9dLnZKWOgn4JV0wDT-Cg,3,9,1100,0.92,1.2355,False,False,,,0.47,manual,https://www.youtube.com/watch?v=HQsIHcOMRBs,https://www.youtube.com/watch?v=Pr6i0tsfbR4,one video is carrying the average; no monetization found; no clear niche,True,15,True,True,2026-10-10T03:43:58+00:00
Fitness Karate Academy,https://www.youtube.com/@FitnessKarateAcademy,,No,none,martial_arts,1035,19000,Low,,,,,,,,,UCvveeYP7oeXDYkjJriZyMiA,0,304,1000,0.57,0.0545,True,False,ebook,,0.54,manual,https://www.youtube.com/watch?v=V9nU5skByDU,https://www.youtube.com/watch?v=CpXKGVFiaSM,rare uploads; stale channel; no clear niche,False,15,True,True,2026-10-10T03:36:36+00:00
Joslin's MMA,https://www.youtube.com/@JoslinsMMA,,No,none,martial_arts,1486,22900,Low,,,,,,,,,UCK7IBMehmDJWREuKB285J2w,0,730,986,0.32,0.0649,False,False,,,1.0,manual,https://www.youtube.com/watch?v=eWdBFrfFPFI,https://www.youtube.com/watch?v=-ktw1vSVvWk,no monetization found; rare uploads; stale channel; low views,False,15,True,True,2026-10-10T03:29:42+00:00
VTEAM Taekwondo | Kids Confidence & Discipline,https://www.youtube.com/@VTEAMTaekwondo,,No,none,martial_arts,1062,19000,Low,,,,,,,,,UCLytgSMvFfguhe-1N8BF0nQ,0,1826,976,0.61,0.0559,False,False,,,1.0,manual,https://www.youtube.com/watch?v=hYL_1Jg5Tn4,https://www.youtube.com/watch?v=hDtps41kTPo,no monetization found; rare uploads; stale channel; low views,False,15,True,True,2026-10-10T03:37:49+00:00
Thee Combat Corporation,https://www.youtube.com/@combat_corp,,No,none,martial_arts,1645,14800,Low,,,,,,,,,UCuytBUao2eU4yMQ3dOwUd5w,7,9,952,2.2,0.1111,False,False,link hub: linktr.ee,,0.83,manual,https://www.youtube.com/watch?v=RKXag0JM6RQ,https://www.youtube.com/watch?v=vJsbXiJaQxs,no monetization found; low views,False,15,True,True,2026-10-10T03:49:28+00:00
Lollo Fight Channel,https://www.youtube.com/@utcultimate,,No,none,martial_arts,121248,11300,Low,,,,,,,,,UCaTzyNkmuFsRHI9zMIxx0sA,0,365,926,69.35,10.7299,False,False,,,1.0,manual,https://www.youtube.com/watch?v=1m3KOf8Cfx0,https://www.youtube.com/watch?v=MojjvxGxhDE,one video is carrying the average; no monetization found; rare uploads; stale channel; low views,True,15,True,True,2026-10-10T03:27:58+00:00
Gavin Boardman - Predators MMA and BJJ Manchester,https://www.youtube.com/@PredatorsMMAGym,,No,none,martial_arts,50601,4460,Low,,,,,,,,,UC2A9AeIcLcN81ixM3bR2uQQ,7,9,871,0.36,11.3455,False,False,,,1.0,manual,https://www.youtube.com/watch?v=JC3x1hedbLo,https://www.youtube.com/watch?v=JC3x1hedbLo,one video is carrying the average; no monetization found; low views,True,15,True,True,2026-10-10T03:34:19+00:00
Alba Jiu Jitsu,https://www.youtube.com/@Albajiujitsu,,No,none,martial_arts,1103,342,Low,,,,,,,,,UCI09niTkSKI41s9Duef5Ddg,0,91,869,1.66,3.2251,False,False,,,0.83,manual,https://www.youtube.com/watch?v=D8ipNVHIBlg,https://www.youtube.com/watch?v=tyugfp8o9Ew,no monetization found; rare uploads; stale channel; low views,False,15,True,True,2026-10-10T03:44:58+00:00
Grappling Education,https://www.youtube.com/@grapmedia,,No,none,martial_arts,1260,50400,Low,,,,,,,,,UCaENeSlNBt-vA5-kHY9DGWA,0,335,842,0.86,0.025,True,False,ebook,,1.0,manual,https://www.youtube.com/watch?v=_jNUKvWntOc,https://www.youtube.com/watch?v=0gDF0je_cSU,views are low for the subscriber count; rare uploads; stale channel; low views,True,15,True,True,2026-10-10T03:37:27+00:00
Elite Defence Academy International,https://www.youtube.com/@elitedefenceacademyinterna6903,,No,none,martial_arts,3027,1430,Low,,,,,,,,,UCiahrPVbD27L6gEsN_Bs-pw,0,365,810,0.69,2.1168,True,False,program,,0.73,manual,https://www.youtube.com/watch?v=_FVcSZZh0Wc,https://www.youtube.com/watch?v=DqP4lTYfG1M,one video is carrying the average; rare uploads; stale channel; low views,True,15,True,True,2026-10-10T03:40:25+00:00
Enter Tai Chi,https://www.youtube.com/@entertaichi,,Yes,merch,fitness,1453,177000,Low,,,,,,,,,UCAuCfOo1L3r4cukZvg6expg,0,730,766,0.59,0.0082,True,False,spring.com; course; ebook; free lead magnet,$4.99,0.67,manual,https://www.youtube.com/watch?v=dpJRl4JW0Ko,https://www.youtube.com/watch?v=GVwVJK8o85Y,views are low for the subscriber count; rare uploads; stale channel; low views,True,15,True,True,2026-10-10T03:39:32+00:00
Taekwondo Guide,https://www.youtube.com/@tkdguide,,No,none,martial_arts,730,44100,Low,,,,,,,,,UCW9TYAT-dTOVGlKH9cVZNwQ,0,61,694,1.02,0.0166,False,False,,,0.89,manual,https://www.youtube.com/watch?v=apIzk0fSvLU,https://www.youtube.com/watch?v=QGtMSS2EHhI,views are low for the subscriber count; no monetization found; rare uploads; stale channel; low views,True,15,True,True,2026-10-10T03:37:41+00:00
Bobby Armijo,https://www.youtube.com/@bobbyarmijobjj,,No,none,fitness,1969,739,Low,,,,,,,,,UCF83ua6-Jrlxu3yJe9_Je2g,0,365,693,2.34,2.6644,True,False,ebook,,0.36,manual,https://www.youtube.com/watch?v=blH2FQJ_N0c,https://www.youtube.com/watch?v=blH2FQJ_N0c,one video is carrying the average; rare uploads; stale channel; no clear niche; low views,True,15,True,True,2026-10-10T03:45:22+00:00
MMA Coach,https://www.youtube.com/@MMACoach79,mmacoach79@gmail.com,No,none,martial_arts,926,45900,Low,,,,,,,,,UC48acSFVkqDylvcAqTuueuQ,0,183,627,0.89,0.0202,True,False,course; program; coaching; ebook,,0.75,video_description,https://www.youtube.com/watch?v=pZhyVhBJdqI,https://www.youtube.com/watch?v=XHFcs8YUyko,views are low for the subscriber count; rare uploads; stale channel; low views,True,14,True,True,2026-10-10T03:49:51+00:00
Skyhook Martial Arts & Fitness,https://www.youtube.com/@skyhookschool,,No,none,martial_arts,1900,3110,Low,,,,,,,,,UCSyNMsaUCprAvCMLAeducXA,0,730,593,0.71,0.6109,True,False,ebook,,0.64,manual,https://www.youtube.com/watch?v=SnHBYeh5RWY,https://www.youtube.com/watch?v=asHDMoE_0pA,one video is carrying the average; rare uploads; stale channel; low views,True,15,True,True,2026-10-10T03:37:05+00:00
Champions Taekwondo Academy,https://www.youtube.com/@ChampionsTKD,,No,none,martial_arts,791,60600,Low,,,,,,,,,UCn6ocbUS9rCKZDGwcoND20w,13,9,575,0.49,0.0131,False,False,,,0.55,manual,https://www.youtube.com/watch?v=sUhoV5wvJ-Y,https://www.youtube.com/watch?v=x6wLbrnERzI,views are low for the subscriber count; no monetization found; no clear niche; low views,True,12,True,True,2026-10-10T03:38:11+00:00
Double Black Jiu Jitsu,https://www.youtube.com/@Doubleblackjiujitsu,,No,none,martial_arts,538,580,Low,,,,,,,,,UC-AOj_eLt9o1ioRwRKOldkg,0,365,559,1.21,0.9276,False,False,,,1.0,manual,https://www.youtube.com/watch?v=Qe2eSvtGpk0,https://www.youtube.com/watch?v=Uj4kFEqQzHY,no monetization found; rare uploads; stale channel; low views,False,15,True,True,2026-10-10T03:23:45+00:00
Jab Force Fitness,https://www.youtube.com/@Fookcanbox,,No,none,fitness,666,18300,Low,,,,,,,,,UCgO6IuhDuUdz7KZTLApeUTg,0,1096,550,,0.0364,False,False,,,0.5,manual,https://www.youtube.com/watch?v=HtH-64x5seI,https://www.youtube.com/watch?v=lHB2y0DfD50,no monetization found; rare uploads; stale channel; no clear niche; low views,False,3,True,True,2026-10-10T03:32:01+00:00
Journey Martial Arts Academy,https://www.youtube.com/@journey.martialarts,customerservice@youngsvillemartialarts.com,No,none,martial_arts,453,79,Low,,,,,,,,,UCBWhFb9T3ZHiUZ5s_ZTQO0Q,0,183,449,,5.7342,True,False,ebook,,1.0,channel_description,https://www.youtube.com/watch?v=puA5QiaLwbM,https://www.youtube.com/watch?v=0_fd7l1bvjY,rare uploads; stale channel; low views,False,3,True,True,2026-10-10T03:44:24+00:00
Chris Matakas,https://www.youtube.com/@ChrisMatakas,trevor@matakasbjj.com,No,affiliate_only,martial_arts,3163,4460,Low,,,,,,,,,UCXFKI2P1fOOcUTjfLYs12Eg,0,730,389,18.98,0.7092,True,False,course; coaching; work with me; affiliate,,0.86,channel_description,https://www.youtube.com/watch?v=Z-1zW7-nfps,https://www.youtube.com/watch?v=Z-1zW7-nfps,one video is carrying the average; rare uploads; stale channel; low views,True,15,True,True,2026-10-10T03:25:44+00:00
Nexus American Jiu Jitsu,https://www.youtube.com/@NexusAJJ,,No,none,martial_arts,1281,2009,Low,,,,,,,,,UCZyiGIn_cpf3jLltzZ9YNKg,0,183,353,3.02,0.6376,False,False,,,1.0,manual,https://www.youtube.com/watch?v=heW8z_y63Xk,https://www.youtube.com/watch?v=OkIyXSaJgn8,one video is carrying the average; no monetization found; rare uploads; stale channel; low views,True,14,True,True,2026-10-10T03:23:23+00:00
BJJ Realtor,https://www.youtube.com/@bjjrealtor,,No,none,martial_arts,3567,912,Low,,,,,,,,,UCyrQn4HtDw4mVvIUHai_ZXQ,0,1096,339,0.37,3.9112,False,False,,,1.0,manual,https://www.youtube.com/watch?v=gt_1vLieAgE,https://www.youtube.com/watch?v=XyYqXpzO878,one video is carrying the average; no monetization found; rare uploads; stale channel; low views,True,15,True,True,2026-10-10T03:24:07+00:00
Rideout MMA,https://www.youtube.com/@rideoutmma,,No,none,martial_arts,6389,4260,Low,,,,,,,,,UCQY9KFQCLdL7QlxE5a2kH3Q,0,91,328,11.8,1.4998,False,False,,,0.91,manual,https://www.youtube.com/watch?v=13dDbC_p1j8,https://www.youtube.com/watch?v=oMuOm8W5geU,one video is carrying the average; no monetization found; rare uploads; stale channel; low views,True,15,True,True,2026-10-10T03:50:06+00:00
Top Muay Thai Gear,https://www.youtube.com/@topmuaythaigear,,No,none,martial_arts,320,56500,Low,,,,,,,,,UClqHcLICXokH3ayvyvPQieA,0,730,320,,0.0057,True,False,ebook,,1.0,manual,https://www.youtube.com/watch?v=G4aA1HGA-OM,https://www.youtube.com/watch?v=G4aA1HGA-OM,views are low for the subscriber count; rare uploads; stale channel; low views,True,1,True,True,2026-10-10T03:27:51+00:00
Muay Thai Madness,https://www.youtube.com/@MuayThaiMadness,,No,affiliate_only,martial_arts,1789,1100,Low,,,,,,,,,UCqQlzPqVGoUBBJATVwdD6vA,0,335,308,1.0,1.6264,True,False,course; ebook; amzn.to; free lead magnet,,0.5,manual,https://www.youtube.com/watch?v=awgP60rGSlw,https://www.youtube.com/watch?v=potiSb273K0,one video is carrying the average; rare uploads; stale channel; no clear niche; low views,True,15,True,True,2026-10-10T03:49:14+00:00
Gabriel Toouli,https://www.youtube.com/@gabrieltoouli2539,,No,none,fitness,2932,762,Low,,,,,,,,,UCLJVm4p9EZ9ojs3zAnEFX3g,0,122,301,2.53,3.8478,True,False,program,,0.78,manual,https://www.youtube.com/watch?v=T1tkWqZDLJY,https://www.youtube.com/watch?v=oH1Fhci9mi0,one video is carrying the average; rare uploads; stale channel; low views,True,15,True,True,2026-10-10T03:47:29+00:00
Alexandra Wendling,https://www.youtube.com/@alexwendling,,No,none,martial_arts,5007,67300,Low,,,,,,,,,UCFvAn1fYKC-lSAVbmZK0_zw,3,21,291,4.19,0.0744,False,False,,,0.71,manual,https://www.youtube.com/watch?v=ZmCXJG9vqDc,https://www.youtube.com/watch?v=ZQFtQ5MmwE8,one video is carrying the average; no monetization found; low views,True,15,True,True,2026-10-10T03:42:37+00:00
Kevin Wisdom,https://www.youtube.com/@kevinwisdom6283,,No,none,food,596,5240,Low,,,,,,,,,UCemfcPc1epWP52E55mqemOA,0,213,283,0.34,0.1137,False,False,,,0.33,manual,https://www.youtube.com/watch?v=APvW7-TdU30,https://www.youtube.com/watch?v=APvW7-TdU30,one video is carrying the average; no monetization found; rare uploads; stale channel; no clear niche; low views,True,15,True,True,2026-10-10T03:41:53+00:00
Online Karate Lessons,https://www.youtube.com/@OnlineKarateLessons,,No,none,martial_arts,302,5870,Low,,,,,,,,,UChtdcKG2_-mxTbuHQrcIt7Q,0,91,282,1.94,0.0514,True,False,ebook,,0.91,manual,https://www.youtube.com/watch?v=xGOH559w844,https://www.youtube.com/watch?v=YJu7CFaZO_c,rare uploads; stale channel; low views,False,11,True,True,2026-10-10T03:36:21+00:00
Team Mayhem MMA,https://www.youtube.com/@TeamMayhemMMA,,No,none,martial_arts,257,6630,Low,,,,,,,,,UCrUopybe_UdXIor-AuPF37A,8,5,241,1.06,0.0388,False,False,,,0.89,manual,https://www.youtube.com/watch?v=azpt9xVmD5g,https://www.youtube.com/watch?v=azpt9xVmD5g,no monetization found; low views,False,15,True,True,2026-10-10T03:29:20+00:00
SwiggityMan Streams,https://www.youtube.com/@swiggitystreams,,No,none,fitness,314,2580,Low,,,,,,,,,UC7b1Q7xTbU-TeGwRrvurmvA,2,12,213,2.38,0.1217,False,False,,,0.33,manual,https://www.youtube.com/watch?v=yyXA7YGtJ9w,https://www.youtube.com/watch?v=9C5iSFayTIg,no monetization found; rare uploads; no clear niche; low views,False,15,True,True,2026-10-10T03:42:22+00:00
Elbows Tight,https://www.youtube.com/@ElbowsTight,,No,none,martial_arts,13051,3660,Low,,,,,,,,,UCuvHSgAUCczV4R_M6TsHcYw,0,365,169,1.33,3.5658,True,False,course; ebook,$25,0.57,manual,https://www.youtube.com/watch?v=MkEJy3F1-0k,https://www.youtube.com/watch?v=Qevpweo1HFE,one video is carrying the average; rare uploads; stale channel; no clear niche; low views,True,15,True,True,2026-10-10T03:48:43+00:00
Kevin Cruz,https://www.youtube.com/@UpwardKev,,No,none,fitness,402,372,Low,,,,,,,,,UCOjf0oi8dEwhOGw3SfRMcJw,0,183,156,0.45,1.0806,True,False,ebook,,0.38,manual,https://www.youtube.com/watch?v=J3AhipmpzfE,https://www.youtube.com/watch?v=0bLr4CelUew,one video is carrying the average; rare uploads; stale channel; no clear niche; low views,True,15,True,True,2026-10-10T03:43:36+00:00
True Legacy Studio,https://www.youtube.com/@TrueLegacyStudio,,No,none,martial_arts,295,1890,Low,,,,,,,,,UCgBftS3cecsR3ES6ZhRiRMQ,1,61,147,1.01,0.1561,False,False,,,0.75,manual,https://www.youtube.com/watch?v=tCHHk4YvlgY,https://www.youtube.com/watch?v=TmR63YuHIPA,one video is carrying the average; no monetization found; rare uploads; stale channel; low views,True,15,True,True,2026-10-10T03:48:05+00:00
Josh Presley,https://www.youtube.com/@presleybjj,,No,none,martial_arts,160,12000,Low,,,,,,,,,UCffK0veP4nb5pZRJURwA0Hw,0,122,100,1.75,0.0133,True,False,ebook,,1.0,manual,https://www.youtube.com/watch?v=x71P80o3Jjc,https://www.youtube.com/watch?v=LbZKRbIWpBY,views are low for the subscriber count; rare uploads; stale channel; low views,True,15,True,True,2026-10-10T03:23:05+00:00
kidk007,https://www.youtube.com/@kidk007,,No,none,martial_arts,86,21,Low,,,,,,,,,UCbv1qIRpsD3vL_o3snGt6og,0,365,94,1.17,4.0952,False,False,,,1.0,manual,https://www.youtube.com/watch?v=UhyGXqPy384,https://www.youtube.com/watch?v=-c8mwtJETsQ,no monetization found; rare uploads; stale channel; low views,False,10,True,True,2026-10-10T03:29:06+00:00
Simeon Velkov,https://www.youtube.com/@MultiSv7,,No,none,,108,15,Low,,,,,,,,,UCgdN9Dm_nUYx2Mzin1bQxGA,0,4383,59,,7.2,False,False,,,0.0,manual,https://www.youtube.com/watch?v=MkyHkY2AcPc,https://www.youtube.com/watch?v=pLXkO8PJo7U,no monetization found; rare uploads; stale channel; no clear niche; low views,False,3,True,True,2026-10-10T03:28:36+00:00
Live Trained,https://www.youtube.com/@livetrained,,No,none,martial_arts,85,12800,Low,,,,,,,,,UCp9Q7sMtqgwtq_V2U4IJy9Q,24,21,49,0.44,0.0066,False,False,,,0.71,manual,https://www.youtube.com/watch?v=8lgR4bFlTwM,https://www.youtube.com/watch?v=GqWUxx3AKV0,views are low for the subscriber count; no monetization found; low views,True,15,True,True,2026-10-10T03:47:22+00:00
Tsunami BJJ,https://www.youtube.com/@tsunamibjj3574,info@tsunamibjj.com,No,none,fitness,56,697,Low,,,,,,,,,UCPFlOmp6a3ORthb--fSpgmA,0,730,48,0.77,0.0803,False,False,,,0.6,channel_description,https://www.youtube.com/watch?v=72peR3-vcw4,https://www.youtube.com/watch?v=J5UgMtJapT8,no monetization found; rare uploads; stale channel; low views,False,15,True,True,2026-10-10T03:23:38+00:00
Journey Martial Arts,https://www.youtube.com/@JourneyMA-Cabot,,No,none,,39,79,Low,,,,,,,,,UC1iH9hjrY27aHaAls6_NrMQ,2,61,38,1.47,0.4937,False,False,,,0.0,manual,https://www.youtube.com/watch?v=YMe-YsUuaXM,https://www.youtube.com/watch?v=Yjg0YGLFy2A,no monetization found; rare uploads; stale channel; no clear niche; low views,False,12,True,True,2026-10-10T03:44:13+00:00
Liam - The Combat Sports Nutritionist,https://www.youtube.com/@TheCombatSportsNutritionist,,No,none,nutrition,41,30,Low,,,,,,,,,UCsp60BpCY29g_DkQlj2f-LA,0,122,28,1.07,1.3667,False,False,,,0.29,manual,https://www.youtube.com/watch?v=tv1pszta4oo,https://www.youtube.com/watch?v=07Ps04V7zho,no monetization found; rare uploads; stale channel; no clear niche; low views,False,12,True,True,2026-10-10T03:47:36+00:00
Joey Balistreri - BJJ Coach,https://www.youtube.com/@joeyb10p,,No,none,,0,222,Low,,,,,,,,,UCeoCoaKkc_lPWh_TIjF130A,0,,0,,0.0,False,False,,,0.0,manual,,,views are low for the subscriber count; no monetization found; rare uploads; stale channel; no clear niche; low views,True,0,True,True,2026-10-10T03:23:09+00:00
Clayton Morrow,https://www.youtube.com/@claytonmorrow2438,,No,none,martial_arts,0,18,Low,,,,,,,,,UCt9steE7ZEoiOzWgPLkq4RA,0,,0,,0.0,False,False,,,1.0,manual,https://www.youtube.com/watch?v=PLe11afZQCqTeTRWdg1319kEOAqXWzHT3Y,,views are low for the subscriber count; no monetization found; rare uploads; stale channel; low views,True,12,True,True,2026-10-10T03:32:37+00:00
Young Warrior,https://www.youtube.com/@y_warrior,,No,none,,0,10200,Low,,,,,,,,,UCi_TjLjQvZ_gFrv9be7Lw9w,0,365,0,,0.0,False,False,,,0.0,manual,,,views are low for the subscriber count; no monetization found; rare uploads; stale channel; no clear niche; low views,True,0,True,True,2026-10-10T03:36:06+00:00
GIURIT,https://www.youtube.com/@GIURIT,,No,none,martial_arts,0,567,Low,,,,,,,,,UCfJjGUdZp_jHvAk2zqOkRFA,0,,0,,0.0,False,False,,,0.62,manual,https://www.youtube.com/watch?v=PL72FBBFA09C65E9FD,,views are low for the subscriber count; no monetization found; rare uploads; stale channel; low views,True,15,True,True,2026-10-10T03:39:24+00:00
Howcast,https://www.youtube.com/@howcast,,No,none,,0,9400000,Low,,,,,,,,,UCSpVHeDGr9UbREhRca0qwsA,0,304,0,,0.0,True,False,ebook,,0.0,manual,,,views are low for the subscriber count; rare uploads; stale channel; no clear niche; low views,True,0,True,True,2026-10-10T03:39:51+00:00
َAhmed Hamza,https://www.youtube.com/@ahmedhamza1140,,No,none,,0,5,Low,,,,,,,,,UC_mzzYoGQsqZtfcPXz1WFOQ,0,,0,,0.0,False,False,,,0.0,manual,,,views are low for the subscriber count; no monetization found; rare uploads; stale channel; no clear niche; low views,True,0,True,True,2026-10-10T03:40:03+00:00
Bobbie Knott,https://www.youtube.com/@bobbieknott4643,,No,none,martial_arts,0,550,Low,,,,,,,,,UC_6zw_GLvocFm5eN3Db4kyQ,0,,0,,0.0,False,False,,,0.62,manual,https://www.youtube.com/watch?v=PLHfTPxnG4fWqxotCCO6bw7ViL1JfA5Gzw,,views are low for the subscriber count; no monetization found; rare uploads; stale channel; low views,True,12,True,True,2026-10-10T03:41:17+00:00
Journey Martial Arts,https://www.youtube.com/@ClaytonCJohnson,,No,none,,0,135,Low,,,,,,,,,UCpKKO9bDXULP54bgkvHcnBA,0,2192,0,,0.0,False,False,,,0.0,manual,,,views are low for the subscriber count; no monetization found; rare uploads; stale channel; no clear niche; low views,True,0,True,True,2026-10-10T03:44:17+00:00
