Creator Name,Channel Link,Email,Do They Sell a Product,Product Type,Niche,Average Views Per Video,Subscriber Count,Value Rating,Editing Weak Spots,Editing Strengths,Personality Type / On-Camera Presence,Outreach Sent,Reply Received,Meeting Booked,Deal Closed,Rate / Retainer Value,channel_id,uploads_90d,days_since_last_upload,median_views,views_trend,views_to_subs,has_monetization,has_sponsors,monetization_signals,product_price_seen,niche_consistency,email_source,latest_video_url,top_video_url,roti_reasons,needs_review,sample_size_used,views_are_rounded,dates_are_bucketed,scraped_at
Rebecca Zamolo,https://www.youtube.com/@rebeccazamolo,Rebeccazamoloinquiries@gmail.com,Yes,merch,fitness,5046666,23400000,High,,,,,,,,,UCfw8x3VR-ElcaWW2Tg_jgSA,20,2,5200000,1.37,0.2157,True,False,merch; ebook,,0.75,channel_description,https://www.youtube.com/watch?v=Af9t_7LqJo8,https://www.youtube.com/watch?v=EAr_sMwL1Ts,"sells a product, uploads consistently, clear niche, views over threshold",True,15,True,True,2026-10-05T18:18:14+00:00
MrBallen,https://www.youtube.com/@MrBallen,,Yes,merch,travel,1510866,11300000,High,,,,,,,,,UCtPrkXdtCM5DACLufB9jbsA,30,1,1600000,1.2,0.1337,True,False,merch; ebook,,0.6,manual,https://www.youtube.com/watch?v=tGNDBiibekM,https://www.youtube.com/watch?v=1-0P3ZqVk-U,"sells a product, uploads consistently, clear niche, views over threshold",True,15,True,True,2026-10-05T17:03:19+00:00
The B1M,https://www.youtube.com/@TheB1M,Video@TheB1M.com,Yes,merch,travel,1107800,4080000,High,,,,,,,,,UC6n8I1UDTKP1IWjQMg6_TwA,18,5,971000,0.71,0.2715,True,False,merch; spring.com; ebook; amzn.to,,1.0,video_description,https://www.youtube.com/watch?v=d-LArPe1Rk0,https://www.youtube.com/watch?v=Ho2luOd8JH4,"sells a product, uploads consistently, clear niche, views over threshold",True,15,True,True,2026-10-05T17:21:35+00:00
Walk With Me Tim,https://www.youtube.com/@WalkWithMeTim,walkwithmetim@dovora.co,Yes,community_or_membership,travel,827333,1060000,High,,,,,,,,,UCds9ox_aTIGDCpB6rODmS7w,13,1,856000,0.45,0.7805,True,False,patreon.com; spring.com; teespring; ebook,$250,1.0,channel_description,https://www.youtube.com/watch?v=Wb7mWUAjtZw,https://www.youtube.com/watch?v=pk3EIs_9VdU,"sells a product, uploads consistently, clear niche, views over threshold",True,15,True,True,2026-10-05T17:33:12+00:00
nikola’s pilates,https://www.youtube.com/@Nikolaspilates,collabnikolaspilates@gmail.com,Yes,digital_product,fitness,1046133,3960000,High,,,,,,,,,UCq9nua7h5vCQ6-W-xxwMDTA,12,5,780000,1.17,0.2642,True,False,myshopify.com,,1.0,video_description,https://www.youtube.com/watch?v=isjUMsjbiV0,https://www.youtube.com/watch?v=isjUMsjbiV0,"sells a product, uploads consistently, clear niche, views over threshold",True,15,True,True,2026-10-05T17:06:37+00:00
Chris Bumstead,https://www.youtube.com/@ChrisBumstead,,Yes,community_or_membership,fitness,721466,4830000,High,,,,,,,,,UC4514FwdRy5gI6CdC9GPb0w,12,0,369000,1.63,0.1494,True,True,skool.com; merch; sponsor read,,0.71,manual,https://www.youtube.com/watch?v=q4-ZhruSfds,https://www.youtube.com/watch?v=v8NHiLDUUi4,"sells a product, uploads consistently, clear niche, views over threshold",True,15,True,True,2026-10-05T16:28:13+00:00
SSSniperWolf,https://www.youtube.com/@SSSniperWolf,,Yes,merch,food,367266,35000000,High,,,,,,,,,UCpB959t8iPrxQWj7G6n0ctQ,30,2,315000,1.01,0.0105,True,False,merch; ebook,,1.0,manual,https://www.youtube.com/watch?v=EwDNWxS6qwA,https://www.youtube.com/watch?v=exfvyrOpBSM,"views are low for the subscriber count; sells a product, uploads consistently, clear niche, views over threshold",True,15,True,True,2026-10-05T17:15:30+00:00
SteveMarsh,https://www.youtube.com/@steve-marsh,,Yes,community_or_membership,travel,309866,396000,High,,,,,,,,,UCBhQuxcHU3aydk_zTXcbdTg,20,2,208000,1.71,0.7825,True,False,patreon.com; course,,0.86,manual,https://www.youtube.com/watch?v=XvWeeLcBQUs,https://www.youtube.com/watch?v=WYvqvAb8MWE,"sells a product, uploads consistently, clear niche, views over threshold",True,15,True,True,2026-10-05T18:23:16+00:00
Strictly Dumpling,https://www.youtube.com/@strictlydumpling,strictlydumpling@delkatalents.com,Yes,merch,food,205800,4290000,High,,,,,,,,,UCXOKEdfOFxsHO_-Su3K8SHg,21,1,191000,0.73,0.048,True,False,spring.com; teespring; ebook,,0.82,channel_description,https://www.youtube.com/watch?v=x7LNodVLELM,https://www.youtube.com/watch?v=XT-8jceBidE,"sells a product, uploads consistently, clear niche, views over threshold",True,15,True,True,2026-10-05T18:23:33+00:00
Cruise With Ben and David,https://www.youtube.com/@Cruisewith,ahoy@cruisewith.co.uk,Yes,community_or_membership,travel,184666,342000,High,,,,,,,,,UCGh9zg0zvyF3GqHeR4WR3Xg,12,1,175000,1.33,0.54,True,True,patreon.com; fourthwall; ebook; amazon.com/shop; affiliate; sponsor read; free lead magnet,,1.0,video_description,https://www.youtube.com/watch?v=ch676ZYmdZY,https://www.youtube.com/watch?v=31QFni7YJAA,"sells a product, uploads consistently, clear niche, views over threshold",True,15,True,True,2026-10-05T16:30:18+00:00
Tips For Travellers,https://www.youtube.com/@tipsfortravellers,,Yes,merch,travel,165916,514000,High,,,,,,,,,UC_qE-Obs2ocdmPXY0TIU-cw,14,2,137000,3.15,0.3228,True,False,teespring; fourthwall; ebook,,1.0,manual,https://www.youtube.com/watch?v=vHBCPL06LFk,https://www.youtube.com/watch?v=vHBCPL06LFk,"sells a product, uploads consistently, clear niche, views over threshold",True,15,True,True,2026-10-05T18:28:26+00:00
Keep Your Daydream,https://www.youtube.com/@KeepYourDaydream,,Yes,community_or_membership,travel,118733,568000,High,,,,,,,,,UCEhJLsShZt8McryMf_DHLZQ,13,1,119000,0.9,0.209,True,False,patreon.com; ebook; amazon.com/shop,,0.7,manual,https://www.youtube.com/watch?v=0f7RJ11z0bU,https://www.youtube.com/watch?v=eG-LLFaRGKQ,"sells a product, uploads consistently, clear niche, views over threshold",True,15,True,True,2026-10-05T16:54:12+00:00
Joel Hansen,https://www.youtube.com/@JoelHansen,,Yes,merch,food,101333,1170000,High,,,,,,,,,UC_9I8ulL_v4SvsXwiVKlzqw,21,1,102000,1.04,0.0866,True,False,merch,,0.78,manual,https://www.youtube.com/watch?v=WbC7_FQ2VvI,https://www.youtube.com/watch?v=o2qLtTqQWcc,"sells a product, uploads consistently, clear niche, views over threshold",True,15,True,True,2026-10-05T16:50:40+00:00
The Yard,https://www.youtube.com/@TheYardPodcast,,Yes,community_or_membership,food,210800,454000,High,,,,,,,,,UCGbg3DjQdcqWwqOLHpYHXIg,26,3,102000,0.38,0.4643,True,False,patreon.com,,1.0,manual,https://www.youtube.com/watch?v=kJ7yOkdjRiU,https://www.youtube.com/watch?v=2WwusgRYjHE,"one video is carrying the average; sells a product, uploads consistently, clear niche, views over threshold",True,15,True,True,2026-10-05T17:25:35+00:00
Life Well Cruised,https://www.youtube.com/@LifeWellCruised,lifewellcruised@gmail.com,Yes,course,travel,97933,523000,High,,,,,,,,,UCbClHUGuOmFeZFWJyTTRnFw,30,1,96000,0.74,0.1873,True,True,myshopify.com; course; ebook; amzn.to; affiliate; commission on; sponsor read,$10,1.0,channel_description,https://www.youtube.com/watch?v=7bwTPRSYCf0,https://www.youtube.com/watch?v=dWZqycobtlk,"sells a product, uploads consistently, clear niche, views over threshold",True,15,True,True,2026-10-05T16:57:26+00:00
ellieV,https://www.youtube.com/@ellieV,,Yes,merch,tech,121866,2990000,High,,,,,,,,,UCENdAUC6K56fiTORZBTqt8A,30,1,96000,2.63,0.0408,True,False,fourthwall; ebook,,1.0,manual,https://www.youtube.com/watch?v=lLLQw7-iKU0,https://www.youtube.com/watch?v=GPAEWMZ1t64,"sells a product, uploads consistently, clear niche, views over threshold",True,15,True,True,2026-10-05T17:51:09+00:00
Through My Lens,https://www.youtube.com/@ThroughMyLens,,Yes,community_or_membership,travel,104600,492000,High,,,,,,,,,UCWyPjY3I86JQt1u3mV8OyUw,19,1,89000,0.93,0.2126,True,False,patreon.com; ebook; amazon.com/shop,,0.7,manual,https://www.youtube.com/watch?v=qXE0DmggF68,https://www.youtube.com/watch?v=kResltfAnZk,"sells a product, uploads consistently, clear niche, views over threshold",True,15,True,True,2026-10-05T17:26:53+00:00
Honest Places,https://www.youtube.com/@honestplaces,,Yes,merch,travel,109666,121000,High,,,,,,,,,UCDEp3bgCjY57-Y1u_vi4oSQ,10,1,78000,0.91,0.9063,True,True,merch; sponsor read,,1.0,manual,https://www.youtube.com/watch?v=GStEoYPHG80,https://www.youtube.com/watch?v=8gJwGNtZgvU,"sells a product, uploads consistently, clear niche, views over threshold",True,15,True,True,2026-10-05T17:57:46+00:00
Ed Chapman,https://www.youtube.com/@EdChapman23,,Yes,community_or_membership,travel,103933,156000,High,,,,,,,,,UCwNCnyY13NfCqNXCjTRpPHQ,12,6,77000,1.41,0.6662,True,True,patreon.com; amzn.to; affiliate; sponsor read,,0.9,manual,https://www.youtube.com/watch?v=fgm7S00cRDk,https://www.youtube.com/watch?v=yzg4Uua_mlw,"sells a product, uploads consistently, clear niche, views over threshold",True,15,True,True,2026-10-05T16:33:53+00:00
La Lido Loca,https://www.youtube.com/@LaLidoLoca,,Yes,community_or_membership,travel,80933,318000,High,,,,,,,,,UCqFivW2VWJtGfvrMreyjNbw,30,2,77000,0.64,0.2545,True,False,patreon.com; ebook,,1.0,manual,https://www.youtube.com/watch?v=xAvLzDojFao,https://www.youtube.com/watch?v=UCGSlt7aj7M,"sells a product, uploads consistently, clear niche, views over threshold",True,15,True,True,2026-10-05T16:55:38+00:00
Flying The Nest,https://www.youtube.com/@flyingthenest,,Yes,merch,travel,79666,1250000,High,,,,,,,,,UC3CxEBKx2l38nl1_SFsC2gg,12,8,73000,1.58,0.0637,True,False,merch; course; presets; ebook; amzn.to; link hub: linktr.ee,,1.0,manual,https://www.youtube.com/watch?v=4CmG3BDbtfI,https://www.youtube.com/watch?v=y41Y7Ju_kC0,"sells a product, uploads consistently, clear niche, views over threshold",True,15,True,True,2026-10-05T17:53:21+00:00
Jumping Places,https://www.youtube.com/@JumpingPlaces,contact@jumpingplaces.com,Yes,community_or_membership,travel,72400,492000,High,,,,,,,,,UCOsve8EeUntXzOyeGRUc3OA,14,2,67000,1.66,0.1472,True,True,patreon.com; merch; spring.com; teespring; ebook; amzn.to; amazon.com/shop; affiliate; sponsor read,,1.0,channel_description,https://www.youtube.com/watch?v=kfjr7sYwnkQ,https://www.youtube.com/watch?v=tLBtJsq3xxU,"sells a product, uploads consistently, clear niche, views over threshold",True,15,True,True,2026-10-05T16:52:14+00:00
Loeppkys Life,https://www.youtube.com/@LoeppkysLife,,Yes,community_or_membership,food,71600,457000,High,,,,,,,,,UCzC6sU_TXq-p6xduslLWJHQ,11,4,67000,1.1,0.1567,True,True,patreon.com; affiliate; shopmy; sponsor read,,0.67,manual,https://www.youtube.com/watch?v=gg7Q_lYMbfk,https://www.youtube.com/watch?v=gg7Q_lYMbfk,"sells a product, uploads consistently, clear niche, views over threshold",True,15,True,True,2026-10-05T16:58:30+00:00
EECC Travels,https://www.youtube.com/@EECCTravels,alisa@eecctravels.com,Yes,merch,travel,73466,208000,High,,,,,,,,,UChmD8EWwltkAl4APZC9htOQ,23,1,55000,2.83,0.3532,True,False,merch; spring.com; teespring; program; ebook; amazon.com/shop; affiliate,,0.86,channel_description,https://www.youtube.com/watch?v=-7DGe4MRXqs,https://www.youtube.com/watch?v=1AvFQvyh8Ys,"sells a product, uploads consistently, clear niche, views over threshold",True,15,True,True,2026-10-05T16:33:37+00:00
The Shiplife,https://www.youtube.com/@JSHIPLIFE,Jtravelcontact@gmail.com,Yes,community_or_membership,travel,56733,346000,High,,,,,,,,,UC404kEt4oyD8CNsMU735dvg,29,2,50000,1.08,0.164,True,False,patreon.com; ebook; link hub: linktr.ee,,0.93,channel_description,https://www.youtube.com/watch?v=CxFQfL2S0QQ,https://www.youtube.com/watch?v=ZJDQH2JFb6A,"sells a product, uploads consistently, clear niche, views over threshold",True,15,True,True,2026-10-05T16:46:34+00:00
Kaleigh Cohen Strength,https://www.youtube.com/@KaleighStrength,,Yes,merch,fitness,49400,553000,High,,,,,,,,,UC0PZtgIWY5__DxIR0iVttQA,28,4,44000,0.9,0.0893,True,False,merch; program; coaching; ebook; amzn.to; amazon.com/shop; affiliate,,1.0,manual,https://www.youtube.com/watch?v=c04pIaaso20,https://www.youtube.com/watch?v=V3VxRLMLkoc,"sells a product, uploads consistently, clear niche, views over threshold",True,15,True,True,2026-10-05T16:52:45+00:00
HASfit,https://www.youtube.com/@HASfit,,Yes,coaching_or_program,fitness,41133,2290000,High,,,,,,,,,UCXIJ2-RSIGn53HA-x9RDevA,19,0,43000,1.57,0.018,True,False,myshopify.com; program; ebook; amzn.to,,0.93,manual,https://www.youtube.com/watch?v=dM6Uv29cKHU,https://www.youtube.com/watch?v=b8zs4iycw1k,"views are low for the subscriber count; sells a product, uploads consistently, clear niche, views over threshold",True,15,True,True,2026-10-05T16:40:51+00:00
Kyle Pallo,https://www.youtube.com/@KylePalIo,rose@wylertravelgroup.com,Yes,community_or_membership,travel,42133,253000,High,,,,,,,,,UClCMqrvO9Wn11_hvuoH0WJA,30,0,39000,0.91,0.1665,True,False,patreon.com; merch; ebook; amzn.to,,0.71,video_description,https://www.youtube.com/watch?v=FWJCunr2Ca0,https://www.youtube.com/watch?v=LFIHD7ffL3g,"sells a product, uploads consistently, clear niche, views over threshold",True,15,True,True,2026-10-05T16:55:24+00:00
The MacMaster,https://www.youtube.com/@TheMacMaster,themacmaster@ruthlesstalent.com,Yes,merch,travel,41133,248000,High,,,,,,,,,UCZnu0K1XV3qebPlVh6CZ6iQ,30,1,37000,0.77,0.1659,True,False,merch; ebook,,1.0,channel_description,https://www.youtube.com/watch?v=1xvsD4CoGHw,https://www.youtube.com/watch?v=ALNhIwo3SZQ,"sells a product, uploads consistently, clear niche, views over threshold",True,15,True,True,2026-10-05T17:23:42+00:00
AllEars.net,https://www.youtube.com/@AllEarsNet,,Yes,merch,travel,39533,430000,High,,,,,,,,,UCfzP_CiebRdveD9rRZv5Ndw,30,0,33000,1.93,0.0919,True,False,merch; ebook; free lead magnet,,0.75,manual,https://www.youtube.com/watch?v=pGvy96_b4p0,https://www.youtube.com/watch?v=I-vpWzQAEw8,"sells a product, uploads consistently, clear niche, views over threshold",True,15,True,True,2026-10-05T16:19:11+00:00
Jessica Valant,https://www.youtube.com/@Jessicasvalant,,Yes,coaching_or_program,fitness,84473,1160000,High,,,,,,,,,UCjP1qqdUt2rRUM3r_4-4MMg,12,4,22000,0.62,0.0728,True,False,payhip.com; program,,0.89,manual,https://www.youtube.com/watch?v=UcN1Ts_3ajU,https://www.youtube.com/watch?v=YQfPxu1GWmw,"one video is carrying the average; sells a product, uploads consistently, clear niche, views over threshold",True,15,True,True,2026-10-05T16:49:35+00:00
Dane and Stacey,https://www.youtube.com/@DaneAndStacey,,Yes,digital_product,travel,33853,223000,High,,,,,,,,,UCmnpMr4Md5CgZ5MdlghTYqA,12,3,21000,0.68,0.1518,True,False,myshopify.com; geni.us; affiliate,,0.89,manual,https://www.youtube.com/watch?v=QmXIHJv0Q-8,https://www.youtube.com/watch?v=p6N86T0eVms,"sells a product, uploads consistently, clear niche, views over threshold",True,15,True,True,2026-10-05T16:31:32+00:00
WorldWide Dom,https://www.youtube.com/@WorldWide_Dom,Inquiries@worldwidedom.com,Yes,community_or_membership,travel,138453,35700,High,,,,,,,,,UC2Td19juU55BkzaQQ4hhToA,14,2,21000,2.94,3.8782,True,False,patreon.com; ebook,£54,0.75,channel_description,https://www.youtube.com/watch?v=XSYr2N-hCUM,https://www.youtube.com/watch?v=dAGktdEB18o,"one video is carrying the average; sells a product, uploads consistently, clear niche, views over threshold",True,15,True,True,2026-10-05T17:34:38+00:00
Theme Park Brandon,https://www.youtube.com/@KeepRidinCoasters,ThemeParkBrandon@gmail.com,Yes,merch,travel,14184,55400,High,,,,,,,,,UCsxATEQi6hzhC14JFqZ4cuw,30,1,17000,0.63,0.256,True,False,merch; ebook,$15,0.75,video_description,https://www.youtube.com/watch?v=NzoYyZZLPyc,https://www.youtube.com/watch?v=m2Wx6PHHQRg,"sells a product, uploads consistently, clear niche, views over threshold",True,15,True,True,2026-10-05T16:54:04+00:00
Who Knows Where,https://www.youtube.com/@whoknowswhere,,Yes,merch,travel,10353,30000,High,,,,,,,,,UCTCW-LrIRuOmpWyc0HDvTVg,30,1,9100,0.36,0.3451,True,False,merch; spring.com; ebook,,0.92,manual,https://www.youtube.com/watch?v=2I-AiVCw1OE,https://www.youtube.com/watch?v=jXoMrxH1VYQ,"sells a product, uploads consistently, clear niche, views over threshold",True,15,True,True,2026-10-05T18:33:18+00:00
BarsOnly,https://www.youtube.com/@barsonlyCalisthenics,,Yes,community_or_membership,fitness,18881,33300,High,,,,,,,,,UC8mqLOXdtjN-1GdjC0eQ0TQ,30,0,7600,0.35,0.567,True,False,skool.com; coaching,$47,1.0,manual,https://www.youtube.com/watch?v=Kg8AywUjtsI,https://www.youtube.com/watch?v=xpO9gUXZJlE,"one video is carrying the average; sells a product, uploads consistently, clear niche, views over threshold",True,15,True,True,2026-10-05T17:41:30+00:00
Fudge Factor,https://www.youtube.com/@fudge_factor,Fudgefactor00@gmail.com,Yes,community_or_membership,travel,7693,13600,High,,,,,,,,,UCP4Rph8nBDfF2KB7cQmvuXg,13,1,7300,1.23,0.5657,True,False,patreon.com; amazon.com/shop,,0.67,channel_description,https://www.youtube.com/watch?v=ok8XbeZYLbg,https://www.youtube.com/watch?v=ok8XbeZYLbg,"sells a product, uploads consistently, clear niche, views over threshold",True,15,True,True,2026-10-05T17:54:04+00:00
ResortTV1,https://www.youtube.com/@ResortTV1,resorttvone@gmail.com,Yes,community_or_membership,food,10300,218000,High,,,,,,,,,UCAjpFyA7FCRoGOuj5i4kq9g,19,3,5500,2.07,0.0472,True,False,patreon.com; merch; spring.com; teespring; ebook,,0.67,channel_description,https://www.youtube.com/watch?v=ixcl5tumWOk,https://www.youtube.com/watch?v=Jqv23-b0m0M,"sells a product, uploads consistently, clear niche, views over threshold",True,15,True,True,2026-10-05T17:12:55+00:00
New Travel Escapes,https://www.youtube.com/@newtravelescapes,,Yes,merch,travel,7280,13800,High,,,,,,,,,UCURLJsrrN2Wet2fjJFtS7YQ,13,1,5500,0.57,0.5275,True,False,merch; course; ebook; affiliate,,0.9,manual,https://www.youtube.com/watch?v=EJ0EgmtbtXg,https://www.youtube.com/watch?v=6qu5r_Hsx2E,"sells a product, uploads consistently, clear niche, views over threshold",True,15,True,True,2026-10-05T18:14:07+00:00
ASMR Jonie,https://www.youtube.com/@ASMRJonie,,Yes,community_or_membership,tech,5913,121000,High,,,,,,,,,UCo7kA3XcXrqS8_cbz5GboCg,30,2,5200,0.84,0.0489,True,False,patreon.com; affiliate; link hub: linktr.ee,,0.67,manual,https://www.youtube.com/watch?v=H8UqFHE94r8,https://www.youtube.com/watch?v=4TcdIgUYnGs,"sells a product, uploads consistently, clear niche, views over threshold",True,15,True,True,2026-10-05T16:17:21+00:00
Addicted to the Mouse,https://www.youtube.com/@AddictedtotheMouse,,Yes,community_or_membership,tech,4726,26800,High,,,,,,,,,UC7s0LBhHvK5CYD8Pgi-yLIw,26,1,4400,0.86,0.1763,True,False,patreon.com; ebook,,0.62,manual,https://www.youtube.com/watch?v=fcSlyKR_syQ,https://www.youtube.com/watch?v=tajgt92lnwk,"sells a product, uploads consistently, clear niche, views over threshold",True,15,True,True,2026-10-05T16:17:45+00:00
Paul and Carole Love to Travel,https://www.youtube.com/channel/UCpnRH1jL_EKoVv5VWoyiB0A,paulandcarolelovetotravel@gmail.com,Yes,community_or_membership,travel,8060,33900,High,,,,,,,,,UCpnRH1jL_EKoVv5VWoyiB0A,17,3,4400,1.47,0.2378,True,False,patreon.com; ebook; affiliate,,0.62,channel_description,https://www.youtube.com/watch?v=NKikapZh5HY,https://www.youtube.com/watch?v=nsXFIGO4pJE,"sells a product, uploads consistently, clear niche, views over threshold",True,15,True,True,2026-10-05T18:36:20+00:00
Beachlife and Beyond,https://www.youtube.com/@Beachlife-and-Beyond,beachlifeandbeyond@outlook.com,Yes,community_or_membership,travel,7370,5640,High,,,,,,,,,UChjr71LlAN7syXIT2SeeNGw,10,4,3200,0.42,1.3067,True,False,patreon.com; ebook,,0.83,channel_description,https://www.youtube.com/watch?v=f-RJOxc3fHg,https://www.youtube.com/watch?v=fO2s_NiY3EA,"one video is carrying the average; sells a product, uploads consistently, clear niche, views over threshold",True,15,True,True,2026-10-05T16:21:53+00:00
MrBeast,https://www.youtube.com/@MrBeast,chucky@mrbeastbusiness.com,Yes,merch,tech,170066666,519000000,Mid,,,,,,,,,UCX6OQ3DkcsbYNE6H8uQQuVA,6,2,168000000,1.04,0.3277,True,False,merch; ebook,"$20,000,000",1.0,video_description,https://www.youtube.com/watch?v=TDv56whosPQ,https://www.youtube.com/watch?v=4l97aNza_Zc,monetized but missing at least one High criterion,False,15,True,True,2026-10-05T17:03:27+00:00
Ben Azelart,https://www.youtube.com/@BenAzelart,biz@staywild.co,Yes,merch,food,110533333,51500000,Mid,,,,,,,,,UCwVg9btOceLQuNCdoQk9CXg,1,61,116000000,0.74,2.1463,True,False,merch,,1.0,channel_description,https://www.youtube.com/watch?v=DFNKcv-xGL4,https://www.youtube.com/watch?v=jxQi7525h4o,monetized but missing at least one High criterion,False,15,True,True,2026-10-05T16:22:22+00:00
Jordan Matter,https://www.youtube.com/@jordanmatter,info@jordanmatter.com,Yes,merch,tech,26733333,38200000,Mid,,,,,,,,,UCKaCalz5N5ienIbfPzEbYuA,12,2,27000000,1.06,0.6998,True,False,merch,,0.25,video_description,https://www.youtube.com/watch?v=Dr1-Jhr22jc,https://www.youtube.com/watch?v=Ld4VQrUYd08,monetized but missing at least one High criterion,False,15,True,True,2026-10-05T18:02:37+00:00
Collins Key,https://www.youtube.com/@CollinsKey,inquires@keypercompany.com,Yes,merch,food,28000000,23700000,Mid,,,,,,,,,UC7TTtOQKMXTWWMtWQMIgVSA,0,1461,26000000,1.27,1.1814,True,False,merch,,1.0,channel_description,https://www.youtube.com/watch?v=ZT0jgil9ttU,https://www.youtube.com/watch?v=ZT0jgil9ttU,monetized but missing at least one High criterion,False,15,True,True,2026-10-05T16:28:37+00:00
Stay Wild,https://www.youtube.com/@StayWild-,biz@staywild.co,Yes,merch,business,24046666,25700000,Mid,,,,,,,,,UClQ3NafOy_42dJ0toK3QUKw,12,7,23000000,0.58,0.9357,True,False,merch,,0.5,channel_description,https://www.youtube.com/watch?v=hgmy6O1CmQQ,https://www.youtube.com/watch?v=rNWjoIsl0po,monetized but missing at least one High criterion,False,15,True,True,2026-10-05T17:18:19+00:00
MrBeast 2,https://www.youtube.com/@MrBeast2,chucky@mrbeastbusiness.com,Yes,merch,tech,27940000,62300000,Mid,,,,,,,,,UC4-79UOlP48-QNGgCko5p2g,2,30,22000000,0.92,0.4485,True,False,merch; ebook,,1.0,video_description,https://www.youtube.com/watch?v=_QSMdYDFNXU,https://www.youtube.com/watch?v=AT-ElP8uSTE,monetized but missing at least one High criterion,False,15,True,True,2026-10-05T17:03:35+00:00
Outdoor Boys,https://www.youtube.com/@OutdoorBoys,,No,none,outdoors,20240000,20700000,Mid,,,,,,,,,UCfpCQ89W9wjkHc8J_6eTbBg,0,304,19000000,1.03,0.9778,True,False,ebook,,0.85,manual,https://www.youtube.com/watch?v=KbahC-QCKU8,https://www.youtube.com/watch?v=2OdYv8YKSaI,monetized but missing at least one High criterion,False,15,True,True,2026-10-05T17:09:14+00:00
Jesse James West,https://www.youtube.com/@JesseJamesWest,mgmt@jessejameswest.com,Yes,community_or_membership,fitness,9246666,11200000,Mid,,,,,,,,,UCEjIjshJ8bvvCkGNk0pkYcA,6,8,9200000,0.45,0.8256,True,True,skool.com; coaching; ebook; sponsor read,,0.67,video_description,https://www.youtube.com/watch?v=X07I8YcQ6yo,https://www.youtube.com/watch?v=f25TH8IW38c,monetized but missing at least one High criterion,False,15,True,True,2026-10-05T16:49:11+00:00
BeardMeatsFood,https://www.youtube.com/@Beardmeatsfood,,No,none,food,7239999,6870000,Mid,,,,,,,,,UCc9CjaAjsMMvaSghZB7-Kog,14,1,6800000,1.14,1.0539,True,False,ebook,,1.0,manual,https://www.youtube.com/watch?v=TbhMjH6ZjXo,https://www.youtube.com/watch?v=TbhMjH6ZjXo,monetized but missing at least one High criterion,False,15,True,True,2026-10-05T16:22:01+00:00
Jeff Nippard,https://www.youtube.com/@JeffNippard,,No,sponsors_only,fitness,6773333,8700000,Mid,,,,,,,,,UC68TLK0mAEzUyHx5x5k-S1Q,2,7,6200000,1.75,0.7785,True,True,program; coaching; sponsor read,,0.8,manual,https://www.youtube.com/watch?v=Tn-XvYG9x7w,https://www.youtube.com/watch?v=Tn-XvYG9x7w,monetized but missing at least one High criterion,False,15,True,True,2026-10-05T16:48:33+00:00
Will Tennyson,https://www.youtube.com/@WillTennyson,contact@willtennyson.ca,No,affiliate_only,fitness,6333333,5450000,Mid,,,,,,,,,UCB2wtYpfbCpYDc5TeTwuqFA,7,1,6000000,0.81,1.1621,True,False,ebook; geni.us,,0.56,channel_description,https://www.youtube.com/watch?v=J8FG3f-hQ_c,https://www.youtube.com/watch?v=tus_LcysuJ4,monetized but missing at least one High criterion,False,15,True,True,2026-10-05T17:34:12+00:00
Mrwhosetheboss,https://www.youtube.com/@Mrwhosetheboss,,No,affiliate_only,running_endurance,4826666,23000000,Mid,,,,,,,,,UCMiJRAwDNSNzuYeN2uWa0pA,12,13,4099999,0.85,0.2099,True,True,amzn.to; affiliate; sponsor read,,0.33,manual,https://www.youtube.com/watch?v=ObqHKHoSE5Y,https://www.youtube.com/watch?v=s7aOJYueEtI,monetized but missing at least one High criterion,False,15,True,True,2026-10-05T17:04:01+00:00
Sur Ronster,https://www.youtube.com/@SurRonster,,No,none,food,3960000,4570000,Mid,,,,,,,,,UC_1QUZJSTYqda_dVYlNV03w,13,2,3800000,0.95,0.8665,False,False,,,1.0,manual,https://www.youtube.com/watch?v=8h-HxMSK_3s,https://www.youtube.com/watch?v=Gm9wBEUhHx8,"no monetization found, check link hubs and the About page by hand",True,15,True,True,2026-10-05T17:19:18+00:00
Zach King,https://www.youtube.com/@ZachKing,,No,none,food,6475000,43500000,Mid,,,,,,,,,UCq8DICunczvLuJJq414110A,1,9,3800000,0.43,0.1489,True,False,ebook,,0.5,manual,https://www.youtube.com/watch?v=tjxszXH1XUA,https://www.youtube.com/watch?v=GwNMqMMwKiY,monetized but missing at least one High criterion,False,15,True,True,2026-10-05T17:35:58+00:00
Jeremy Ethier,https://www.youtube.com/@JeremyEthier,,No,none,fitness,3314200,7950000,Mid,,,,,,,,,UCERm5yFZ1SptUEU4wZ2vJvw,6,8,3600000,0.92,0.4169,True,False,ebook,,0.67,manual,https://www.youtube.com/watch?v=Fz89dJTZsko,https://www.youtube.com/watch?v=dOn0cLh7Ek0,monetized but missing at least one High criterion,False,15,True,True,2026-10-05T16:49:02+00:00
Ashton,https://www.youtube.com/@AshtonMyler,,Yes,merch,travel,3772266,3240000,Mid,,,,,,,,,UCJ2fzQmbaIUw25ioctLFXAQ,1,61,2900000,2.78,1.1643,True,False,merch; ebook,,1.0,manual,https://www.youtube.com/watch?v=DaSSpMzdlDU,https://www.youtube.com/watch?v=uc0WHBxGQXs,monetized but missing at least one High criterion,False,15,True,True,2026-10-05T16:21:09+00:00
Deep Pocket Monster,https://www.youtube.com/@deeppocketmonster,business@deeppocketmonster.com,No,sponsors_only,travel,3910266,2400000,Mid,,,,,,,,,UCnnrLDosqnpRPQ_TH3uXnnQ,2,12,2700000,0.58,1.6293,True,True,sponsor read,,1.0,channel_description,https://www.youtube.com/watch?v=i2Ud5BGqbak,https://www.youtube.com/watch?v=ikGro1X2GSM,monetized but missing at least one High criterion,False,15,True,True,2026-10-05T17:48:44+00:00
NDL,https://www.youtube.com/@NDL,Nikoenquiries@gmail.com,No,none,travel,2553333,4670000,Mid,,,,,,,,,UC9K44RtwiROAwCpALm1wdyQ,12,5,2400000,1.16,0.5468,True,False,ebook,,1.0,video_description,https://www.youtube.com/watch?v=3aD9LmiKJLw,https://www.youtube.com/watch?v=ebn6rj8e59A,monetized but missing at least one High criterion,False,15,True,True,2026-10-05T17:04:54+00:00
Simon Wilson,https://www.youtube.com/@SimonWilson12,info@simonjwilson.com,Yes,merch,travel,2620000,2230000,Mid,,,,,,,,,UCQCrKxBj5Id79syQEsY2Qxg,3,5,1900000,0.45,1.1749,True,False,merch; ebook,,0.89,channel_description,https://www.youtube.com/watch?v=rLNuwBLNJ_o,https://www.youtube.com/watch?v=8gzDk0NCx88,monetized but missing at least one High criterion,False,15,True,True,2026-10-05T17:17:45+00:00
Speeed,https://www.youtube.com/@SpeeedCo,sales@speeed.co,Yes,merch,outdoors,2027733,2600000,Mid,,,,,,,,,UC_mmaVYaFmlfdxuKb6U69Yw,8,4,1900000,0.62,0.7799,True,True,merch; program; sponsor read,,1.0,channel_description,https://www.youtube.com/watch?v=3QUTcJwO140,https://www.youtube.com/watch?v=PxDzmnLov10,monetized but missing at least one High criterion,False,15,True,True,2026-10-05T17:18:09+00:00
Alivia D'Andrea,https://www.youtube.com/@aliviadandrea,workwithalivia@gmail.com,No,affiliate_only,lifestyle_vlog,2146666,2360000,Mid,,,,,,,,,UChIjQmxk48Fn8UYdJH2NaoQ,1,30,1800000,1.59,0.9096,True,True,amzn.to; sponsor read,,0.2,channel_description,https://www.youtube.com/watch?v=7Nvop0Q9W-k,https://www.youtube.com/watch?v=TKwYXzbyi8w,monetized but missing at least one High criterion,False,15,True,True,2026-10-05T17:38:18+00:00
Trek Trendy,https://www.youtube.com/@Trektrendy,,No,none,travel,2546666,1460000,Mid,,,,,,,,,UC50xPFPma-nCS5GZpAFukpQ,4,7,1700000,1.09,1.7443,False,False,,,1.0,manual,https://www.youtube.com/watch?v=XGhiJvw_AeI,https://www.youtube.com/watch?v=OzJRARVhxfk,"no monetization found, check link hubs and the About page by hand",True,15,True,True,2026-10-05T17:30:52+00:00
Move With Nicole,https://www.youtube.com/@MoveWithNicole,,No,none,fitness,1730933,6210000,Mid,,,,,,,,,UCEbbyBuyQiHpKiOMj9GFhVw,2,4,1600000,2.25,0.2787,True,False,coaching; ebook,,0.92,manual,https://www.youtube.com/watch?v=1ltZQ9rJiFw,https://www.youtube.com/watch?v=1ltZQ9rJiFw,monetized but missing at least one High criterion,False,15,True,True,2026-10-05T17:03:11+00:00
Fit Tuber,https://www.youtube.com/@FitTuber,hellofittuber@gmail.com,No,affiliate_only,food,1521400,8260000,Mid,,,,,,,,,UCYC6Vcczj8v-Y5OgpEJTFBw,6,3,1500000,1.62,0.1842,True,False,ebook; amzn.to; affiliate,,0.67,channel_description,https://www.youtube.com/watch?v=0aBAqHcHpu8,https://www.youtube.com/watch?v=bHzxdWpWhW4,monetized but missing at least one High criterion,False,15,True,True,2026-10-05T16:37:51+00:00
Kara and Nate,https://www.youtube.com/@KaraandNate,,No,lead_magnet_only,travel,1544866,4540000,Mid,,,,,,,,,UC4ijq8Cg-8zQKx8OH12dUSw,9,2,1400000,1.07,0.3403,True,False,course; ebook; free lead magnet,$35k,0.75,manual,https://www.youtube.com/watch?v=sM_TRW-6pkU,https://www.youtube.com/watch?v=9cQZVzrmddg,monetized but missing at least one High criterion,False,15,True,True,2026-10-05T16:53:08+00:00
Abroad in Japan,https://www.youtube.com/@AbroadinJapan,hello@abroadinjapan.com,Yes,community_or_membership,food,1450200,3290000,Mid,,,,,,,,,UCHL9bfHTxCMi-7vfxQ-AYtg,5,3,1200000,1.3,0.4408,True,False,patreon.com; spring.com; teespring; ebook,,0.44,channel_description,https://www.youtube.com/watch?v=8tmZgCPK2tI,https://www.youtube.com/watch?v=jEWhmQjeh_I,monetized but missing at least one High criterion,False,15,True,True,2026-10-05T16:17:36+00:00
FING,https://www.youtube.com/@FING.,fing.business@gmail.com,No,none,travel,1537466,1960000,Mid,,,,,,,,,UCm8EZfto3AdXqklkb2k550w,5,9,1200000,1.74,0.7844,False,False,,,1.0,channel_description,https://www.youtube.com/watch?v=HgUdMpdxZJA,https://www.youtube.com/watch?v=VWE64tpjFbs,"no monetization found, check link hubs and the About page by hand",True,15,True,True,2026-10-05T16:36:14+00:00
Matt's Travel Tips,https://www.youtube.com/@MattsTravelTips,,No,none,travel,1166000,192000,Mid,,,,,,,,,UCDoGwUi7wWqxllPFA-9YvzQ,0,365,1200000,0.24,6.0729,True,False,ebook,,0.85,manual,https://www.youtube.com/watch?v=Nek27rS5I6M,https://www.youtube.com/watch?v=kNyEI-2udxs,monetized but missing at least one High criterion,False,13,True,True,2026-10-05T17:01:09+00:00
Ryguyrocky,https://www.youtube.com/@ryguyrocky,,No,none,travel,1264400,3920000,Mid,,,,,,,,,UCHRTfR2r0Ss3UjFyw7gSA-A,6,8,1200000,0.57,0.3226,True,False,ebook,,1.0,manual,https://www.youtube.com/watch?v=nXw5ItKlUck,https://www.youtube.com/watch?v=N5cVWBbT1_o,monetized but missing at least one High criterion,False,15,True,True,2026-10-05T18:19:42+00:00
Wendover Productions,https://www.youtube.com/@Wendoverproductions,wendover@standard.tv,Yes,community_or_membership,travel,1071800,4920000,Mid,,,,,,,,,UC9RM-iSvTu1uPJb8X5yp3EQ,6,5,1100000,1.18,0.2178,True,False,patreon.com,,0.83,video_description,https://www.youtube.com/watch?v=coEQlXTXh-c,https://www.youtube.com/watch?v=gokC5fXEM00,monetized but missing at least one High criterion,False,15,True,True,2026-10-05T17:33:55+00:00
Carter Sharer,https://www.youtube.com/@CarterSharer,carter@nightmedia.co,No,none,travel,1383133,11200000,Mid,,,,,,,,,UCtNBFUsxj2YVbEc5HquzFqg,7,6,1000000,3.01,0.1235,True,False,ebook,,1.0,video_description,https://www.youtube.com/watch?v=c-K0YY8PVEk,https://www.youtube.com/watch?v=c-K0YY8PVEk,monetized but missing at least one High criterion,False,15,True,True,2026-10-05T16:26:45+00:00
Not Enough Nelsons,https://www.youtube.com/@NotEnoughNelsons,collaborations@notenoughnelsons.com,No,affiliate_only,lifestyle_vlog,1055800,5600000,Mid,,,,,,,,,UC-_KiH_Z2yerhAD_cAjAMOA,13,2,1000000,1.22,0.1885,True,False,ebook; amazon.com/shop; ltk.,,0.83,video_description,https://www.youtube.com/watch?v=kjoE7sZSXrg,https://www.youtube.com/watch?v=ISgqpOpw174,monetized but missing at least one High criterion,False,15,True,True,2026-10-05T17:07:38+00:00
Passenger Paramvir,https://www.youtube.com/@PassengerParamvir,passengerparamvir@create.wtf,No,none,food,1347666,2860000,Mid,,,,,,,,,UCK2_PiPOB0VEZfbbaHj-z5w,10,4,1000000,0.74,0.4712,True,False,course; ebook,,0.33,channel_description,https://www.youtube.com/watch?v=V-eGWtA6_2w,https://www.youtube.com/watch?v=90IxM5XRPAE,monetized but missing at least one High criterion,False,15,True,True,2026-10-05T17:10:18+00:00
The Beatles,https://www.youtube.com/channel/UCc4K7bAqpdBP8jh1j9XZAww,,No,none,food,1161285,9740000,Mid,,,,,,,,,UCc4K7bAqpdBP8jh1j9XZAww,3,3,1000000,0.37,0.1192,True,False,ebook; link hub: linktr.ee,,1.0,manual,https://www.youtube.com/watch?v=c56L5uDe_eA,https://www.youtube.com/watch?v=Mki34tyoCp0,monetized but missing at least one High criterion,False,7,True,True,2026-10-05T18:35:47+00:00
Bright Sun Travels,https://www.youtube.com/@BrightSunTravels,,Yes,merch,travel,1701400,355000,Mid,,,,,,,,,UCHudN_9O_OD5KQIueahpYvg,3,21,848000,0.85,4.7927,True,False,merch,,0.69,manual,https://www.youtube.com/watch?v=GiO1a9N65y4,https://www.youtube.com/watch?v=Mni29nk4vbE,one video is carrying the average; monetized but missing at least one High criterion,True,15,True,True,2026-10-05T16:24:38+00:00
Renaissance Periodization,https://www.youtube.com/@RenaissancePeriodization,,No,none,fitness,907000,3900000,Mid,,,,,,,,,UCfQgsKhHjSyRLOp9mnffqVg,29,0,764000,0.71,0.2326,True,False,coaching; ebook,,0.75,manual,https://www.youtube.com/watch?v=HGVwe9Ege-I,https://www.youtube.com/watch?v=McIGyO_BEAE,monetized but missing at least one High criterion,False,15,True,True,2026-10-05T17:12:38+00:00
The Infographics Show,https://www.youtube.com/@TheInfographicsShow,,No,none,tech,884538,15500000,Mid,,,,,,,,,UCfdNM3NAhaBOXCafH7krzrA,30,1,752000,1.28,0.0571,True,False,ebook,,0.67,manual,https://www.youtube.com/watch?v=SzR-CBRNxvA,https://www.youtube.com/watch?v=IDZPvfsyzzA,monetized but missing at least one High criterion,False,13,True,True,2026-10-05T17:22:22+00:00
Jess Yoga,https://www.youtube.com/@JessicaRichburg,richburg.jessica@gmail.com,No,sponsors_only,lifestyle_vlog,1357200,948000,Mid,,,,,,,,,UCIXZNvQNioXFkc_Z-dfprrw,3,3,734000,1.56,1.4316,True,True,course; program; ebook; sponsor read; free lead magnet,,0.83,channel_description,https://www.youtube.com/watch?v=_D49Fgkntlo,https://www.youtube.com/watch?v=9MazN_6wdqI,monetized but missing at least one High criterion,False,15,True,True,2026-10-05T16:49:28+00:00
Architectural Digest,https://www.youtube.com/@Archdigest,,No,none,travel,871400,8010000,Mid,,,,,,,,,UC0k238zFx-Z8xFH0sxCrPJg,20,4,633000,2.62,0.1088,True,False,ebook,,0.57,manual,https://www.youtube.com/watch?v=BoJPDNbCnBc,https://www.youtube.com/watch?v=YSXP6tMsRMM,monetized but missing at least one High criterion,False,15,True,True,2026-10-05T16:20:53+00:00
The Norris Nuts,https://www.youtube.com/@norrisnuts,management@norrisnuts.com,Yes,merch,lifestyle_vlog,681933,8029999,Mid,,,,,,,,,UCYd0us2OtW4d4-1cfpT2ktw,13,2,632000,1.24,0.0849,True,False,merch; ebook,,0.25,channel_description,https://www.youtube.com/watch?v=qKnF-P3a7Hs,https://www.youtube.com/watch?v=qKnF-P3a7Hs,monetized but missing at least one High criterion,False,15,True,True,2026-10-05T18:15:16+00:00
ATHLEAN-X™,https://www.youtube.com/@athleanx,mediarelations@athleanx.com,No,none,fitness,806933,14300000,Mid,,,,,,,,,UCe0TLA0EsQbE-MjuHXevj2A,15,0,609000,0.8,0.0564,True,False,program; ebook,,0.75,channel_description,https://www.youtube.com/watch?v=kHXBL5BTIus,https://www.youtube.com/watch?v=lJteNTQC51A,monetized but missing at least one High criterion,False,15,True,True,2026-10-05T17:40:20+00:00
Katina Eats Kilos,https://www.youtube.com/@KatinaEatsKilos,,No,none,food,701000,1180000,Mid,,,,,,,,,UCyfrEmiyq0Bv46gpxKTMcQg,7,1,570000,1.34,0.5941,True,False,ebook,,0.88,manual,https://www.youtube.com/watch?v=z5RwmDhgLjU,https://www.youtube.com/watch?v=66g5jU_4h2U,monetized but missing at least one High criterion,False,15,True,True,2026-10-05T16:53:48+00:00
Matt D'Avella,https://www.youtube.com/@mattdavella,,No,none,fitness,558600,4050000,Mid,,,,,,,,,UCJ24N4O0bP7LGLBDvye7oCA,3,7,560000,0.57,0.1379,True,False,course,,0.4,manual,https://www.youtube.com/watch?v=7k-2eIrDXng,https://www.youtube.com/watch?v=XhjXAjs_BK8,monetized but missing at least one High criterion,False,15,True,True,2026-10-05T18:10:17+00:00
Unspeakable Studios,https://www.youtube.com/@UnspeakableStudios,,Yes,merch,lifestyle_vlog,782466,4590000,Mid,,,,,,,,,UCet_y01v87pE7MPGikjTQQw,30,1,534000,1.92,0.1705,True,False,merch,,0.5,manual,https://www.youtube.com/watch?v=VgUlVnw56ng,https://www.youtube.com/watch?v=aVjzS6JibxU,monetized but missing at least one High criterion,False,15,True,True,2026-10-05T17:31:56+00:00
Jeb Brooks,https://www.youtube.com/@GreenerGrass,,No,none,travel,620333,1040000,Mid,,,,,,,,,UCsQLTECz1bCA56JIryaw-lA,6,9,512000,1.97,0.5965,True,False,course,,1.0,manual,https://www.youtube.com/watch?v=ckxTb0gafok,https://www.youtube.com/watch?v=odmGtu1hrM4,monetized but missing at least one High criterion,False,15,True,True,2026-10-05T16:40:42+00:00
Ben Morris,https://www.youtube.com/@benmorris,reach@benmorris.uk,No,none,travel,1002533,1050000,Mid,,,,,,,,,UCZKaJWjvdPbbEFe8oD5NiXg,3,30,510000,1.79,0.9548,False,False,,,1.0,video_description,https://www.youtube.com/watch?v=YZ0jMki5Wf8,https://www.youtube.com/watch?v=AdHV8zTfvsU,"no monetization found, check link hubs and the About page by hand",True,15,True,True,2026-10-05T17:42:33+00:00
Goal Guys,https://www.youtube.com/@GoalGuys,Goalguys@night.co,No,sponsors_only,fitness,546200,561000,Mid,,,,,,,,,UC6MXE0Px3m1aI4vI0pLWzQg,3,1,470000,1.43,0.9736,True,True,course; ebook; sponsor read,,0.25,channel_description,https://www.youtube.com/watch?v=R3SYyq2HMOc,https://www.youtube.com/watch?v=SkCnVH3Vjps,monetized but missing at least one High criterion,False,15,True,True,2026-10-05T16:40:25+00:00
Yoga With Adriene,https://www.youtube.com/@yogawithadriene,,No,none,lifestyle_vlog,492666,13700000,Mid,,,,,,,,,UCFKE7WVJfvaHW5q283SxchA,13,13,438000,1.45,0.036,True,False,course; program,,1.0,manual,https://www.youtube.com/watch?v=wtaHYCBKpTQ,https://www.youtube.com/watch?v=0V_zxvWCBlY,monetized but missing at least one High criterion,False,15,True,True,2026-10-05T18:33:45+00:00
Webby,https://www.youtube.com/@webbyYT,webbygames3@gmail.com,Yes,digital_product,tech,484533,352000,Mid,,,,,,,,,UCefmwkux5uOy6mpOD5sORzw,0,244,436000,0.63,1.3765,True,False,whop.com; merch,,0.6,video_description,https://www.youtube.com/watch?v=JOo3JGW2Bjk,https://www.youtube.com/watch?v=04iJBKk7snk,monetized but missing at least one High criterion,False,15,True,True,2026-10-05T18:32:38+00:00
Jon Barr,https://www.youtube.com/@HereBeBarr,jonbarr@delkatalents.com,Yes,merch,food,563466,670000,Mid,,,,,,,,,UCmKNW9ontOlTd_p4Dg51sRQ,6,10,427000,0.89,0.841,True,True,merch; spring.com; teespring; ebook; affiliate; sponsor read,$50,0.91,channel_description,https://www.youtube.com/watch?v=0lR31sL79Yc,https://www.youtube.com/watch?v=cLNMDcNwqpk,monetized but missing at least one High criterion,False,15,True,True,2026-10-05T16:42:34+00:00
Casey Kelly,https://www.youtube.com/@caseykellyfit,caseykellyfit@gmail.com,No,sponsors_only,nutrition,619400,626000,Mid,,,,,,,,,UCNcGuPRKIoQTPX__Di_NoRA,6,2,427000,0.78,0.9895,True,True,ebook; sponsor read,,0.5,channel_description,https://www.youtube.com/watch?v=c6jBzT1qjZo,https://www.youtube.com/watch?v=UTCyj0g5Gog,monetized but missing at least one High criterion,False,15,True,True,2026-10-05T17:45:21+00:00
Dots on a Map,https://www.youtube.com/@DotsonaMap,,No,none,travel,421692,223000,Mid,,,,,,,,,UCmf0FVB5zt6Ltq7RooWvc0g,6,10,426000,1.29,1.891,True,False,ebook,,0.67,manual,https://www.youtube.com/watch?v=KLq6OkDAu-o,https://www.youtube.com/watch?v=Jxd6vju1QB4,monetized but missing at least one High criterion,False,15,True,True,2026-10-05T16:32:57+00:00
Ally Purugganan,https://www.youtube.com/@allyduhrey,tamara@smallscreenmarketing.com,No,none,lifestyle_vlog,423266,1110000,Mid,,,,,,,,,UCGsOKlYVJbpt3BLsPdw7R_g,6,5,409000,1.18,0.3813,False,False,,,0.6,video_description,https://www.youtube.com/watch?v=cwzqLXYJPsY,https://www.youtube.com/watch?v=1FfKNXAMgQo,"no monetization found, check link hubs and the About page by hand",True,15,True,True,2026-10-05T17:38:37+00:00
Field Days,https://www.youtube.com/@FieldDays,,Yes,merch,food,556600,2000000,Mid,,,,,,,,,UCSZwSipmufiBGjFk9q3rD-A,6,8,396000,1.95,0.2783,True,False,merch,,0.67,manual,https://www.youtube.com/watch?v=4ET1FU9ah5s,https://www.youtube.com/watch?v=C1ZCBGx5OB8,monetized but missing at least one High criterion,False,15,True,True,2026-10-05T16:37:10+00:00
Chloe Ting,https://www.youtube.com/@ChloeTing,,Yes,merch,fitness,483933,26100000,Mid,,,,,,,,,UCCgLoMYIyP0U56dEhEL1wXQ,4,30,381000,2.34,0.0185,True,False,merch; program; ebook; amazon.com/shop,,0.87,manual,https://www.youtube.com/watch?v=Gjr3CpBve4M,https://www.youtube.com/watch?v=aO7455CeNmA,views are low for the subscriber count; monetized but missing at least one High criterion,True,15,True,True,2026-10-05T16:28:05+00:00
Lisa and Josh,https://www.youtube.com/@LisaAndJosh,,Yes,community_or_membership,finance,668666,170000,Mid,,,,,,,,,UCmFVeAWxiBM9wkS1OeJKhUg,1,21,377000,0.66,3.9333,True,False,patreon.com; course; ebook; amazon.com/shop; affiliate,$100,1.0,manual,https://www.youtube.com/watch?v=f1zqNIAxRgg,https://www.youtube.com/watch?v=6496pZT94_k,monetized but missing at least one High criterion,False,15,True,True,2026-10-05T16:58:14+00:00
My Family Vlog,https://www.youtube.com/@myfamilyvlog1484,,No,none,nutrition,345866,386000,Mid,,,,,,,,,UC9zvuudYHEptDdXdkD6GAEA,30,1,367000,1.18,0.896,True,False,ebook,,1.0,manual,https://www.youtube.com/watch?v=AK9g-8f-Q0I,https://www.youtube.com/watch?v=u2Hws3GlwW0,monetized but missing at least one High criterion,False,15,True,True,2026-10-05T18:13:22+00:00
Swara Singh,https://www.youtube.com/@Swara_Singh,,No,affiliate_only,lifestyle_vlog,560333,11000000,Mid,,,,,,,,,UCH9aPskONv7sraQfL-UDxNQ,8,1,364000,0.85,0.0509,True,True,amzn.to; sponsor read,,0.6,manual,https://www.youtube.com/watch?v=fNYKeSPnFkg,https://www.youtube.com/watch?v=HdNP4HB3RCY,monetized but missing at least one High criterion,False,15,True,True,2026-10-05T17:19:37+00:00
Emma Cruises,https://www.youtube.com/@EmmaCruises,,No,sponsors_only,travel,424000,434000,Mid,,,,,,,,,UCu4C8c3h9SKdkxnOwIAiHeA,9,6,357500,0.96,0.977,True,True,course; sponsor read,"$300,000",1.0,manual,https://www.youtube.com/watch?v=y1HOm0zDu9U,https://www.youtube.com/watch?v=srnVDmfGwxA,monetized but missing at least one High criterion,False,15,True,True,2026-10-05T16:34:24+00:00
Ken Abroad,https://www.youtube.com/@KenAbroad,,Yes,merch,tech,423466,709000,Mid,,,,,,,,,UCHza0GAxOvBOeLKkMeL8EcQ,10,5,353000,1.4,0.5973,True,True,merch; course; ebook; e-book; affiliate; sponsor read,,0.5,manual,https://www.youtube.com/watch?v=BCgFJy9XhfY,https://www.youtube.com/watch?v=YwUn0q6k8G4,monetized but missing at least one High criterion,False,15,True,True,2026-10-05T16:54:28+00:00
Breanna Quan,https://www.youtube.com/@BreannaQuan,breanna@sparkmedia.la,No,sponsors_only,lifestyle_vlog,437000,1480000,Mid,,,,,,,,,UCz9F9eEkt2KcLXZt--M6vjA,8,6,352000,1.28,0.2953,True,True,template; sponsor read,,0.71,channel_description,https://www.youtube.com/watch?v=pihKrtf-Xs8,https://www.youtube.com/watch?v=iReIa5Xp7Sk,monetized but missing at least one High criterion,False,15,True,True,2026-10-05T16:24:08+00:00
Ireland Boys Productions,https://www.youtube.com/@IrelandBoysProductions,IrelandBoysProductions@gmail.com,Yes,merch,travel,387666,5570000,Mid,,,,,,,,,UCxgDfpB3rBRPozm3zzaRXTQ,7,9,323000,1.46,0.0696,True,False,merch; ebook,,1.0,video_description,https://www.youtube.com/watch?v=Mns05v0jYlA,https://www.youtube.com/watch?v=39t30kYQHrc,monetized but missing at least one High criterion,False,15,True,True,2026-10-05T16:45:38+00:00
Nathaly Cuevas,https://www.youtube.com/@NathalyCuevas,nathalycuevas@madridmngmt.com,No,affiliate_only,nutrition,298866,1390000,Mid,,,,,,,,,UCBAGtBjmMhfVUrv1Lc3Mdqw,9,3,290000,1.06,0.215,True,False,amzn.to; amazon.com/shop; ltk.; link hub: linktr.ee,,0.33,channel_description,https://www.youtube.com/watch?v=tBhQifbCE7c,https://www.youtube.com/watch?v=W7RNX673d2k,monetized but missing at least one High criterion,False,15,True,True,2026-10-05T17:05:35+00:00
Finatic,https://www.youtube.com/@Finatic,finatic@jakerosenentertainment.com,No,sponsors_only,tech,376400,948000,Mid,,,,,,,,,UCWSc1BIBt9peSNVljpo9Syw,20,5,288000,0.85,0.397,True,True,sponsor read,,0.5,channel_description,https://www.youtube.com/watch?v=6jbjrn2WRdw,https://www.youtube.com/watch?v=dtCKKVGbiWM,monetized but missing at least one High criterion,False,15,True,True,2026-10-05T16:37:17+00:00
PurpleStars02,https://www.youtube.com/@PurpleStars02,,Yes,merch,tech,386785,8350000,Mid,,,,,,,,,UC46fZkmsP85pUQDLw1UKezg,28,1,279500,0.9,0.0463,True,False,merch; ebook,,0.33,manual,https://www.youtube.com/watch?v=HXMseDn8szM,https://www.youtube.com/watch?v=MFBbAFMM5Lg,monetized but missing at least one High criterion,False,15,True,True,2026-10-05T17:11:39+00:00
Linda Sun,https://www.youtube.com/@lindasunyt,lindasun@select.co,No,sponsors_only,food,297800,1600000,Mid,,,,,,,,,UCpEcZL5B7i6gJYGfqLvMCbg,6,1,272000,1.16,0.1861,True,True,sponsor read,,0.3,video_description,https://www.youtube.com/watch?v=8xUPvOtJufA,https://www.youtube.com/watch?v=-9ocXQt7BIQ,monetized but missing at least one High criterion,False,15,True,True,2026-10-05T18:07:30+00:00
Taylor Bell,https://www.youtube.com/@TaylorBell,team@taykbell.com,No,affiliate_only,business,362866,956000,Mid,,,,,,,,,UCP0f9FXZ4g-MxAqSUreHpCw,6,9,271000,1.97,0.3796,True,False,amzn.to; affiliate; shopmy,,0.43,channel_description,https://www.youtube.com/watch?v=nyaUwkTo7cg,https://www.youtube.com/watch?v=H6qenMW8GuI,monetized but missing at least one High criterion,False,15,True,True,2026-10-05T17:21:06+00:00
fitbymik,https://www.youtube.com/@fitbymik,,No,none,fitness,299533,1360000,Mid,,,,,,,,,UCuM9fe_QPFMTJT3uQmoNMFg,8,3,271000,1.16,0.2202,True,False,coaching; ebook,,0.93,manual,https://www.youtube.com/watch?v=8W-9U5WKSwA,https://www.youtube.com/watch?v=g9zFVuVmmCY,monetized but missing at least one High criterion,False,15,True,True,2026-10-05T17:53:02+00:00
Hungry Passport,https://www.youtube.com/@HungryPassport,,No,none,travel,551333,280000,Mid,,,,,,,,,UCl_7TcFxC6XNZOVmJClCUEg,0,730,267000,3.52,1.969,True,False,ebook,,1.0,manual,https://www.youtube.com/watch?v=Y5oz2yugIl0,https://www.youtube.com/watch?v=9wbNabuP6aM,one video is carrying the average; monetized but missing at least one High criterion,True,15,True,True,2026-10-05T16:44:18+00:00
AllyiahsFace,https://www.youtube.com/@allyiahsface,regina.harris@thedigitalbrandarchitects.com,No,affiliate_only,lifestyle_vlog,266266,934000,Mid,,,,,,,,,UCiiFVjk0cuq6NPeIG0p0Yrg,7,21,265000,1.09,0.2851,True,False,amzn.to; amazon.com/shop,,0.6,video_description,https://www.youtube.com/watch?v=iN2g-bTtluQ,https://www.youtube.com/watch?v=oz6lyKAwAIg,monetized but missing at least one High criterion,False,15,True,True,2026-10-05T17:38:45+00:00
MadFit,https://www.youtube.com/@MadFit,madfit95@gmail.com,No,none,fitness,246600,11700000,Mid,,,,,,,,,UCpQ34afVgk8cRQBjSJ1xuJQ,12,5,256000,1.28,0.0211,True,False,program,,0.93,video_description,https://www.youtube.com/watch?v=BoTjkpZmRow,https://www.youtube.com/watch?v=igjlc8V6Kc0,views are low for the subscriber count; monetized but missing at least one High criterion,True,15,True,True,2026-10-05T16:59:57+00:00
Sarahs Day,https://www.youtube.com/@SarahsDay,,No,sponsors_only,lifestyle_vlog,261800,1550000,Mid,,,,,,,,,UCAHufvd02viJSRdt3ojdPOg,6,13,251000,0.93,0.1689,True,True,program; ebook; sponsor read; link hub: linktr.ee,,0.5,manual,https://www.youtube.com/watch?v=yvToXLD84Zc,https://www.youtube.com/watch?v=yvToXLD84Zc,monetized but missing at least one High criterion,False,15,True,True,2026-10-05T17:15:55+00:00
millie liao,https://www.youtube.com/@mildredsauce,millie@lifeisajob.com,No,none,lifestyle_vlog,307500,538000,Mid,,,,,,,,,UCP1ethGXE7MD8B9MuVJ35ew,6,11,244000,0.81,0.5716,False,False,,,0.8,channel_description,https://www.youtube.com/watch?v=jHbrK-w7ElU,https://www.youtube.com/watch?v=gUJmtCaAwIA,"no monetization found, check link hubs and the About page by hand",True,15,True,True,2026-10-05T18:11:15+00:00
Juice & Toya,https://www.youtube.com/@JuiceandToya,,Yes,merch,fitness,218533,2630000,Mid,,,,,,,,,UCwrXi5ZknKThspJc-Gai04g,8,14,243000,1.19,0.0831,True,False,merch; program,$100K,1.0,manual,https://www.youtube.com/watch?v=5-Q1OxN8trM,https://www.youtube.com/watch?v=czow6GlY_PA,monetized but missing at least one High criterion,False,15,True,True,2026-10-05T16:51:49+00:00
Nick Bare,https://www.youtube.com/@nickbarefitness,,No,none,fitness,284066,1530000,Mid,,,,,,,,,UCbVEx9qG_hLrb6FrWQJz_Tg,14,4,238000,1.8,0.1857,True,False,program; ebook,,0.5,manual,https://www.youtube.com/watch?v=I8oNKrtfovI,https://www.youtube.com/watch?v=t_-6K7EiZdc,monetized but missing at least one High criterion,False,15,True,True,2026-10-05T18:14:23+00:00
EpicExplorationsTV EN,https://www.youtube.com/@EpicExplorationsTVEN,,No,none,travel,282733,457000,Mid,,,,,,,,,UCoEme6xBIdbEmDFAIPKQBKA,9,8,237000,0.73,0.6187,True,False,ebook,,1.0,manual,https://www.youtube.com/watch?v=0WU7dwI4YEA,https://www.youtube.com/watch?v=PjDTdrfoPxw,monetized but missing at least one High criterion,False,15,True,True,2026-10-05T16:34:48+00:00
Sydney Serena,https://www.youtube.com/@SydneySerena,sydneyserena@lulucreativemedia.com,No,none,lifestyle_vlog,460400,3920000,Mid,,,,,,,,,UCWI1AJmkMm_sbTX_Ps8gQAw,8,8,229000,0.6,0.1174,False,False,,,0.86,channel_description,https://www.youtube.com/watch?v=TCa-Apn6y6g,https://www.youtube.com/watch?v=Myp2On95hJM,"one video is carrying the average; no monetization found, check link hubs and the About page by hand",True,15,True,True,2026-10-05T17:19:46+00:00
LenaLifts,https://www.youtube.com/@lenalifts,,No,none,lifestyle_vlog,353133,1530000,Mid,,,,,,,,,UCAk_loXdoKqPXwnTMmCuDeQ,10,1,226000,1.54,0.2308,False,False,link hub: komi.io,,0.75,manual,https://www.youtube.com/watch?v=eEh-wjeMlYE,https://www.youtube.com/watch?v=LcYBxLiv55E,"no monetization found, check link hubs and the About page by hand",True,15,True,True,2026-10-05T18:06:55+00:00
Hannah Ricketts,https://www.youtube.com/@HannahRicketts,hannahlricketts@outlook.com,No,sponsors_only,food,264466,518000,Mid,,,,,,,,,UCwn6xfCxYdajIejf7O-kMIw,26,2,225000,0.79,0.5106,True,True,sponsor read,,0.45,channel_description,https://www.youtube.com/watch?v=6rt6WfRR4Ow,https://www.youtube.com/watch?v=SFjDbNjM4T4,monetized but missing at least one High criterion,False,15,True,True,2026-10-05T16:41:23+00:00
Noel Deyzel,https://www.youtube.com/@NoelDeyzel,,No,sponsors_only,fitness,327466,7770000,Mid,,,,,,,,,UCMp-0bU-PA7BNNR-zIvEydA,12,1,221000,1.15,0.0421,True,True,coaching; sponsor read,,0.6,manual,https://www.youtube.com/watch?v=hmPOM6DQHJs,https://www.youtube.com/watch?v=Jaep7tUCJ1Q,monetized but missing at least one High criterion,False,15,True,True,2026-10-05T17:07:02+00:00
growingannanas,https://www.youtube.com/@growingannanas,,No,affiliate_only,fitness,239200,8210000,Mid,,,,,,,,,UCsLF0qPTpkYKq81HsjgzhwQ,16,1,217000,1.26,0.0291,True,True,ebook; amzn.to; sponsor read,,0.93,manual,https://www.youtube.com/watch?v=Vie37fgQgg4,https://www.youtube.com/watch?v=Re6mj_DKKwc,views are low for the subscriber count; monetized but missing at least one High criterion,True,15,True,True,2026-10-05T17:55:23+00:00
Family Fizz,https://www.youtube.com/@FamilyFizz,,Yes,merch,food,218200,2780000,Mid,,,,,,,,,UCeJICuSKNGMVQbAAzH6DcAw,8,14,215000,0.93,0.0785,True,False,merch; amazon.com/shop; affiliate,,0.29,manual,https://www.youtube.com/watch?v=kXGSBqQj4Iw,https://www.youtube.com/watch?v=TMdwVv7HBAI,monetized but missing at least one High criterion,False,15,True,True,2026-10-05T16:36:38+00:00
Brez,https://www.youtube.com/@brezscales,,No,none,business,389666,586000,Mid,,,,,,,,,UC_RTbuujg9jK1VkVyZzyOcA,6,14,215000,0.64,0.665,True,False,course,,0.5,manual,https://www.youtube.com/watch?v=-TEJB5td2Ts,https://www.youtube.com/watch?v=XAU1w2AOPgI,monetized but missing at least one High criterion,False,15,True,True,2026-10-05T17:43:44+00:00
Luxury Travel Host,https://www.youtube.com/@luxurytravelhost,collabs@luxuryhostmedia.com,No,none,travel,370800,96000,Mid,,,,,,,,,UCNDvmLVqgolcetQbZh5aQug,11,2,215000,0.19,3.8625,True,False,ebook,,0.67,channel_description,https://www.youtube.com/watch?v=PaMXTDwLLh4,https://www.youtube.com/watch?v=tbRQvOSkLUI,monetized but missing at least one High criterion,False,15,True,True,2026-10-05T18:08:49+00:00
The Family Fudge,https://www.youtube.com/@Thefamilyfudge,thefamilyfudge@influint.co,No,affiliate_only,travel,373533,2049999,Mid,,,,,,,,,UCLAVg6ayEe4Abkz0QH-ZoZA,7,7,192000,0.91,0.1822,True,False,amzn.to; amazon.com/shop,,0.29,video_description,https://www.youtube.com/watch?v=e3baAZnvC2Q,https://www.youtube.com/watch?v=gl_JkpkfFhk,monetized but missing at least one High criterion,False,15,True,True,2026-10-05T17:26:00+00:00
Global Cycling Network,https://www.youtube.com/@gcn,,No,none,running_endurance,233733,3640000,Mid,,,,,,,,,UCuTaETsuCOkJ0H_GAztWt0Q,30,1,191000,0.67,0.0642,True,False,course; ebook,,0.57,manual,https://www.youtube.com/watch?v=fbDIdHR9Ik8,https://www.youtube.com/watch?v=NEuvgekjO44,monetized but missing at least one High criterion,False,15,True,True,2026-10-05T17:54:32+00:00
Joel and Emilia,https://www.youtube.com/@Joel_Emilia,,No,affiliate_only,travel,193266,405000,Mid,,,,,,,,,UCbn5xzRrAOY9DWJlbyPBsvg,8,2,189000,1.1,0.4772,True,False,ebook; amzn.to; affiliate,$5,1.0,manual,https://www.youtube.com/watch?v=TOJODcwyHpE,https://www.youtube.com/watch?v=dyBKJuQ6NW0,monetized but missing at least one High criterion,False,15,True,True,2026-10-05T16:50:48+00:00
Joe Delaney,https://www.youtube.com/@JoeDelaneyy,,No,none,fitness,555466,836000,Mid,,,,,,,,,UCE2hIKMrB6Heg3b53NcoeLQ,3,5,184000,0.94,0.6644,True,False,program; ebook,,0.57,manual,https://www.youtube.com/watch?v=tEVsXXl3n4s,https://www.youtube.com/watch?v=vgNSddHF5xY,one video is carrying the average; monetized but missing at least one High criterion,True,15,True,True,2026-10-05T16:50:24+00:00
Mike Thurston,https://www.youtube.com/@MikeThurston,mike@zodiacglobal.com,No,lead_magnet_only,fitness,191800,1650000,Mid,,,,,,,,,UCzGLDaTu81nJDtWK10MniGg,5,11,181000,1.54,0.1162,True,False,free lead magnet,,0.57,channel_description,https://www.youtube.com/watch?v=yLuVuuhXhr0,https://www.youtube.com/watch?v=Ddl9UUx54ZA,monetized but missing at least one High criterion,False,15,True,True,2026-10-05T17:02:06+00:00
Sab Yang,https://www.youtube.com/@fromsabyang,sab@sparkmedia.la,No,none,lifestyle_vlog,217800,415000,Mid,,,,,,,,,UC9KBMJwxMFC-7G6prUCpFhg,13,1,181000,1.01,0.5248,False,False,,,0.64,channel_description,https://www.youtube.com/watch?v=Qu9fD1EjS1E,https://www.youtube.com/watch?v=Jaj6AKQnh1s,"no monetization found, check link hubs and the About page by hand",True,15,True,True,2026-10-05T17:53:53+00:00
Internet Shaquille,https://www.youtube.com/@internetshaquille,,Yes,community_or_membership,food,266466,850000,Mid,,,,,,,,,UCSuT9FSddzI6W5Bij9XwtmA,4,8,178000,0.87,0.3135,True,True,patreon.com; sponsor read; free lead magnet,,0.75,manual,https://www.youtube.com/watch?v=yerjCG1eznc,https://www.youtube.com/watch?v=RZpPPBCODQk,monetized but missing at least one High criterion,False,15,True,True,2026-10-05T17:59:30+00:00
HawaiianTraveler | Sean Kaleponi,https://www.youtube.com/@SeanKaleponi,,No,none,food,177600,93300,Mid,,,,,,,,,UCLm9mtUJlmbEjMFHD-0jcrw,2,30,176000,1.59,1.9035,True,False,ebook,$14.95,0.8,manual,https://www.youtube.com/watch?v=cRMSfa0IWZ8,https://www.youtube.com/watch?v=YnEbGFstl8I,monetized but missing at least one High criterion,False,15,True,True,2026-10-05T17:16:11+00:00
7clouds,https://www.youtube.com/@7clouds,contact@7clouds.org,No,none,food,336000,33700000,Mid,,,,,,,,,UCNqFDjYTexJDET3rPDrmJKg,23,0,164500,1.16,0.01,False,False,,,1.0,channel_description,https://www.youtube.com/watch?v=aM_ZQgGZo8k,https://www.youtube.com/watch?v=9LWvwDISOgQ,"one video is carrying the average; views are low for the subscriber count; no monetization found, check link hubs and the About page by hand",True,14,True,True,2026-10-05T16:16:33+00:00
Calisthenicmovement,https://www.youtube.com/@calimove,,No,none,fitness,294733,4270000,Mid,,,,,,,,,UCZIIRX8rkNjVpP-oLMHpeDw,1,1,162000,0.62,0.069,True,False,ebook,,0.8,manual,https://www.youtube.com/watch?v=cBEMlXB2P4I,https://www.youtube.com/watch?v=EzXUbO9T8qQ,monetized but missing at least one High criterion,False,15,True,True,2026-10-05T17:44:54+00:00
Joolz Guides - London History Walks - Travel Films,https://www.youtube.com/@Joolzguides,,Yes,community_or_membership,food,168733,330000,Mid,,,,,,,,,UCFWqceEDVxifaU3ljzMH5tg,2,14,161000,1.02,0.5113,True,False,patreon.com; ebook; geni.us; link hub: linktr.ee,,1.0,manual,https://www.youtube.com/watch?v=-UQ_Kso1dK8,https://www.youtube.com/watch?v=xg4_nipToHE,monetized but missing at least one High criterion,False,15,True,True,2026-10-05T16:51:17+00:00
TIM and FIN,https://www.youtube.com/@timandfin,,No,lead_magnet_only,travel,335400,255000,Mid,,,,,,,,,UC4RjMCWka4N2qGRLz6nbJUA,1,2,159000,0.75,1.3153,True,False,ebook; free lead magnet,$1000,0.64,manual,https://www.youtube.com/watch?v=7OhQNAc_GTI,https://www.youtube.com/watch?v=Jn0NRKCXw8g,one video is carrying the average; monetized but missing at least one High criterion,True,15,True,True,2026-10-05T18:28:15+00:00
Leah Shutkever,https://www.youtube.com/@LeahShutkever,,No,none,food,187133,671000,Mid,,,,,,,,,UC0dlQ2xYj2kw7BiE1HAygLw,11,3,156000,0.78,0.2789,True,False,ebook,£15,0.55,manual,https://www.youtube.com/watch?v=elQ3HBFyqYM,https://www.youtube.com/watch?v=w5Z_dMl4AYA,monetized but missing at least one High criterion,False,15,True,True,2026-10-05T16:56:10+00:00
J House Vlogs,https://www.youtube.com/@jhousevlogs,,Yes,merch,travel,181933,3560000,Mid,,,,,,,,,UCyjhyJoPHcQRxPLnWPjOecg,6,1,155000,0.83,0.0511,True,False,merch; amazon.com/shop,,0.67,manual,https://www.youtube.com/watch?v=Syeav9zmgEs,https://www.youtube.com/watch?v=RkEeRNnAgVs,monetized but missing at least one High criterion,False,15,True,True,2026-10-05T18:01:44+00:00
Timmy's Takeout,https://www.youtube.com/@TimmyTakeout,,No,none,food,197933,1600000,Mid,,,,,,,,,UCBLbx0zwDcFoKV9pdyOTuLw,13,1,152000,0.89,0.1237,False,False,,,0.62,manual,https://www.youtube.com/watch?v=RIjLlnGPYFQ,https://www.youtube.com/watch?v=NwZHVQkJX0Y,"no monetization found, check link hubs and the About page by hand",True,15,True,True,2026-10-05T17:27:16+00:00
Suitcase Monkey,https://www.youtube.com/@SuitcaseMonkey,,Yes,community_or_membership,travel,283533,395000,Mid,,,,,,,,,UCmHn9fGfK0NmI9fMzuaYnjA,3,14,151000,1.53,0.7178,True,True,patreon.com; ebook; affiliate; sponsor read,,0.75,manual,https://www.youtube.com/watch?v=1Nez-30w8b8,https://www.youtube.com/watch?v=S2NDPhOeSfI,monetized but missing at least one High criterion,False,15,True,True,2026-10-05T17:19:00+00:00
nourishmovelove,https://www.youtube.com/@nourishmovelove,,No,affiliate_only,fitness,130866,1210000,Mid,,,,,,,,,UCIiI9tAbgvSPPL_50gefFtw,17,0,151000,3.08,0.1082,True,False,program; coaching; affiliate,,1.0,manual,https://www.youtube.com/watch?v=yTBhAQMIot0,https://www.youtube.com/watch?v=yTBhAQMIot0,monetized but missing at least one High criterion,False,15,True,True,2026-10-05T18:15:26+00:00
Flight Formula,https://www.youtube.com/@FlightFormula,,No,none,travel,174333,82400,Mid,,,,,,,,,UCFCtPTN9M6nmmDbllaZgGuA,7,12,141000,0.95,2.1157,False,False,,,0.89,manual,https://www.youtube.com/watch?v=A5l6Qbb-lPY,https://www.youtube.com/watch?v=MGWq2QZFUBs,"no monetization found, check link hubs and the About page by hand",True,15,True,True,2026-10-05T16:38:12+00:00
Top5s,https://www.youtube.com/@Top5s,,Yes,community_or_membership,,163800,3440000,Mid,,,,,,,,,UCX51Dixddr5HuwLVBH9ykeQ,30,1,136000,0.35,0.0476,True,False,myshopify.com; patreon.com,,0.0,manual,https://www.youtube.com/watch?v=lohRXpHv85U,https://www.youtube.com/watch?v=Oza5afM5sJ4,monetized but missing at least one High criterion,False,15,True,True,2026-10-05T17:27:51+00:00
Yoga with Kassandra,https://www.youtube.com/@yogawithkassandra,,Yes,merch,fitness,165066,3330000,Mid,,,,,,,,,UCX32D3gKXENrhOXdZjWWtMA,10,7,135000,0.84,0.0496,True,False,merch; course; program; ebook; amzn.to; free lead magnet,,0.5,manual,https://www.youtube.com/watch?v=nfmcXtwGYsk,https://www.youtube.com/watch?v=dyTpgGgVcwg,monetized but missing at least one High criterion,False,15,True,True,2026-10-05T18:33:53+00:00
2Passports 1Dream,https://www.youtube.com/@2Passports1Dream,business@2passports1dream.com,No,affiliate_only,travel,138600,304000,Mid,,,,,,,,,UCBQjTfMEcxMlI49KCQAHwYQ,13,2,133000,1.3,0.4559,True,True,ebook; amzn.to; affiliate; sponsor read; link hub: linktr.ee,,1.0,channel_description,https://www.youtube.com/watch?v=J_5M41a77f4,https://www.youtube.com/watch?v=2Q2Nhgn0tKw,monetized but missing at least one High criterion,False,15,True,True,2026-10-05T16:15:52+00:00
Lidia Mera,https://www.youtube.com/@lidiavmera,,No,none,fitness,135733,2330000,Mid,,,,,,,,,UCkzxguSkFnDnJc2TaltprRw,17,1,133000,1.2,0.0583,False,False,,,0.8,manual,https://www.youtube.com/watch?v=cm0e3SZBHk4,https://www.youtube.com/watch?v=BRPCKzjXeJw,"no monetization found, check link hubs and the About page by hand",True,15,True,True,2026-10-05T18:07:03+00:00
Mammoth Club,https://www.youtube.com/@Mammoth_Club,,No,affiliate_only,travel,133066,309000,Mid,,,,,,,,,UCXGQTkyIfrJJ7ZT1A9MuJ0A,30,1,130000,1.04,0.4306,True,False,amazon.com/shop; affiliate; ltk.,,0.75,manual,https://www.youtube.com/watch?v=hCBowMT8PKk,https://www.youtube.com/watch?v=JQZcWyJ2siI,monetized but missing at least one High criterion,False,15,True,True,2026-10-05T17:00:21+00:00
Brett Conti,https://www.youtube.com/@brettconti,,No,affiliate_only,travel,180600,1040000,Mid,,,,,,,,,UCi4s3kO1-xxCDaw8yX56umw,5,14,130000,0.98,0.1737,True,False,amzn.to,,1.0,manual,https://www.youtube.com/watch?v=19IFTmxIz6s,https://www.youtube.com/watch?v=InHZW6pXTTU,monetized but missing at least one High criterion,False,15,True,True,2026-10-05T17:43:35+00:00
The Ramsey Show Highlights,https://www.youtube.com/@TheRamseyShow,,No,none,finance,156750,4600000,Mid,,,,,,,,,UC7eBNeDW1GQf2NJQ6G6gAxw,30,0,128000,,0.0341,True,False,program; ebook,$250,1.0,manual,https://www.youtube.com/watch?v=3J0lOTA_Cpg,https://www.youtube.com/watch?v=4L5uyJTjb0o,monetized but missing at least one High criterion,False,4,True,True,2026-10-05T17:24:29+00:00
SusieJTodd,https://www.youtube.com/@SusieJTodd,susie@wearekomodo.com,No,sponsors_only,lifestyle_vlog,155133,956000,Mid,,,,,,,,,UC2b9tVgzE8IUChCjRTL5YPw,5,13,127000,1.79,0.1623,True,True,course; sponsor read,,0.5,channel_description,https://www.youtube.com/watch?v=SficjfcJmck,https://www.youtube.com/watch?v=liCEbXkaAeM,monetized but missing at least one High criterion,False,15,True,True,2026-10-05T17:19:27+00:00
SHAWSTRENGTH,https://www.youtube.com/@SHAWSTRENGTH,,No,none,fitness,195933,2310000,Mid,,,,,,,,,UCjQFLkJG0737sMibjcdKrsw,16,3,126000,1.47,0.0848,True,False,coaching; ebook,,0.57,manual,https://www.youtube.com/watch?v=rWkT9gBv4tk,https://www.youtube.com/watch?v=VWF8PZEHzyU,monetized but missing at least one High criterion,False,15,True,True,2026-10-05T17:15:12+00:00
Emily Paulichi,https://www.youtube.com/@emilypaulichi,empaulichi@gmail.com,No,affiliate_only,lifestyle_vlog,158266,1040000,Mid,,,,,,,,,UCPPQp5skMpTKxL3EECp0VdQ,9,10,126000,1.37,0.1522,True,False,amzn.to; amazon.com/shop,,1.0,video_description,https://www.youtube.com/watch?v=QEDNATtGnkA,https://www.youtube.com/watch?v=zaTfknm2CKE,monetized but missing at least one High criterion,False,15,True,True,2026-10-05T17:51:18+00:00
Mike Chen Clips & BEST Eats,https://www.youtube.com/@strictlydumplingshorts,,No,none,food,165333,142000,Mid,,,,,,,,,UCHh0C-Pda0HpyjbXi1ILi9Q,30,0,126000,2.19,1.1643,False,False,,,0.64,manual,https://www.youtube.com/watch?v=Cvz_4VTDD64,https://www.youtube.com/watch?v=UdZn1CkJhIA,"no monetization found, check link hubs and the About page by hand",True,15,True,True,2026-10-05T18:23:43+00:00
Adventures of A+K,https://www.youtube.com/@AdventuresofAplusK,,Yes,merch,travel,211266,298000,Mid,,,,,,,,,UCU2XpPnwebf9VwOuddBb9NQ,4,8,125000,0.91,0.7089,True,True,merch; ebook; sponsor read,,0.73,manual,https://www.youtube.com/watch?v=3KuF1on19Hc,https://www.youtube.com/watch?v=z78n-wWrqMQ,monetized but missing at least one High criterion,False,15,True,True,2026-10-05T16:17:53+00:00
Miss Charli,https://www.youtube.com/@MissCharli,,No,none,lifestyle_vlog,145066,761000,Mid,,,,,,,,,UC_rykNjdtD-2oFwzYmr_SnQ,11,2,124000,1.23,0.1906,False,False,link hub: linktr.ee,,0.67,manual,https://www.youtube.com/watch?v=MwTsfC9egr4,https://www.youtube.com/watch?v=lkgZ40mxe08,"no monetization found, check link hubs and the About page by hand",True,15,True,True,2026-10-05T17:02:22+00:00
annika's leaf,https://www.youtube.com/@annikasleaf,annikasleaf@dulcedo.com,No,affiliate_only,lifestyle_vlog,144800,1090000,Mid,,,,,,,,,UCFGQGLGZU1TgX-PhawwxjJg,8,5,122000,1.06,0.1328,True,True,amzn.to; amazon.com/shop; affiliate; sponsor read,,0.54,channel_description,https://www.youtube.com/watch?v=s0jSgxBjn8Y,https://www.youtube.com/watch?v=SSdAzIDM3sk,monetized but missing at least one High criterion,False,15,True,True,2026-10-05T17:39:34+00:00
The Stewart Fam,https://www.youtube.com/@TheStewartFam,,No,none,travel,265600,356000,Mid,,,,,,,,,UClqb063g490oxAxD7wxANaA,11,2,121000,1.09,0.7461,False,False,,,0.6,manual,https://www.youtube.com/watch?v=9mMpH_v1flE,https://www.youtube.com/watch?v=Pz-Rp34QFbU,"one video is carrying the average; no monetization found, check link hubs and the About page by hand",True,15,True,True,2026-10-05T17:24:46+00:00
The Jay Way,https://www.youtube.com/@TheJayWay5,thejayway005@gmail.com,No,none,travel,119400,66800,Mid,,,,,,,,,UCAoUYCITBX5z-Vlmjh0T1iA,5,3,120000,2.12,1.7874,False,False,,,0.62,channel_description,https://www.youtube.com/watch?v=Way7xg3rcaI,https://www.youtube.com/watch?v=Way7xg3rcaI,"no monetization found, check link hubs and the About page by hand",True,15,True,True,2026-10-05T17:22:42+00:00
Wendall,https://www.youtube.com/@WendallExplores,enquiries@ruthlesstalent.com,No,sponsors_only,travel,208933,205000,Mid,,,,,,,,,UCmaTY4Midn8sWvCBCdK6i7Q,9,2,119000,1.31,1.0192,True,True,sponsor read,,0.88,channel_description,https://www.youtube.com/watch?v=ULYixSfT288,https://www.youtube.com/watch?v=a_J5-iMDdtw,monetized but missing at least one High criterion,False,15,True,True,2026-10-05T17:33:46+00:00
TPD TV,https://www.youtube.com/@TPD,enquiries@tpd.tv,Yes,community_or_membership,tech,152866,232000,Mid,,,,,,,,,UCdje7uOpagAmPwkyaOZZeQw,11,14,115000,1.01,0.6589,True,True,patreon.com; merch; ebook; sponsor read,£5,0.5,channel_description,https://www.youtube.com/watch?v=wX6jMgi3Qts,https://www.youtube.com/watch?v=-fYKi1aw1VQ,monetized but missing at least one High criterion,False,15,True,True,2026-10-05T17:20:02+00:00
Lilly Sabri,https://www.youtube.com/@LillySabri,,No,none,fitness,163800,6820000,Mid,,,,,,,,,UCTsM1dSAiXqiV5oZjuNw_Bg,26,0,114000,0.67,0.024,True,False,program; ebook,,0.89,manual,https://www.youtube.com/watch?v=k3MCRVbdKG0,https://www.youtube.com/watch?v=kjcvo_YjoWY,views are low for the subscriber count; monetized but missing at least one High criterion,True,15,True,True,2026-10-05T16:57:57+00:00
DFBGuide,https://www.youtube.com/@DFBGuide,,Yes,merch,food,129733,1140000,Mid,,,,,,,,,UCnpWedLQdHpZqhgTLdB9Yyg,30,0,113000,0.88,0.1138,True,False,merch; ebook; free lead magnet,,0.38,manual,https://www.youtube.com/watch?v=Ki-6n-GBJdA,https://www.youtube.com/watch?v=7ONKt96IVb0,monetized but missing at least one High criterion,False,15,True,True,2026-10-05T16:30:43+00:00
Jan and Ann,https://www.youtube.com/@JanandAnn,collabwithjanandann@gmail.com,No,affiliate_only,travel,189800,245000,Mid,,,,,,,,,UCfO7GbFUi2VUXQq92lrQkIg,6,1,112000,1.16,0.7747,True,True,ebook; amzn.to; amazon.com/shop; sponsor read,,0.67,video_description,https://www.youtube.com/watch?v=GjV9esKMhBA,https://www.youtube.com/watch?v=MKFxrbaqNew,monetized but missing at least one High criterion,False,15,True,True,2026-10-05T16:47:22+00:00
Steleo - Educational Videos for Kids,https://www.youtube.com/@Steleo,,No,none,outdoors,232233,860000,Mid,,,,,,,,,UCvY0uPhxvU3JOwGmCe6-kGw,3,30,112000,0.36,0.27,False,False,,,1.0,manual,https://www.youtube.com/watch?v=LMoEr4FC41s,https://www.youtube.com/watch?v=28j0vcqyS8U,"one video is carrying the average; no monetization found, check link hubs and the About page by hand",True,15,True,True,2026-10-05T17:18:34+00:00
A to Zen Life,https://www.youtube.com/@AtoZenLife,,No,affiliate_only,finance,139133,431000,Mid,,,,,,,,,UC2-pmwZJtKvIGng1prZOANg,9,1,110000,1.44,0.3228,True,False,ebook; amzn.to; affiliate; free lead magnet,"$25,000",0.4,manual,https://www.youtube.com/watch?v=n-88EntLDdY,https://www.youtube.com/watch?v=Q1ws7RJo7BM,monetized but missing at least one High criterion,False,15,True,True,2026-10-05T16:21:23+00:00
Birta Hlin,https://www.youtube.com/@birtahlin,,No,affiliate_only,food,136400,529000,Mid,,,,,,,,,UCEtufNfJ95oU4z15ZudPnbw,4,0,110000,1.02,0.2578,True,False,shopmy,,0.38,manual,https://www.youtube.com/watch?v=xEEIBjFlD1k,https://www.youtube.com/watch?v=N0p_rEvbOtA,monetized but missing at least one High criterion,False,15,True,True,2026-10-05T17:43:16+00:00
Tara Michelle,https://www.youtube.com/@imtaramichelle,taramassicotte@mac.com,No,affiliate_only,lifestyle_vlog,124666,1290000,Mid,,,,,,,,,UCN0jjRU6bdRf1vEmvpoyveg,26,3,110000,1.21,0.0966,True,False,ebook; amazon.com/shop; affiliate; shopmy,$50,0.75,video_description,https://www.youtube.com/watch?v=P4aeHv7FdrQ,https://www.youtube.com/watch?v=u9LKGT2Alyo,monetized but missing at least one High criterion,False,15,True,True,2026-10-05T17:58:44+00:00
Angelica & Aileen Wanders,https://www.youtube.com/@AngelicaandAileenWanders,angelicagapit@gmail.com,No,sponsors_only,travel,170200,246000,Mid,,,,,,,,,UCPPfk_xU1vhNvecfW1gXUNg,4,30,109000,1.48,0.6919,True,True,ebook; sponsor read,$5,0.8,channel_description,https://www.youtube.com/watch?v=p4fPoDobfHo,https://www.youtube.com/watch?v=sWEBl9A4lNY,monetized but missing at least one High criterion,False,15,True,True,2026-10-05T16:20:19+00:00
AustinMcConnell,https://www.youtube.com/@austinmcconnell,,Yes,community_or_membership,food,180600,1440000,Mid,,,,,,,,,UCbxQcz9k0NRRuy0ukgQTDQQ,4,6,105000,1.36,0.1254,True,False,patreon.com; merch; spring.com; teespring,,0.5,manual,https://www.youtube.com/watch?v=wZjZdgPEaGY,https://www.youtube.com/watch?v=Pvu50P33fxY,monetized but missing at least one High criterion,False,15,True,True,2026-10-05T17:40:29+00:00
Riley Rehl,https://www.youtube.com/@rileyrehl,,No,affiliate_only,running_endurance,131200,434000,Mid,,,,,,,,,UCcvc_j_fRIrEue5km7mEhzw,10,0,103000,0.77,0.3023,True,False,amzn.to; affiliate; ltk.,,0.3,manual,https://www.youtube.com/watch?v=xCRL4J-IDEU,https://www.youtube.com/watch?v=fJRl3zrHCA0,monetized but missing at least one High criterion,False,15,True,True,2026-10-05T18:18:48+00:00
Harry Jaggard Vlogs,https://www.youtube.com/@harryjaggardvlogs,admin@harryjaggard.com,No,none,travel,117133,654000,Mid,,,,,,,,,UCRw29UhREieWHATvQRD8n_g,12,1,101000,1.1,0.1791,False,False,,,0.7,video_description,https://www.youtube.com/watch?v=TIIjXyQuGOU,https://www.youtube.com/watch?v=Su4UxQeMq_o,"no monetization found, check link hubs and the About page by hand",True,15,True,True,2026-10-05T17:56:22+00:00
Cassie Aran,https://www.youtube.com/@Cassiearan,,No,none,travel,176933,178000,Mid,,,,,,,,,UCDIJ51_4G_BXD9x_Wde8pMA,7,1,99000,0.16,0.994,True,False,ebook; link hub: linktr.ee,,1.0,manual,https://www.youtube.com/watch?v=_OJYNQPstbE,https://www.youtube.com/watch?v=F3_CcoofiPY,monetized but missing at least one High criterion,False,15,True,True,2026-10-05T16:27:01+00:00
The Endless Adventure,https://www.youtube.com/@Theendlessadventure,,Yes,merch,travel,164800,671000,Mid,,,,,,,,,UCEDrRCC0qRtPd5-sSa1hajw,9,4,99000,0.74,0.2456,True,False,merch; ebook; amzn.to; affiliate,,1.0,manual,https://www.youtube.com/watch?v=JFN0smIADW8,https://www.youtube.com/watch?v=2m6LcsU6oAs,monetized but missing at least one High criterion,False,15,True,True,2026-10-05T17:25:52+00:00
Sopha Dopha,https://www.youtube.com/@sopha_dopha,,No,none,lifestyle_vlog,104866,148000,Mid,,,,,,,,,UCNHrOUqB53vxbB8lElM967w,12,7,99000,0.87,0.7086,False,False,,,0.7,manual,https://www.youtube.com/watch?v=v4578keGThQ,https://www.youtube.com/watch?v=BctcfPhsfmc,"no monetization found, check link hubs and the About page by hand",True,15,True,True,2026-10-05T18:22:30+00:00
trainer winny,https://www.youtube.com/@trainerwinny,,No,none,fitness,282666,936000,Mid,,,,,,,,,UCAo68fdu-hYfgO0y0n-J8qg,8,2,99000,0.71,0.302,True,False,program,,0.86,manual,https://www.youtube.com/watch?v=wLoz37iHDPk,https://www.youtube.com/watch?v=9XQnLhN_Em0,one video is carrying the average; monetized but missing at least one High criterion,True,15,True,True,2026-10-05T18:29:09+00:00
Brooke Wells,https://www.youtube.com/@brookewellss,,No,none,fitness,148666,47600,Mid,,,,,,,,,UCCQf01X2Iq9abX7WLwzwmaw,1,7,97000,0.88,3.1232,True,False,ebook,,1.0,manual,https://www.youtube.com/watch?v=1o5t4X7asUA,https://www.youtube.com/watch?v=hYjWrE28flE,monetized but missing at least one High criterion,False,15,True,True,2026-10-05T17:44:10+00:00
Frugal Fit Mom,https://www.youtube.com/@FrugalFitMom,contact@tablerockmanagement.com,No,affiliate_only,finance,113600,693000,Mid,,,,,,,,,UCdzq21gdrw1k5jw6xzaCADg,14,4,96000,1.05,0.1639,True,False,program; bootcamp; ebook; amazon.com/shop; affiliate,,0.67,video_description,https://www.youtube.com/watch?v=AfBFZYT8mik,https://www.youtube.com/watch?v=06MdvMY7BOk,monetized but missing at least one High criterion,False,15,True,True,2026-10-05T16:39:21+00:00
Tam Kaur Vlogs,https://www.youtube.com/@TamKaurVlogs,tam@mvetalent.com,Yes,digital_product,lifestyle_vlog,90800,232000,Mid,,,,,,,,,UCh5wgwwsHnW4038EORUiuXw,6,5,93000,0.95,0.3914,True,False,stan.store; ebook; geni.us; ltk.; free lead magnet; link hub: linktr.ee; link hub: stan.store,,0.67,channel_description,https://www.youtube.com/watch?v=3GOHtJUmZOo,https://www.youtube.com/watch?v=IZsQUCnvWQk,monetized but missing at least one High criterion,False,15,True,True,2026-10-05T17:20:20+00:00
Randumb Fitness,https://www.youtube.com/@randumbfitness,randumbguy21.fitness@gmail.com,Yes,community_or_membership,fitness,187400,246000,Mid,,,,,,,,,UCdTpg5EtOBtCbNDu5opXThQ,1,30,93000,2.72,0.7618,True,False,skool.com; coaching; link hub: linktr.ee,,1.0,channel_description,https://www.youtube.com/watch?v=gljdp6aVJzY,https://www.youtube.com/watch?v=9td38SjNIoE,one video is carrying the average; monetized but missing at least one High criterion,True,15,True,True,2026-10-05T18:17:56+00:00
Natalie Zacek,https://www.youtube.com/@NatalieZacek,,No,affiliate_only,travel,127800,426000,Mid,,,,,,,,,UCdaxSc8XWgjRJ1saDlr7JNQ,12,1,92000,0.94,0.3,True,False,amazon.com/shop; ltk.,,0.75,manual,https://www.youtube.com/watch?v=xzlZfGlRsIs,https://www.youtube.com/watch?v=xzlZfGlRsIs,monetized but missing at least one High criterion,False,15,True,True,2026-10-05T17:05:18+00:00
Dan Churchill,https://www.youtube.com/@danchurchillcooks,,No,none,fitness,152400,299000,Mid,,,,,,,,,UCaSF0d06nxqCfeuxge5TWxw,7,9,92000,0.24,0.5097,False,False,,,0.86,manual,https://www.youtube.com/watch?v=BU_3-jtX9WE,https://www.youtube.com/watch?v=NYh8PD8KU1g,"no monetization found, check link hubs and the About page by hand",True,15,True,True,2026-10-05T17:48:01+00:00
Helaine Zhao,https://www.youtube.com/@helainezhao,helainelhszhao@gmail.com,No,affiliate_only,lifestyle_vlog,101800,299000,Mid,,,,,,,,,UCXicAYN7ZovOeynkxfLBUTQ,7,10,88000,1.32,0.3405,True,False,amazon.com/shop; ltk.; link hub: beacons.ai,,0.77,channel_description,https://www.youtube.com/watch?v=gYEBfn61RAA,https://www.youtube.com/watch?v=mFWr4wNL8Ks,monetized but missing at least one High criterion,False,15,True,True,2026-10-05T17:56:49+00:00
Liam Brown,https://www.youtube.com/@LiamBrown,,Yes,community_or_membership,travel,99333,203000,Mid,,,,,,,,,UCxDK-L1efdz873nmcPm2xQA,4,8,87000,1.16,0.4893,True,False,patreon.com; link hub: linktr.ee,,0.5,manual,https://www.youtube.com/watch?v=73m-KbaWlTY,https://www.youtube.com/watch?v=4ObrgYJs9Sc,monetized but missing at least one High criterion,False,15,True,True,2026-10-05T16:57:10+00:00
Pack Hacker,https://www.youtube.com/@PackHacker,,No,affiliate_only,travel,83866,346000,Mid,,,,,,,,,UC_rI3y1DzDULTr-UIvshiwg,13,3,87000,1.03,0.2424,True,False,program; ebook; affiliate,,1.0,manual,https://www.youtube.com/watch?v=h5ZA9__vj5c,https://www.youtube.com/watch?v=FNcAO1xZk7o,monetized but missing at least one High criterion,False,15,True,True,2026-10-05T17:10:02+00:00
Lauren Kim,https://www.youtube.com/@laurenkimofficial,laurenkim@insightmedia.com,No,affiliate_only,travel,107066,608000,Mid,,,,,,,,,UCWSwub1biYJX59p3cSSxR5g,11,21,87000,0.58,0.1761,True,False,ltk.; link hub: linktr.ee,,0.78,channel_description,https://www.youtube.com/watch?v=cBouBp64fho,https://www.youtube.com/watch?v=gv1aWhLTmgM,monetized but missing at least one High criterion,False,15,True,True,2026-10-05T18:06:11+00:00
Nonstop Dan Vlogs,https://www.youtube.com/@NonstopDanVlogs,,Yes,merch,travel,108733,30600,Mid,,,,,,,,,UCLQ5XNN9iT4DmCbZXpy5Fdw,3,30,86000,1.41,3.5534,True,False,merch; affiliate,,0.86,manual,https://www.youtube.com/watch?v=BTUhfj4hQck,https://www.youtube.com/watch?v=avTKDRDSfnw,monetized but missing at least one High criterion,False,15,True,True,2026-10-05T17:07:20+00:00
Gabbi Tomlinson,https://www.youtube.com/@gabbitomlinson,gabriellet2006@gmail.com,No,none,fitness,81333,5550,Mid,,,,,,,,,UCA8yyN2riZP5Jy42yuJcAAg,3,14,85000,,14.6546,False,False,,,0.67,channel_description,https://www.youtube.com/watch?v=ir5Wk0UgKCA,https://www.youtube.com/watch?v=ir5Wk0UgKCA,"no monetization found, check link hubs and the About page by hand",True,3,True,True,2026-10-05T17:54:22+00:00
Karla Espinosa,https://www.youtube.com/@KarlaEspinosa,karla@digitalstreamers.com,No,affiliate_only,lifestyle_vlog,97800,352000,Mid,,,,,,,,,UCsACNR3tyCcwso1h6I8r5zw,10,9,83000,1.15,0.2778,True,True,amzn.to; amazon.com/shop; ltk.; sponsor read,,0.64,video_description,https://www.youtube.com/watch?v=v_0ut3UF1w8,https://www.youtube.com/watch?v=fQmPb_ah8dE,monetized but missing at least one High criterion,False,15,True,True,2026-10-05T16:53:16+00:00
The Uncharted Family,https://www.youtube.com/@TheUnchartedFamily,,No,none,travel,179533,208000,Mid,,,,,,,,,UCgM4CNxDj0-ni12TPuJZung,6,21,83000,0.37,0.8631,True,False,course,,0.7,manual,https://www.youtube.com/watch?v=K29KHx1swTw,https://www.youtube.com/watch?v=zflC6HUmTSg,one video is carrying the average; monetized but missing at least one High criterion,True,15,True,True,2026-10-05T17:25:02+00:00
Brodie Falgoust,https://www.youtube.com/@brodieshredz,,No,sponsors_only,nutrition,119533,2630000,Mid,,,,,,,,,UCeEp3s9t-tsJC_y4qbH8QNA,8,9,83000,1.12,0.0454,True,True,sponsor read,,0.67,manual,https://www.youtube.com/watch?v=e-1Be-0N-EA,https://www.youtube.com/watch?v=rfiIQg-yGNY,monetized but missing at least one High criterion,False,15,True,True,2026-10-05T17:44:00+00:00
HeatherTravelsXO,https://www.youtube.com/@HeatherTravelsXO,,No,affiliate_only,travel,97146,33800,Mid,,,,,,,,,UC3B8RBu6273a5bVnscnBAiw,2,5,82000,1.94,2.8741,True,False,ebook; amzn.to; free lead magnet,$575,0.55,manual,https://www.youtube.com/watch?v=ccB363NpKDw,https://www.youtube.com/watch?v=0-c_ZVTjeZA,monetized but missing at least one High criterion,False,15,True,True,2026-10-05T16:42:17+00:00
Toucan Travellers,https://www.youtube.com/@ToucanTravellers,,No,affiliate_only,travel,94000,19600,Mid,,,,,,,,,UCq-KZ0NKRb5raU_824x74hw,7,1,81000,1.92,4.7959,True,False,ebook; affiliate,,1.0,manual,https://www.youtube.com/watch?v=0sH_XzSjS2Q,https://www.youtube.com/watch?v=2_SaiW98Woc,monetized but missing at least one High criterion,False,15,True,True,2026-10-05T17:28:07+00:00
Josie,https://www.youtube.com/@JosieIrons,Josie@theperennial.com,No,affiliate_only,travel,114133,604000,Mid,,,,,,,,,UCCmfa729dnJCi_bK7fSNbpw,27,1,79000,1.35,0.189,True,False,work with me; presets; affiliate; shopmy; ltk.; free lead magnet,,0.7,channel_description,https://www.youtube.com/watch?v=0Le9vSrQz5s,https://www.youtube.com/watch?v=gxK8DEyIqrQ,monetized but missing at least one High criterion,False,15,True,True,2026-10-05T16:51:33+00:00
OnBoardHD,https://www.youtube.com/@OnBoardHD,,No,none,travel,96733,163000,Mid,,,,,,,,,UCGaHFbjx1cB0Q8IcM-DkPqA,6,9,76000,1.23,0.5935,False,False,,,1.0,manual,https://www.youtube.com/watch?v=xKkaey65B2s,https://www.youtube.com/watch?v=xKkaey65B2s,"no monetization found, check link hubs and the About page by hand",True,15,True,True,2026-10-05T17:08:44+00:00
SOTY Family,https://www.youtube.com/@SOTYFamily,business@shotoftheyeagers.com,Yes,merch,travel,82666,495000,Mid,,,,,,,,,UC3zefp5G8VmBLaW27tL8Ryw,24,1,75000,1.51,0.167,True,False,merch,,0.5,channel_description,https://www.youtube.com/watch?v=8k3yaIeHCns,https://www.youtube.com/watch?v=VYgKdMiA7Vk,monetized but missing at least one High criterion,False,15,True,True,2026-10-05T17:15:20+00:00
tristantakevideo,https://www.youtube.com/@tristantakevideo,,No,affiliate_only,fitness,129666,87400,Mid,,,,,,,,,UCEFhmF6U2N6P_Liw0Sh7psA,3,12,75000,0.74,1.4836,True,True,affiliate; sponsor read,,0.33,manual,https://www.youtube.com/watch?v=decSMNA04ac,https://www.youtube.com/watch?v=0_qO8ki_PPg,monetized but missing at least one High criterion,False,15,True,True,2026-10-05T18:31:15+00:00
Kenna Marie,https://www.youtube.com/@KennaMarie,mckennamarie@select.co,No,affiliate_only,lifestyle_vlog,86600,869000,Mid,,,,,,,,,UC6Vqh6feP8SyvguJFVk6adA,6,11,74000,1.22,0.0997,True,True,affiliate; sponsor read; link hub: linktr.ee,,0.6,video_description,https://www.youtube.com/watch?v=igu1M8DmZb4,https://www.youtube.com/watch?v=vsfFTSxmCvQ,monetized but missing at least one High criterion,False,15,True,True,2026-10-05T16:54:36+00:00
Multi DO,https://www.youtube.com/@multido1598,,No,none,food,172466,2290000,Mid,,,,,,,,,UCo90vVUjxpyL-zwAksnBKTA,30,0,74000,3.23,0.0753,False,False,,,0.92,manual,https://www.youtube.com/watch?v=7C-FTCdlg5I,https://www.youtube.com/watch?v=NlSGYI2l4Go,"one video is carrying the average; no monetization found, check link hubs and the About page by hand",True,15,True,True,2026-10-05T18:12:41+00:00
HotandFlashy,https://www.youtube.com/@AngieHotandFlashy,angie@hotandflashy.com,No,affiliate_only,food,84666,1230000,Mid,,,,,,,,,UCU9rHRAeSzi--j1jkXQ47RA,11,9,72000,1.28,0.0688,True,True,ebook; amzn.to; amazon.com/shop; affiliate; shopmy; sponsor read,$20,0.33,channel_description,https://www.youtube.com/watch?v=6JOJFcmVZv0,https://www.youtube.com/watch?v=RGrYuSNUejk,monetized but missing at least one High criterion,False,15,True,True,2026-10-05T16:20:28+00:00
JesssFam,https://www.youtube.com/@JesssFam,management@jesssfam.org,Yes,merch,lifestyle_vlog,106466,2940000,Mid,,,,,,,,,UCpE_yAyidJKIsv8mnX1VYzA,4,6,71000,1.33,0.0362,True,False,merch; spring.com; teespring; ebook; ltk.; link hub: linktr.ee,,0.43,channel_description,https://www.youtube.com/watch?v=ZW58Tcj-lAI,https://www.youtube.com/watch?v=meN2l9yAw3Y,monetized but missing at least one High criterion,False,15,True,True,2026-10-05T16:49:44+00:00
Dre and Ken Empire,https://www.youtube.com/@DreandKenEmpire,dreandken@thestation.io,No,none,food,74800,1740000,Mid,,,,,,,,,UCyV2qSt7JCZDlt6moaixylw,22,4,70000,1.12,0.043,True,False,ebook,,0.43,channel_description,https://www.youtube.com/watch?v=ZkXFCM1qXAk,https://www.youtube.com/watch?v=dDp9Vn_VYqU,monetized but missing at least one High criterion,False,15,True,True,2026-10-05T16:33:13+00:00
Nicklas Rossner,https://www.youtube.com/@NicklasRossnerPT,nicklas@nicklasrossner.com,No,none,running_endurance,175266,232000,Mid,,,,,,,,,UCESCdB5zKn5KAb8dG2Q2zdw,13,3,70000,0.36,0.7555,True,False,program,,0.83,channel_description,https://www.youtube.com/watch?v=foiQhPt4mpw,https://www.youtube.com/watch?v=j1BD7T6c5dQ,one video is carrying the average; monetized but missing at least one High criterion,True,15,True,True,2026-10-05T17:06:21+00:00
Theme Park Worldwide,https://www.youtube.com/@ThemeParkWorldwide,,No,none,lifestyle_vlog,67800,463000,Mid,,,,,,,,,UCwqDAwhG1JCxTNr6HnB7gnQ,20,0,70000,0.63,0.1464,True,False,ebook,,0.56,manual,https://www.youtube.com/watch?v=zb8MOVYmk-0,https://www.youtube.com/watch?v=kBKxqJKX-U4,monetized but missing at least one High criterion,False,10,True,True,2026-10-05T17:26:17+00:00
Tia-Clair Toomey & Shane Orr,https://www.youtube.com/@tia-clairtoomeyshaneorr5705,,No,none,fitness,75533,237000,Mid,,,,,,,,,UCSaWOJZ1kyZ54B5njsbOAsw,1,4,70000,1.91,0.3187,True,False,program; link hub: linktr.ee,,0.73,manual,https://www.youtube.com/watch?v=sqSApUUeRac,https://www.youtube.com/watch?v=u0di8E794KU,monetized but missing at least one High criterion,False,15,True,True,2026-10-05T18:27:58+00:00
BaristiWorkout,https://www.youtube.com/@baristiworkout,hello@athletia.net,No,affiliate_only,fitness,1027600,314000,Mid,,,,,,,,,UC8jmas8MtVLttgBBSkXN-yg,0,3287,69000,0.1,3.2726,True,False,ebook; amzn.to,,0.83,channel_description,https://www.youtube.com/watch?v=a0TlP2-3C_s,https://www.youtube.com/watch?v=TJbMBVxV0IA,one video is carrying the average; monetized but missing at least one High criterion,True,15,True,True,2026-10-05T17:41:20+00:00
Wake'N'Bite,https://www.youtube.com/@WakeNBite,wnbofficial1@gmail.com,No,none,food,77333,6750000,Mid,,,,,,,,,UCVidr_Df7gMAcLB2HBe1ZOA,30,0,68000,1.46,0.0115,True,False,ebook,,0.5,channel_description,https://www.youtube.com/watch?v=-1Qh6CmMfBo,https://www.youtube.com/watch?v=jzme5Amp4kY,views are low for the subscriber count; monetized but missing at least one High criterion,True,15,True,True,2026-10-05T17:32:55+00:00
Lucy Wyndham-Read,https://www.youtube.com/@lucywyndhamread,,No,none,fitness,103133,2850000,Mid,,,,,,,,,UCag7XoiJLutjBTsM0tAzUzg,26,0,68000,0.96,0.0362,True,False,coaching; link hub: linktr.ee,,1.0,manual,https://www.youtube.com/watch?v=ZXJPEZJvh-M,https://www.youtube.com/watch?v=ZXJPEZJvh-M,monetized but missing at least one High criterion,False,15,True,True,2026-10-05T18:08:18+00:00
Michaela Bento,https://www.youtube.com/@MichaelaBento,michaela@harpers.us,No,affiliate_only,lifestyle_vlog,90933,338000,Mid,,,,,,,,,UCjtmwPW5sB95RSnFJzPKzAQ,14,1,65000,0.88,0.269,True,True,amzn.to; shopmy; sponsor read,,0.67,channel_description,https://www.youtube.com/watch?v=Nhu5d3zpm2A,https://www.youtube.com/watch?v=RMcErx7vf_c,monetized but missing at least one High criterion,False,15,True,True,2026-10-05T17:01:34+00:00
Travel Tips by Laurie,https://www.youtube.com/@TravelTipsbyLaurie,,No,affiliate_only,travel,106466,449000,Mid,,,,,,,,,UCEZKpVw6ldXNVU4Ua6IFwTw,14,3,65000,1.23,0.2371,True,False,amzn.to; amazon.com/shop; affiliate; shopmy,,1.0,manual,https://www.youtube.com/watch?v=Ezx3Cq8RhHc,https://www.youtube.com/watch?v=0SQcmL7aCqY,monetized but missing at least one High criterion,False,15,True,True,2026-10-05T17:30:01+00:00
IsaWelly Pilates,https://www.youtube.com/@Isawellypilates,,No,none,fitness,73933,518000,Mid,,,,,,,,,UC1zUG9W1UzR047KBouS9WHw,7,5,63000,1.79,0.1427,True,False,program,,1.0,manual,https://www.youtube.com/watch?v=_qMfllyy3f0,https://www.youtube.com/watch?v=tqX0xOKma3E,monetized but missing at least one High criterion,False,15,True,True,2026-10-05T16:45:54+00:00
Steph Bohrer,https://www.youtube.com/@StephBohrer,teamstephbohrer@gersh.com,No,affiliate_only,lifestyle_vlog,72666,821000,Mid,,,,,,,,,UCtVblAEiUS_Ub9nSYh3SuQg,7,2,63000,0.75,0.0885,True,False,amazon.com/shop; ltk.,,0.62,channel_description,https://www.youtube.com/watch?v=w2NP24R3ato,https://www.youtube.com/watch?v=kf_wXSN_Grk,monetized but missing at least one High criterion,False,15,True,True,2026-10-05T17:18:42+00:00
The Bioneer,https://www.youtube.com/@TheBioneer,,No,none,fitness,87600,959000,Mid,,,,,,,,,UCIh_TPYPqjJuS_-nOfAIlfg,12,1,62000,0.51,0.0913,True,False,ebook,,1.0,manual,https://www.youtube.com/watch?v=h5TGZbEL0o8,https://www.youtube.com/watch?v=DTYLDfsttEw,monetized but missing at least one High criterion,False,15,True,True,2026-10-05T17:21:42+00:00
Andrew Platt,https://www.youtube.com/@Florida-mAndrew,,No,none,travel,73266,23800,Mid,,,,,,,,,UCPVPUhMFW6x7DmPgNR43rxQ,5,7,60000,0.84,3.0784,True,False,ebook,,0.5,manual,https://www.youtube.com/watch?v=OKG6WFT48sw,https://www.youtube.com/watch?v=Y4wgErXyV14,monetized but missing at least one High criterion,False,15,True,True,2026-10-05T16:38:19+00:00
Rowan Row,https://www.youtube.com/@RowanRow,info@rowanrow.com,No,none,fitness,86071,2330000,Mid,,,,,,,,,UCg8LTugCdsOLuwtd9n0d8kA,12,1,60000,1.39,0.0369,True,False,ebook,,1.0,video_description,https://www.youtube.com/watch?v=8VRs70fEApc,https://www.youtube.com/watch?v=qOjXsxi2MG8,monetized but missing at least one High criterion,False,15,True,True,2026-10-05T17:14:40+00:00
Seth Feroce,https://www.youtube.com/@SethFeroceOfficial,,No,none,fitness,82866,749000,Mid,,,,,,,,,UCkZuCxXdE6OUGDEbETcjhPw,8,1,59000,0.85,0.1106,True,False,ebook,,0.57,manual,https://www.youtube.com/watch?v=un19_6O9U6A,https://www.youtube.com/watch?v=OMNnkYSJ-SM,monetized but missing at least one High criterion,False,15,True,True,2026-10-05T17:16:30+00:00
Luxury Travel Expert,https://www.youtube.com/@luxurytravelexpert,,No,none,travel,80066,1400000,Mid,,,,,,,,,UCYxsXxbjJO1YYa9yQ3lKC8w,13,2,59000,1.15,0.0572,True,False,ebook,,0.85,manual,https://www.youtube.com/watch?v=jspzKALGSMU,https://www.youtube.com/watch?v=NVxN4Zr0GuM,monetized but missing at least one High criterion,False,15,True,True,2026-10-05T18:08:39+00:00
Julia Huynh,https://www.youtube.com/@juliahuynh,juliachuynh@gmail.com,No,affiliate_only,travel,66066,462000,Mid,,,,,,,,,UCPNtlKyBaK5feCyEsWovLDw,13,1,58000,1.16,0.143,True,False,amazon.com/shop,,0.33,channel_description,https://www.youtube.com/watch?v=AwhafGJUnqE,https://www.youtube.com/watch?v=MBg33KIOb54,monetized but missing at least one High criterion,False,15,True,True,2026-10-05T18:03:17+00:00
Lexie Limitless,https://www.youtube.com/@LexieLimitless,,No,affiliate_only,travel,90400,756000,Mid,,,,,,,,,UCWoEpiHaC7LOQhaHFT8Rx7A,1,61,57000,0.82,0.1196,True,False,course; affiliate,,0.8,manual,https://www.youtube.com/watch?v=jrmlNoqRjns,https://www.youtube.com/watch?v=rmrNuVx9WV4,monetized but missing at least one High criterion,False,15,True,True,2026-10-05T16:56:54+00:00
Tone and Tighten,https://www.youtube.com/@toneandtighten,,No,affiliate_only,fitness,78800,3320000,Mid,,,,,,,,,UCJASBOyF4Fkd26SIwRhLuZw,19,4,55500,0.98,0.0237,True,False,ebook; geni.us,,0.75,manual,https://www.youtube.com/watch?v=EHcZf0alLhc,https://www.youtube.com/watch?v=avgWyexgGFc,views are low for the subscriber count; monetized but missing at least one High criterion,True,15,True,True,2026-10-05T18:28:43+00:00
Nomac Guides,https://www.youtube.com/@NomacGuides,contact@worldnomac.com,No,affiliate_only,travel,134973,66800,Mid,,,,,,,,,UCi-20rXpfohY703INcxfCWQ,13,0,55000,1.13,2.0206,True,False,e-book; affiliate,,0.88,video_description,https://www.youtube.com/watch?v=xXdKe0hM1iI,https://www.youtube.com/watch?v=7hdkgwvBxFk,one video is carrying the average; monetized but missing at least one High criterion,True,15,True,True,2026-10-05T17:07:11+00:00
PiQtour Japan,https://www.youtube.com/@piqtourjapan,,No,lead_magnet_only,travel,66133,80900,Mid,,,,,,,,,UCoC6YquSPNoXwJ9dZzL7_Ag,11,2,55000,1.04,0.8175,True,False,free lead magnet,,0.9,manual,https://www.youtube.com/watch?v=haT8-XWURLw,https://www.youtube.com/watch?v=V5XPQIbiT9I,monetized but missing at least one High criterion,False,15,True,True,2026-10-05T18:16:44+00:00
Fab and Ell,https://www.youtube.com/@fabandell,Fabandell@komi.group,No,affiliate_only,lifestyle_vlog,74066,71000,Mid,,,,,,,,,UC-YuNxJCve_Kizax1DRtUow,12,11,54000,0.74,1.0432,True,False,ebook; amzn.to; affiliate,,0.6,channel_description,https://www.youtube.com/watch?v=KOIbxbPNx-E,https://www.youtube.com/watch?v=kfRzo-RYK3c,monetized but missing at least one High criterion,False,15,True,True,2026-10-05T17:52:24+00:00
Kisha Alejandra,https://www.youtube.com/@KishaAlejandra,,No,none,lifestyle_vlog,67000,462000,Mid,,,,,,,,,UCbXZloFlQY8uYYzYHbeWf1g,9,4,52000,1.22,0.145,False,False,,,0.79,manual,https://www.youtube.com/watch?v=Hn64kBMcUCg,https://www.youtube.com/watch?v=0tjHLFRj9mU,"no monetization found, check link hubs and the About page by hand",True,15,True,True,2026-10-05T16:54:44+00:00
Sam Laidlow - Triathlete,https://www.youtube.com/@LaidlowSam,,No,none,running_endurance,86466,41800,Mid,,,,,,,,,UCP6EsU9T2RykT1quNR5moeg,1,30,52000,0.79,2.0686,True,False,ebook,,0.56,manual,https://www.youtube.com/watch?v=GkvmQ6Dv3tM,https://www.youtube.com/watch?v=QQnxuhrrogA,monetized but missing at least one High criterion,False,15,True,True,2026-10-05T16:55:46+00:00
Christine Le,https://www.youtube.com/@christineleeee,info@christineleeee.com,No,affiliate_only,travel,145773,346000,Mid,,,,,,,,,UCvaslozYkHmrCU-vUaXZ9SQ,3,10,52000,0.37,0.4213,True,False,presets; amzn.to; affiliate,$15,0.54,channel_description,https://www.youtube.com/watch?v=IMNlcrBAil0,https://www.youtube.com/watch?v=s0eSrD0SLfY,one video is carrying the average; monetized but missing at least one High criterion,True,15,True,True,2026-10-05T17:46:12+00:00
Emily Norris,https://www.youtube.com/@mrsemilynorris,emilynorrisloves@gmail.com,No,affiliate_only,lifestyle_vlog,56266,889000,Mid,,,,,,,,,UCkYKVXPYN2dFUJgxAPeAkGg,9,14,52000,1.01,0.0633,True,False,ebook; affiliate,,0.6,channel_description,https://www.youtube.com/watch?v=8FGKPGlBfKA,https://www.youtube.com/watch?v=YwjXHRS-PZs,monetized but missing at least one High criterion,False,15,True,True,2026-10-05T18:12:31+00:00
Callums Corner,https://www.youtube.com/@CallumsCorner.,,No,none,travel,60133,372000,Mid,,,,,,,,,UCdYBCyFyww-1mxvylJsIZOA,4,6,51000,1.39,0.1616,False,False,,,0.6,manual,https://www.youtube.com/watch?v=9F5BcZVQRfc,https://www.youtube.com/watch?v=_k3-_WpFBio,"no monetization found, check link hubs and the About page by hand",True,15,True,True,2026-10-05T16:25:56+00:00
DreamSushi,https://www.youtube.com/@dreamsushi_,,No,sponsors_only,lifestyle_vlog,48820,356000,Mid,,,,,,,,,UCIYu7gRbI1cWLKLUcvTGCvA,7,4,51000,1.06,0.1371,True,True,sponsor read,,0.91,manual,https://www.youtube.com/watch?v=3htUt9UJSJ0,https://www.youtube.com/watch?v=oF3951KPYW8,monetized but missing at least one High criterion,False,15,True,True,2026-10-05T17:49:09+00:00
Evan Carmichael,https://www.youtube.com/@EvanCarmichael,,Yes,community_or_membership,lifestyle_vlog,54933,4660000,Mid,,,,,,,,,UCKmkpoEqg1sOMGEiIysP8Tw,30,0,50000,1.0,0.0118,True,False,skool.com; ebook; amzn.to,,0.4,manual,https://www.youtube.com/watch?v=tFUkkIw4iJ0,https://www.youtube.com/watch?v=5Ty9qNpA0yk,views are low for the subscriber count; monetized but missing at least one High criterion,True,15,True,True,2026-10-05T16:35:20+00:00
Hussein,https://www.youtube.com/@Hussein.fht1,,No,affiliate_only,fitness,214333,615000,Mid,,,,,,,,,UCO1XWL44wzgDWixNaSoLVtQ,4,10,50000,0.48,0.3485,True,True,coaching; mentorship; affiliate; sponsor read,"$37,000",1.0,manual,https://www.youtube.com/watch?v=RPzoA_elV8c,https://www.youtube.com/watch?v=BMUOdSHumMY,one video is carrying the average; monetized but missing at least one High criterion,True,15,True,True,2026-10-05T16:44:26+00:00
Leanne Chapman,https://www.youtube.com/@leannescott5317,,No,affiliate_only,travel,50000,113,Mid,,,,,,,,,UCkXciA0xnAjSPjxZAxNbrXg,0,2192,50000,,442.4779,True,False,affiliate,,1.0,manual,https://www.youtube.com/watch?v=tUv2akq_uGY,https://www.youtube.com/watch?v=tUv2akq_uGY,monetized but missing at least one High criterion,False,1,True,True,2026-10-05T18:06:45+00:00
Yoga With Tim,https://www.youtube.com/@yogawithtim,,No,none,lifestyle_vlog,75333,537000,Mid,,,,,,,,,UCciuZl2ydLCvN5txlLW0rIg,12,6,50000,0.75,0.1403,True,False,course; program; ebook,,0.67,manual,https://www.youtube.com/watch?v=LVIjqxJtdg0,https://www.youtube.com/watch?v=hUoF4HlBgpU,monetized but missing at least one High criterion,False,15,True,True,2026-10-05T18:34:01+00:00
Hafthor Bjornsson,https://www.youtube.com/@Hafthorjulius,,No,none,fitness,100800,1060000,Mid,,,,,,,,,UCEeUUmYprI6qZ7SqkIJiDMA,5,30,49000,2.26,0.0951,False,False,,,0.91,manual,https://www.youtube.com/watch?v=RaweE_0k_fw,https://www.youtube.com/watch?v=6RWCkDytuqg,"one video is carrying the average; no monetization found, check link hubs and the About page by hand",True,15,True,True,2026-10-05T16:41:07+00:00
Taylor Wynn,https://www.youtube.com/@taylorwynn,taylor@thetaylorwynn.com,No,affiliate_only,lifestyle_vlog,49466,860000,Mid,,,,,,,,,UCkJHb4rTNd8PIMD9S0UPCiw,12,4,49000,1.04,0.0575,True,False,ebook; amzn.to; affiliate,,0.53,channel_description,https://www.youtube.com/watch?v=HTHxOk3otGw,https://www.youtube.com/watch?v=Pcay60vvYIw,monetized but missing at least one High criterion,False,15,True,True,2026-10-05T18:24:59+00:00
Liftwsarah,https://www.youtube.com/@Liftwsarah,caleb@smallscreenmarketing.com,Yes,community_or_membership,fitness,89733,276000,Mid,,,,,,,,,UCuJ0vNyhpIUbsH-tZgS8z_w,7,1,48000,1.48,0.3251,True,False,patreon.com; program,,0.7,channel_description,https://www.youtube.com/watch?v=DDKUZdaTCAc,https://www.youtube.com/watch?v=vgGtNlZ4YpA,monetized but missing at least one High criterion,False,15,True,True,2026-10-05T16:57:49+00:00
DROPOUTS,https://www.youtube.com/@DROPOUTSUK,btstalentmanagement@gmail.com,No,sponsors_only,travel,56800,274000,Mid,,,,,,,,,UCPRTF86IZKsms0PH0M0VJzg,4,8,47000,1.54,0.2073,True,True,sponsor read,,1.0,video_description,https://www.youtube.com/watch?v=UpHE7xYGIgM,https://www.youtube.com/watch?v=wkVJro1_LCI,monetized but missing at least one High criterion,False,15,True,True,2026-10-05T16:31:08+00:00
Huub Vlogs,https://www.youtube.com/@HuubVlogs,huubvlogs@lighthouseagents.com,Yes,community_or_membership,running_endurance,65266,202000,Mid,,,,,,,,,UCc90zRhJw1M5Mo2uO92JH-w,9,1,47000,0.4,0.3231,True,False,patreon.com; spring.com; amzn.to,,1.0,channel_description,https://www.youtube.com/watch?v=pGZFeO5Q1mQ,https://www.youtube.com/watch?v=vr70osVKXpE,monetized but missing at least one High criterion,False,15,True,True,2026-10-05T16:44:34+00:00
It's The Donnellys,https://www.youtube.com/@itsthedonnellys,,Yes,community_or_membership,travel,53000,1140000,Mid,,,,,,,,,UCJO44FUePQs91aBIoS69gvg,9,1,47000,1.61,0.0465,True,False,patreon.com; merch; ebook; link hub: linktr.ee,,0.7,manual,https://www.youtube.com/watch?v=yRdovrv1shY,https://www.youtube.com/watch?v=Jp2pQuAp63o,monetized but missing at least one High criterion,False,15,True,True,2026-10-05T18:00:34+00:00
Michelle Reed,https://www.youtube.com/@michellereedg,thisissmileyandshell@gmail.com,No,affiliate_only,nutrition,49800,501000,Mid,,,,,,,,,UCqSemashVFvvLwwFUbne9Qw,11,6,47000,1.04,0.0994,True,False,amzn.to; affiliate; shopmy,,0.33,video_description,https://www.youtube.com/watch?v=3Ri9Dwjd9Hk,https://www.youtube.com/watch?v=4XLRIeXfwAk,monetized but missing at least one High criterion,False,15,True,True,2026-10-05T18:11:07+00:00
Dan Treks,https://www.youtube.com/@DanTreks,,No,none,travel,55440,12200,Mid,,,,,,,,,UC8p-L37K92XwwXhna93CuVg,1,61,46000,1.85,4.5443,True,False,ebook,,0.83,manual,https://www.youtube.com/watch?v=VTydr-zKqgA,https://www.youtube.com/watch?v=Gr6wcsWB7fc,monetized but missing at least one High criterion,False,15,True,True,2026-10-05T16:31:24+00:00
pigmie,https://www.youtube.com/@FocusedLucas,,No,affiliate_only,fitness,70133,3480000,Mid,,,,,,,,,UCTBjtACFlDmd-g6Gtva9biQ,17,2,46000,0.92,0.0202,True,False,amzn.to; affiliate,,0.5,manual,https://www.youtube.com/watch?v=3v_Bb0Y50T0,https://www.youtube.com/watch?v=NJEMCt5tKjs,views are low for the subscriber count; monetized but missing at least one High criterion,True,15,True,True,2026-10-05T16:38:51+00:00
hanna noelle,https://www.youtube.com/@hannanoelle,,No,affiliate_only,travel,58466,102000,Mid,,,,,,,,,UC0QN7HmXtIixc1TOBYNTKbw,14,1,46000,1.05,0.5732,True,False,ltk.; link hub: linktr.ee,,0.42,manual,https://www.youtube.com/watch?v=jl8Wj2neryw,https://www.youtube.com/watch?v=jl8Wj2neryw,monetized but missing at least one High criterion,False,15,True,True,2026-10-05T17:56:05+00:00
The Juicy Vlog,https://www.youtube.com/@TheJuicyVlog,partnerships@thejuicyvlog.com,No,affiliate_only,travel,42866,589000,Mid,,,,,,,,,UCYY2mNcq7pv6IRW92JIT6DA,13,3,45000,1.63,0.0728,True,False,ebook; amzn.to; affiliate,,0.5,channel_description,https://www.youtube.com/watch?v=T5GBffGahi0,https://www.youtube.com/watch?v=ucbCE32rMfs,monetized but missing at least one High criterion,False,15,True,True,2026-10-05T17:22:51+00:00
Global Triathlon Network,https://www.youtube.com/@gtn,,No,none,running_endurance,56686,1100000,Mid,,,,,,,,,UCJVMrR290HU9pDxaP35u_cg,30,1,45000,1.3,0.0515,True,False,ebook,,0.83,manual,https://www.youtube.com/watch?v=ilNSAZSDA9Y,https://www.youtube.com/watch?v=bOCkujnxBjQ,monetized but missing at least one High criterion,False,15,True,True,2026-10-05T17:55:32+00:00
Spain Revealed,https://www.youtube.com/@spainrevealed,,No,lead_magnet_only,travel,56813,322000,Mid,,,,,,,,,UCo1HWB7bmrjpscWdZ5Xx3Xw,13,4,45000,0.69,0.1764,True,False,masterclass; free lead magnet,,0.43,manual,https://www.youtube.com/watch?v=C3hKAyOHlHE,https://www.youtube.com/watch?v=MZBRs_nYc2A,monetized but missing at least one High criterion,False,15,True,True,2026-10-05T18:22:48+00:00
Jae-ho - Trainer & Physical Therapist,https://www.youtube.com/@Jaeho_Fitness,,No,none,fitness,47666,799000,Mid,,,,,,,,,UCPwxWbDnHIbOv0HqpNXOvUQ,8,11,44000,1.13,0.0597,False,False,,,1.0,manual,https://www.youtube.com/watch?v=_MyII5-mt9s,https://www.youtube.com/watch?v=eoY6qlkp1xA,"no monetization found, check link hubs and the About page by hand",True,15,True,True,2026-10-05T16:46:58+00:00
Ian and Ana,https://www.youtube.com/@ian.and.ana.,,No,affiliate_only,travel,85133,347000,Mid,,,,,,,,,UCGqRKn_E8rMQ09pQ1WwDwyg,0,152,43000,0.65,0.2453,True,True,program; amzn.to; affiliate; sponsor read,,0.86,manual,https://www.youtube.com/watch?v=I3LH4iVRLVs,https://www.youtube.com/watch?v=ojJF_tc0C4o,monetized but missing at least one High criterion,False,15,True,True,2026-10-05T17:58:28+00:00
moinpeach,https://www.youtube.com/@moinpeach,,No,affiliate_only,martial_arts,500933,188000,Mid,,,,,,,,,UCy328EtnMYZ8jT0-jG1SCdA,2,12,43000,0.2,2.6645,True,False,amzn.to,,0.57,manual,https://www.youtube.com/watch?v=4OfOoQQ38pY,https://www.youtube.com/watch?v=MnOGiLeOypE,one video is carrying the average; monetized but missing at least one High criterion,True,15,True,True,2026-10-05T18:11:56+00:00
Jamie Wolfer,https://www.youtube.com/@JamieWolfer,,No,affiliate_only,running_endurance,58600,171000,Mid,,,,,,,,,UCdAcY6YGgF-RgGYXTsOENbA,13,5,42000,0.82,0.3427,True,False,ebook; amazon.com/shop; affiliate; free lead magnet,,0.67,manual,https://www.youtube.com/watch?v=x30f7rRR5_Y,https://www.youtube.com/watch?v=eNIEsj64TjM,monetized but missing at least one High criterion,False,15,True,True,2026-10-05T16:47:14+00:00
Olympic Games,https://www.youtube.com/@Olympics,,No,none,fitness,101769,16700000,Mid,,,,,,,,,UCTl3QQTvqHFjurroKxexy2Q,20,0,40000,1.54,0.0061,False,False,,,1.0,manual,https://www.youtube.com/watch?v=_uDm61TiEL4,https://www.youtube.com/watch?v=tSINU_6au8s,"one video is carrying the average; views are low for the subscriber count; no monetization found, check link hubs and the About page by hand",True,13,True,True,2026-10-05T17:08:36+00:00
SimplyZaryee,https://www.youtube.com/@SimplyZaryee,Zaryee@fixated.com,No,none,travel,194266,70700,Mid,,,,,,,,,UCBRieXhYxBhVM7S3OnHH7qw,5,6,40000,0.59,2.7478,False,False,,,0.6,channel_description,https://www.youtube.com/watch?v=KsLqEsyFMHc,https://www.youtube.com/watch?v=AxSw96B3mwg,"one video is carrying the average; no monetization found, check link hubs and the About page by hand",True,15,True,True,2026-10-05T17:17:53+00:00
Annabelle Ronnfeldt,https://www.youtube.com/@annabelleronnfeldt,annabellercollabs@gmail.com,No,none,fitness,56253,62600,Mid,,,,,,,,,UC_vJVMeKyb9MDu0BuVCr5Aw,9,6,40000,0.95,0.8986,True,False,program,,0.73,channel_description,https://www.youtube.com/watch?v=uTMYw5NFuws,https://www.youtube.com/watch?v=DIEfKX_aCJU,monetized but missing at least one High criterion,False,15,True,True,2026-10-05T17:39:11+00:00
Mr ignite,https://www.youtube.com/@mrignite2296,mrgoyal2173@gmail.com,No,none,finance,94000,338000,Mid,,,,,,,,,UCGEgTSwpB9FaYqa1aySMD0w,10,4,40000,7.36,0.2781,False,False,,,0.62,channel_description,https://www.youtube.com/watch?v=E-8UaxW1Hdg,https://www.youtube.com/watch?v=E-8UaxW1Hdg,"one video is carrying the average; no monetization found, check link hubs and the About page by hand",True,15,True,True,2026-10-05T18:12:23+00:00
Cruise Compass,https://www.youtube.com/@CruiseCompass25,cruisecompass56@gmail.com,No,none,travel,78793,34700,Mid,,,,,,,,,UCtXbJOuE6nwp7y_ZcVdGOJA,17,2,39000,4.29,2.2707,False,False,,,1.0,channel_description,https://www.youtube.com/watch?v=8bEljJeuevo,https://www.youtube.com/watch?v=ktKqug4GWX4,"one video is carrying the average; no monetization found, check link hubs and the About page by hand",True,15,True,True,2026-10-05T16:29:31+00:00
Prowalk Tours,https://www.youtube.com/@ProwalkTours,,Yes,community_or_membership,travel,43384,766000,Mid,,,,,,,,,UCNzul4dnciIlDg8BAcn5-cQ,11,2,39000,0.84,0.0566,True,False,patreon.com; merch; spring.com; teespring; ebook; amzn.to; amazon.com/shop; affiliate,,0.5,manual,https://www.youtube.com/watch?v=0OnjDaJR1z8,https://www.youtube.com/watch?v=0OnjDaJR1z8,monetized but missing at least one High criterion,False,15,True,True,2026-10-05T17:11:31+00:00
Apple Cheeks,https://www.youtube.com/@apple.cheeks,applecheeks@oddprojects.com,Yes,community_or_membership,travel,46066,230000,Mid,,,,,,,,,UCQ9XXjX0eNReH28Ass8E-hw,4,5,39000,1.21,0.2003,True,False,patreon.com,,0.42,channel_description,https://www.youtube.com/watch?v=ieE5Mt3qF5Q,https://www.youtube.com/watch?v=pUOeUx4epik,monetized but missing at least one High criterion,False,15,True,True,2026-10-05T17:39:42+00:00
channonmooney,https://www.youtube.com/@channonmooney,poppy@wmgmt.co.uk,No,none,travel,41266,118000,Mid,,,,,,,,,UCEuxVKSJXGDYjGznHM3_rMw,23,1,39000,1.05,0.3497,False,False,,,1.0,video_description,https://www.youtube.com/watch?v=6GBoCCiRTtA,https://www.youtube.com/watch?v=u1xaqSb2900,"no monetization found, check link hubs and the About page by hand",True,15,True,True,2026-10-05T17:45:36+00:00
Ami Charlize,https://www.youtube.com/@AmiCharlizex,ami@hldtalent.com,No,affiliate_only,travel,47333,434000,Mid,,,,,,,,,UCIX1edrhZBJfzz5zrkBknZQ,17,1,38000,1.14,0.1091,True,False,ltk.,,0.67,video_description,https://www.youtube.com/watch?v=m0BC14LdyGQ,https://www.youtube.com/watch?v=Mqy8q-95424,monetized but missing at least one High criterion,False,15,True,True,2026-10-05T16:20:03+00:00
Bailey Dedrick,https://www.youtube.com/@baileydedrick,baileydedrick@select.co,No,affiliate_only,lifestyle_vlog,46200,843000,Mid,,,,,,,,,UC8hbHvOenwYrbcUV3GRZCYA,8,4,38000,1.36,0.0548,True,False,amazon.com/shop,,0.5,channel_description,https://www.youtube.com/watch?v=mHUa4LOCObg,https://www.youtube.com/watch?v=DaItIdE9zJQ,monetized but missing at least one High criterion,False,15,True,True,2026-10-05T17:41:05+00:00
Top Things,https://www.youtube.com/@topthingsyt,,No,none,fitness,62520,1390000,Mid,,,,,,,,,UCArcrGQYzJhB_IfEla_XN4Q,30,1,38000,3.14,0.045,True,False,ebook,,0.5,manual,https://www.youtube.com/watch?v=Zdc21-6b7iw,https://www.youtube.com/watch?v=dhuDbMWB4jM,monetized but missing at least one High criterion,False,15,True,True,2026-10-05T18:28:52+00:00
The Knightstrider,https://www.youtube.com/@TheKnightStrider,hello@theknightstrider.com,No,none,food,48200,117000,Mid,,,,,,,,,UCps3sPlbtPZnrhLrbNbXHBw,30,1,37000,0.52,0.412,True,False,ebook,,0.4,channel_description,https://www.youtube.com/watch?v=gZdp8L8p2NI,https://www.youtube.com/watch?v=8Eh70PudLKY,monetized but missing at least one High criterion,False,15,True,True,2026-10-05T17:23:25+00:00
Joe Sbiti,https://www.youtube.com/@JoeSbiti,,Yes,coaching_or_program,finance,51200,87900,Mid,,,,,,,,,UCD5N7HQmjDCuN-Qyyfvzh2w,1,61,36000,1.89,0.5825,True,False,whop.com; program; affiliate,,1.0,manual,https://www.youtube.com/watch?v=fSqlt6vHeTs,https://www.youtube.com/watch?v=qldOmgHWq04,monetized but missing at least one High criterion,False,15,True,True,2026-10-05T16:50:31+00:00
Royal Caribbean Blog,https://www.youtube.com/@RoyalCaribbeanBlog,,No,affiliate_only,travel,38881,407000,Mid,,,,,,,,,UCfDmvOCNsoIW5kSp95HsdUg,30,2,36000,0.8,0.0955,True,False,ebook; amzn.to; affiliate,,1.0,manual,https://www.youtube.com/watch?v=Bbc3vE0BF9U,https://www.youtube.com/watch?v=0q0_R4B11Pw,monetized but missing at least one High criterion,False,15,True,True,2026-10-05T17:14:49+00:00
lay luv,https://www.youtube.com/@layluv,,No,none,lifestyle_vlog,95400,830000,Mid,,,,,,,,,UCGqVXybcvl9wu7A5HRwJ4cA,14,3,36000,1.25,0.1149,False,False,,,0.83,manual,https://www.youtube.com/watch?v=BsQ4wYAj1ts,https://www.youtube.com/watch?v=nvavqW7pRw4,"one video is carrying the average; no monetization found, check link hubs and the About page by hand",True,15,True,True,2026-10-05T18:06:27+00:00
Dany Dev,https://www.youtube.com/@Danygotaworldtosee,info@gotaworldtosee.com,No,affiliate_only,travel,59466,437000,Mid,,,,,,,,,UC-1ZY8bY46rX3ySgG3Qyn3g,2,30,35000,4.14,0.1361,True,False,amzn.to; affiliate,,0.67,channel_description,https://www.youtube.com/watch?v=m9eWI_vfW9c,https://www.youtube.com/watch?v=ASBsO9I-CIE,monetized but missing at least one High criterion,False,15,True,True,2026-10-05T16:31:47+00:00
Morgan Peterson,https://www.youtube.com/@morgantpete,morgantpete@gmail.com,No,affiliate_only,lifestyle_vlog,40200,47200,Mid,,,,,,,,,UCghVaekPPzGhRpBCwuR2F8w,9,6,35000,0.76,0.8517,True,False,geni.us; ltk.; link hub: linktr.ee,,0.47,channel_description,https://www.youtube.com/watch?v=G5mKzIDQtkE,https://www.youtube.com/watch?v=Llyzc5hFjyI,monetized but missing at least one High criterion,False,15,True,True,2026-10-05T18:12:05+00:00
Doctor Mike Diamonds,https://www.youtube.com/@DoctorMikeDiamonds,,Yes,community_or_membership,lifestyle_vlog,122773,2430000,Mid,,,,,,,,,UCg4hg_qRkwCsJIwbev-VyAg,30,1,34000,2.84,0.0505,True,False,skool.com; program,,0.5,manual,https://www.youtube.com/watch?v=4oUg87Lp1vI,https://www.youtube.com/watch?v=43EAy4RBdzA,one video is carrying the average; monetized but missing at least one High criterion,True,15,True,True,2026-10-05T16:32:42+00:00
EJ Jones,https://www.youtube.com/@Ej_jones21,ethanj@iamtrevormay.com,No,sponsors_only,,101366,24400,Mid,,,,,,,,,UCDvIKQseajsYER98pcn46BA,1,10,34000,,4.1543,True,True,sponsor read,,0.0,channel_description,https://www.youtube.com/watch?v=PoE2UBEbolA,https://www.youtube.com/watch?v=WIWt4PjzqIo,one video is carrying the average; monetized but missing at least one High criterion,True,3,True,True,2026-10-05T16:34:00+00:00
mobility by julia reppel,https://www.youtube.com/@julia.reppel,julia@fyndafit.com,No,affiliate_only,fitness,39785,477000,Mid,,,,,,,,,UCjnHdA1-dtgx4xVA9QjIz7g,30,0,34000,0.94,0.0834,True,False,amzn.to; affiliate; link hub: linktr.ee,,0.5,video_description,https://www.youtube.com/watch?v=ZF1mgot06o4,https://www.youtube.com/watch?v=w20gBrqa8vI,monetized but missing at least one High criterion,False,15,True,True,2026-10-05T18:03:09+00:00
Bob & Brad,https://www.youtube.com/@BobandBrad,,No,affiliate_only,fitness,44866,5480000,Mid,,,,,,,,,UCmTe0LsfEbpkDpgrxKAWbRA,30,1,33000,0.52,0.0082,True,True,ebook; amzn.to; amazon.com/shop; affiliate; sponsor read,,1.0,manual,https://www.youtube.com/watch?v=MsQThJVGNnU,https://www.youtube.com/watch?v=GOFCgxKM-qU,views are low for the subscriber count; monetized but missing at least one High criterion,True,15,True,True,2026-10-05T16:23:18+00:00
Jon Barr Extra,https://www.youtube.com/@HereBeBarrExtra,,Yes,merch,food,45173,40000,Mid,,,,,,,,,UCtmJbcOmo_33y8S6MlPQWbA,0,304,33000,1.08,1.1293,True,False,merch; spring.com; teespring; ebook; affiliate; free lead magnet,$10,0.67,manual,https://www.youtube.com/watch?v=wSE_kSIpvUI,https://www.youtube.com/watch?v=VQziJ_9grKU,monetized but missing at least one High criterion,False,15,True,True,2026-10-05T16:42:41+00:00
PictureFit,https://www.youtube.com/@PictureFit,,No,none,fitness,52533,1320000,Mid,,,,,,,,,UCadiU6WTKl65HUwEih1XLYg,0,365,33000,0.41,0.0398,True,False,ebook,,0.64,manual,https://www.youtube.com/watch?v=DxdmzbDHdxo,https://www.youtube.com/watch?v=ZZ2_MQWWvhM,monetized but missing at least one High criterion,False,15,True,True,2026-10-05T17:11:05+00:00
The Ingham Family,https://www.youtube.com/@TheInghamFamily,,No,none,tech,37600,1380000,Mid,,,,,,,,,UCPu78bdv1WY6b9Kk7xixhQw,29,1,33000,1.62,0.0272,False,False,,,0.67,manual,https://www.youtube.com/watch?v=0gQASnyR04I,https://www.youtube.com/watch?v=bFw-detrdKw,"views are low for the subscriber count; no monetization found, check link hubs and the About page by hand",True,15,True,True,2026-10-05T17:22:33+00:00
Build Your Moxie,https://www.youtube.com/@buildyourmoxie,,No,affiliate_only,travel,129860,118000,Mid,,,,,,,,,UC1cNrDTyVZ6rGXIbHh9dMgQ,0,91,33000,1.14,1.1005,True,False,amzn.to; amazon.com/shop; affiliate,,0.86,manual,https://www.youtube.com/watch?v=0TfIKl4Yrg8,https://www.youtube.com/watch?v=qzbZl8DfDgI,one video is carrying the average; monetized but missing at least one High criterion,True,15,True,True,2026-10-05T17:44:39+00:00
The Travel Coaches,https://www.youtube.com/@thetravelcoaches,,No,affiliate_only,travel,109240,77300,Mid,,,,,,,,,UC0HlX2hbRYYzGn6L370X2aw,4,14,33000,0.66,1.4132,True,False,ebook; amzn.to; amazon.com/shop; affiliate,$20,0.92,manual,https://www.youtube.com/watch?v=27YX1JiGN8E,https://www.youtube.com/watch?v=h9sHhxsGPS0,one video is carrying the average; monetized but missing at least one High criterion,True,15,True,True,2026-10-05T18:27:22+00:00
Princess Uche,https://www.youtube.com/@Cessuche,,No,affiliate_only,travel,114140,58300,Mid,,,,,,,,,UC57LNCViDEbGum65rIS7pbg,7,14,32000,1.08,1.9578,True,False,affiliate,,0.55,manual,https://www.youtube.com/watch?v=LRQBzLq279c,https://www.youtube.com/watch?v=LRQBzLq279c,one video is carrying the average; monetized but missing at least one High criterion,True,15,True,True,2026-10-05T16:27:09+00:00
Island Hopper TV,https://www.youtube.com/@IslandHopperTV,,No,affiliate_only,travel,48453,537000,Mid,,,,,,,,,UCarSZcFQ6-0eqZrAG4pKoMA,15,10,32000,0.8,0.0902,True,False,coaching; ebook; geni.us,,1.0,manual,https://www.youtube.com/watch?v=zERNfpomYr4,https://www.youtube.com/watch?v=zERNfpomYr4,monetized but missing at least one High criterion,False,15,True,True,2026-10-05T16:46:03+00:00
The Hadwins,https://www.youtube.com/@TheHadwinsTV,thehadwins@gmail.com,No,none,travel,41886,14500,Mid,,,,,,,,,UCqK_Vx6jnBk3f97lWqbq5zg,2,21,32000,0.39,2.8887,True,False,course; ebook,£370,0.36,video_description,https://www.youtube.com/watch?v=TrXxgoMOtOM,https://www.youtube.com/watch?v=9LPwF_ER-JY,monetized but missing at least one High criterion,False,15,True,True,2026-10-05T17:22:11+00:00
Tara Henderson,https://www.youtube.com/@tarahenderson,taralynn@thesociablesociety.com,No,affiliate_only,lifestyle_vlog,32133,790000,Mid,,,,,,,,,UCGLwZc7LiGLqXiYp6Y2hO8A,17,4,32000,0.82,0.0407,True,True,geni.us; ltk.; sponsor read,,0.88,channel_description,https://www.youtube.com/watch?v=VjSKADqm0Kg,https://www.youtube.com/watch?v=8skldSkNG9M,monetized but missing at least one High criterion,False,15,True,True,2026-10-05T18:24:33+00:00
Crosby Grace Travels,https://www.youtube.com/@CrosbyGraceTravels,,No,affiliate_only,travel,82933,94800,Mid,,,,,,,,,UCnw01C3LwEX_Xi_R492l2UQ,0,274,31000,2.65,0.8748,True,False,amzn.to,,0.62,manual,https://www.youtube.com/watch?v=WfYD14xxoAo,https://www.youtube.com/watch?v=ZajnEBpVe28,one video is carrying the average; monetized but missing at least one High criterion,True,15,True,True,2026-10-05T16:29:16+00:00
Check In - Klaudia i Michał,https://www.youtube.com/@CheckInKlaudiaiMicha%C5%82,,No,none,travel,44800,74200,Mid,,,,,,,,,UCpttF5CDDeiiYLK10KZ9R0A,13,1,30000,1.44,0.6038,True,False,ebook,,0.5,manual,https://www.youtube.com/watch?v=sVhHwIWlJUg,https://www.youtube.com/watch?v=6JTA9CKqCvQ,monetized but missing at least one High criterion,False,15,True,True,2026-10-05T16:27:25+00:00
Kya & Micah,https://www.youtube.com/@Kyajeubicequeen,Kyajeubcollabs@gmail.com,No,affiliate_only,nutrition,35000,3010000,Mid,,,,,,,,,UCEfOjO63T7-1CgQufhw0grQ,0,365,30000,,0.0116,True,False,ebook; amzn.to; link hub: linktr.ee,,1.0,channel_description,https://www.youtube.com/watch?v=0r7NJGMAAGY,https://www.youtube.com/watch?v=PYlroK0hA-I,views are low for the subscriber count; monetized but missing at least one High criterion,True,5,True,True,2026-10-05T16:55:16+00:00
Michel Janse,https://www.youtube.com/@MichelJanse,MichelJ@Select.co,No,affiliate_only,lifestyle_vlog,33066,285000,Mid,,,,,,,,,UCRYQ0mlWC6tpVoH9UID0wXg,24,1,30000,1.1,0.116,True,True,program; amzn.to; affiliate; sponsor read,$20,0.83,channel_description,https://www.youtube.com/watch?v=0yjEbHJGfow,https://www.youtube.com/watch?v=k2LhNrnzQOw,monetized but missing at least one High criterion,False,15,True,True,2026-10-05T17:01:42+00:00
Nora Dunn (The Professional Hobo),https://www.youtube.com/@NoraDunn,,No,affiliate_only,travel,55473,112000,Mid,,,,,,,,,UColuBSf_obJxCdZu9nnaETA,0,730,30000,4.0,0.4953,True,True,program; ebook; amazon.com/shop; affiliate; sponsor read; free lead magnet,,0.75,manual,https://www.youtube.com/watch?v=WtaxB7E03Tg,https://www.youtube.com/watch?v=-mvMATh8GPA,monetized but missing at least one High criterion,False,15,True,True,2026-10-05T17:07:29+00:00
Weightlifting House,https://www.youtube.com/@WeightliftingHouse,,No,none,fitness,37066,396000,Mid,,,,,,,,,UCd5WxLFvKjEbJl5xyUqyHSw,17,0,30000,1.46,0.0936,False,False,,,0.85,manual,https://www.youtube.com/watch?v=PlkrWSzoPck,https://www.youtube.com/watch?v=231STtEsa0M,"no monetization found, check link hubs and the About page by hand",True,15,True,True,2026-10-05T17:33:38+00:00
Crystal Nicole,https://www.youtube.com/@CurlieCrys,,No,affiliate_only,lifestyle_vlog,34466,266000,Mid,,,,,,,,,UC1Yf5yQWZsISCfSpYAcFXzg,2,14,29000,0.54,0.1296,True,False,amazon.com/shop; affiliate,,0.46,manual,https://www.youtube.com/watch?v=0JpDPXDGp-M,https://www.youtube.com/watch?v=zdmo-qwJ_tc,monetized but missing at least one High criterion,False,15,True,True,2026-10-05T16:30:27+00:00
Fit Media Channel,https://www.youtube.com/@FitMediaChannel,,No,none,fitness,60400,2069999,Mid,,,,,,,,,UCoguzybAI8Fgdj4Aze5tE8w,6,9,29000,0.72,0.0292,False,False,,,1.0,manual,https://www.youtube.com/watch?v=JMZJd8KW4P4,https://www.youtube.com/watch?v=pPLlWi6qrqs,"one video is carrying the average; views are low for the subscriber count; no monetization found, check link hubs and the About page by hand",True,15,True,True,2026-10-05T16:37:42+00:00
Paul Revelia,https://www.youtube.com/@PaulRevelia,,No,none,fitness,32640,743000,Mid,,,,,,,,,UCykSWsfEKRES6RDotQF6ChQ,17,14,29000,1.57,0.0439,True,False,coaching,,0.44,manual,https://www.youtube.com/watch?v=gSGJlWd6LLU,https://www.youtube.com/watch?v=lXJFR35Hh80,monetized but missing at least one High criterion,False,15,True,True,2026-10-05T17:10:34+00:00
Lauren Norris,https://www.youtube.com/@TheLaurenNorris,laurennorris@thesociablesociety.com,No,affiliate_only,travel,45133,343000,Mid,,,,,,,,,UCLa_vxD-jXlrz_V3FBZcrhA,24,2,29000,0.69,0.1316,True,False,amazon.com/shop; ltk.,,0.56,channel_description,https://www.youtube.com/watch?v=F7cZLRfZza4,https://www.youtube.com/watch?v=ZSFr00jOYbk,monetized but missing at least one High criterion,False,15,True,True,2026-10-05T17:23:34+00:00
Alyssa Howard,https://www.youtube.com/@alyssaahoward,alyssahoward@bossmgmtgrp.com,No,affiliate_only,travel,29866,344000,Mid,,,,,,,,,UCNLVcnTu0QJu-2lt0kXYzKw,7,5,29000,1.29,0.0868,True,False,amzn.to; amazon.com/shop,,0.45,channel_description,https://www.youtube.com/watch?v=nLlhyUdn368,https://www.youtube.com/watch?v=8GzJ190JeJI,monetized but missing at least one High criterion,False,15,True,True,2026-10-05T17:38:54+00:00
Build The Dream,https://www.youtube.com/@buildthedream77,,Yes,community_or_membership,travel,51140,52000,Mid,,,,,,,,,UCCWC63_fLObjdnextgUjC7A,8,1,27000,1.0,0.9835,True,True,patreon.com; merch; amzn.to; affiliate; sponsor read,,0.87,manual,https://www.youtube.com/watch?v=JG8hVGoMs-0,https://www.youtube.com/watch?v=JG8hVGoMs-0,monetized but missing at least one High criterion,False,15,True,True,2026-10-05T17:44:30+00:00
Honeymoon Always,https://www.youtube.com/@HoneymoonAlways,info@honeymoonalways.com,No,none,travel,40626,17300,Mid,,,,,,,,,UCqliTOkBcvoGbSVjJ_nGHEw,3,5,26000,2.49,2.3483,True,False,ebook,,0.7,channel_description,https://www.youtube.com/watch?v=ocZu-xS-3fY,https://www.youtube.com/watch?v=fR5-EOipE7E,monetized but missing at least one High criterion,False,15,True,True,2026-10-05T16:43:38+00:00
Hannah Marsh,https://www.youtube.com/@hannahmarshx,hannahmarsh_@outlook.com,Yes,community_or_membership,lifestyle_vlog,25000,21100,Mid,,,,,,,,,UCTDS3j1I7gEcfPqIjZr80bA,9,2,26000,1.29,1.1848,True,False,patreon.com,$5,0.75,channel_description,https://www.youtube.com/watch?v=RZ9KgpCoTY8,https://www.youtube.com/watch?v=RZ9KgpCoTY8,monetized but missing at least one High criterion,False,15,True,True,2026-10-05T17:55:57+00:00
Lauren Snyder,https://www.youtube.com/@laurensnyder,veronica@tablerock.com,No,affiliate_only,lifestyle_vlog,45133,368000,Mid,,,,,,,,,UCx1jMHJZh8_ztlBA3DgPuuA,18,5,26000,1.1,0.1226,True,False,amzn.to; amazon.com/shop,,0.93,video_description,https://www.youtube.com/watch?v=h6SwggpLwvU,https://www.youtube.com/watch?v=9RXyXzQF4uU,monetized but missing at least one High criterion,False,15,True,True,2026-10-05T18:06:19+00:00
Ava Daniels,https://www.youtube.com/@AvaaDaniels,,No,none,travel,32826,75800,Mid,,,,,,,,,UCk0og_zx9M32aisOpkVNQZA,12,5,25000,2.24,0.4331,False,False,link hub: linktr.ee,,0.71,manual,https://www.youtube.com/watch?v=PBLhHqrINCU,https://www.youtube.com/watch?v=Hc5RmNsjrVs,"no monetization found, check link hubs and the About page by hand",True,15,True,True,2026-10-05T16:21:31+00:00
Je suis Lou,https://www.youtube.com/@JesuisLou,Contact@jesuislou.com,No,affiliate_only,travel,27800,183000,Mid,,,,,,,,,UCoIMQ0skOJ3sfgRmrkiedZw,26,1,25000,1.39,0.1519,True,True,affiliate; ltk.; sponsor read,,0.86,video_description,https://www.youtube.com/watch?v=wLlzxJVqkbk,https://www.youtube.com/watch?v=wLlzxJVqkbk,monetized but missing at least one High criterion,False,15,True,True,2026-10-05T16:49:52+00:00
Niamh Mackinnon,https://www.youtube.com/@NiamhMackinnon,niamhmackinnon@mvetalent.com,No,none,travel,33666,179000,Mid,,,,,,,,,UCvZuDoJdiXQNEosJfqDiO_A,7,4,25000,0.74,0.1881,True,False,work with me; link hub: linktr.ee,,0.83,channel_description,https://www.youtube.com/watch?v=r2CSLphmdrk,https://www.youtube.com/watch?v=XoYHwSYPKpc,monetized but missing at least one High criterion,False,15,True,True,2026-10-05T17:06:06+00:00
allofdestiny,https://www.youtube.com/@allofdestiny,,No,affiliate_only,lifestyle_vlog,25400,393000,Mid,,,,,,,,,UCAKG1lw9jPfFHggfSOMCk1w,11,1,25000,0.54,0.0646,True,False,ebook; amzn.to; amazon.com/shop; affiliate,,0.73,manual,https://www.youtube.com/watch?v=w2wj2pfBgkI,https://www.youtube.com/watch?v=Im7I1CPeRD8,monetized but missing at least one High criterion,False,15,True,True,2026-10-05T17:38:28+00:00
Emma Tamsin,https://www.youtube.com/@EmmaTamsin,,Yes,community_or_membership,lifestyle_vlog,23533,139000,Mid,,,,,,,,,UCgpn5mBC_yhKvxo9hq0dQMQ,7,1,24000,0.98,0.1693,True,False,skool.com; affiliate,,0.92,manual,https://www.youtube.com/watch?v=GSyPL6b1PjA,https://www.youtube.com/watch?v=KIRAF89AkYM,monetized but missing at least one High criterion,False,15,True,True,2026-10-05T16:34:32+00:00
Madison Pracht,https://www.youtube.com/@MadisonPracht,,No,affiliate_only,lifestyle_vlog,25380,22100,Mid,,,,,,,,,UC0rNt0c0zTpz8X2m6U9m_EA,12,8,24000,0.9,1.1484,True,False,course; amazon.com/shop,,0.5,manual,https://www.youtube.com/watch?v=Qtj-csDcUoo,https://www.youtube.com/watch?v=1t16b-eGm-c,monetized but missing at least one High criterion,False,15,True,True,2026-10-05T17:00:05+00:00
RV Miles,https://www.youtube.com/@RVMiles,,No,none,travel,37666,135000,Mid,,,,,,,,,UCM7abs_fO7RNp-WArS2u3SQ,30,2,24000,0.49,0.279,True,False,ebook,$7,0.57,manual,https://www.youtube.com/watch?v=6bdzf5U5iO4,https://www.youtube.com/watch?v=tj36wx2ptHQ,monetized but missing at least one High criterion,False,15,True,True,2026-10-05T17:12:19+00:00
clarisseintheclouds,https://www.youtube.com/@clarisseintheclouds,clarisseintheclouds@gmail.com,No,affiliate_only,lifestyle_vlog,28966,268000,Mid,,,,,,,,,UCh-gL3ho8PXB0TxEsRYDj8A,7,0,24000,0.62,0.1081,True,True,affiliate; shopmy; sponsor read; link hub: linktr.ee,,0.55,video_description,https://www.youtube.com/watch?v=yp9qq5r59CI,https://www.youtube.com/watch?v=qwww5w6dre8,monetized but missing at least one High criterion,False,15,True,True,2026-10-05T17:46:29+00:00
IAMCHELSIEJANEA,https://www.youtube.com/@iamchelsiejanea809,,No,sponsors_only,lifestyle_vlog,26000,113000,Mid,,,,,,,,,UCNf_tvZTlfVoTdViGCZA7hw,30,1,24000,1.09,0.2301,True,True,sponsor read,,0.86,manual,https://www.youtube.com/watch?v=83F2CFoGszs,https://www.youtube.com/watch?v=pl5Xn6EwHyg,monetized but missing at least one High criterion,False,15,True,True,2026-10-05T17:58:02+00:00
Jaz Turner,https://www.youtube.com/@jazturner16,lena.thompson@thedigitalbrandarchitects.com,Yes,digital_product,lifestyle_vlog,23226,210000,Mid,,,,,,,,,UCwXd8suFsOiN4rFEtLFnTEw,9,11,24000,1.27,0.1106,True,True,stan.store; amazon.com/shop; ltk.; sponsor read; link hub: beacons.ai; link hub: stan.store,,0.5,channel_description,https://www.youtube.com/watch?v=YDl7FZESlRI,https://www.youtube.com/watch?v=wDV-_XT6RHE,monetized but missing at least one High criterion,False,15,True,True,2026-10-05T18:01:19+00:00
Zack Telander,https://www.youtube.com/@zacktelander,,No,none,fitness,40200,244000,Mid,,,,,,,,,UC94_fvLx7abZgs9LIkM7jxw,1,30,24000,2.15,0.1648,True,False,ebook,,0.78,manual,https://www.youtube.com/watch?v=vDgC4A8uryk,https://www.youtube.com/watch?v=rccE5zAaUCg,monetized but missing at least one High criterion,False,15,True,True,2026-10-05T18:34:27+00:00
American Authors,https://www.youtube.com/channel/UCY4ZDNCKpgSlJYvYSZZRRew,,No,none,food,69435,896000,Mid,,,,,,,,,UCY4ZDNCKpgSlJYvYSZZRRew,0,274,23500,9.69,0.0775,True,False,ebook,,1.0,manual,https://www.youtube.com/watch?v=GRVV0AiPjjU,https://www.youtube.com/watch?v=GRVV0AiPjjU,one video is carrying the average; monetized but missing at least one High criterion,True,14,True,True,2026-10-05T18:35:22+00:00
Carmen Van Kerckhove,https://www.youtube.com/@TopFlightFamily,info@topflightfamilymedia.com,No,affiliate_only,travel,61633,132000,Mid,,,,,,,,,UCjyhd4lm0Cd0DzBKDJhOYUw,0,365,23000,1.78,0.4669,True,False,geni.us,,0.82,channel_description,https://www.youtube.com/watch?v=FnjGEwLp2V4,https://www.youtube.com/watch?v=FnjGEwLp2V4,one video is carrying the average; monetized but missing at least one High criterion,True,15,True,True,2026-10-05T17:27:59+00:00
3 Days 3 Noches,https://www.youtube.com/@3Days3Noches,,No,affiliate_only,travel,25693,58700,Mid,,,,,,,,,UCJM3y31vZnRUudPw5kUAkIQ,7,7,22000,1.1,0.4377,True,False,course; ebook; amazon.com/shop; affiliate,,1.0,manual,https://www.youtube.com/watch?v=pheaeGzmRUI,https://www.youtube.com/watch?v=Uo3j0W5rgI8,monetized but missing at least one High criterion,False,15,True,True,2026-10-05T16:16:16+00:00
Hot Smart Rich,https://www.youtube.com/@HotSmartRich,hotsmartrich@flightstory.com,No,affiliate_only,finance,35940,51000,Mid,,,,,,,,,UC3e5IaifT2XvVD8Vt8-vX3g,15,5,22000,1.29,0.7047,True,False,amazon.com/shop; shopmy,,0.43,channel_description,https://www.youtube.com/watch?v=1mW4Slh3BQk,https://www.youtube.com/watch?v=zlzDVbvHed4,monetized but missing at least one High criterion,False,15,True,True,2026-10-05T16:43:53+00:00
MrCreepyPasta,https://www.youtube.com/@MrCreepyPasta,mrcreepypasta@gmail.com,Yes,community_or_membership,business,25133,1720000,Mid,,,,,,,,,UCJMemx7yz_1QwXjHG_rXRhg,28,1,22000,0.79,0.0146,True,False,patreon.com; ebook,,0.5,channel_description,https://www.youtube.com/watch?v=DQi3zxw0mqg,https://www.youtube.com/watch?v=zVAMdKNCBlI,views are low for the subscriber count; monetized but missing at least one High criterion,True,15,True,True,2026-10-05T17:03:44+00:00
Professor Melissa,https://www.youtube.com/@ProfMelissa,,No,affiliate_only,travel,33686,90900,Mid,,,,,,,,,UC9ahe2532M0iCSL7yhYxyLQ,13,5,21000,1.85,0.3706,True,False,ebook; affiliate; free lead magnet,,0.9,manual,https://www.youtube.com/watch?v=d-WdJ0VCSMw,https://www.youtube.com/watch?v=0e778p0-Crg,monetized but missing at least one High criterion,False,15,True,True,2026-10-05T17:11:22+00:00
Pakspan,https://www.youtube.com/@thepakspan,,No,none,travel,33900,32200,Mid,,,,,,,,,UCvhzWUamzjhvh7EEb72Mncg,13,1,21000,0.44,1.0528,True,False,course,,0.75,manual,https://www.youtube.com/watch?v=L6HZjum607Y,https://www.youtube.com/watch?v=wTM1yEA79L4,monetized but missing at least one High criterion,False,15,True,True,2026-10-05T18:26:49+00:00
Go Travel Life,https://www.youtube.com/@GoTravelLife65,,No,none,travel,26026,27000,Mid,,,,,,,,,UC9JZdyeQMpnjSqQWue4O0zA,11,1,20000,0.57,0.9639,True,False,ebook,,0.67,manual,https://www.youtube.com/watch?v=M0OiWlN1Ejk,https://www.youtube.com/watch?v=M0OiWlN1Ejk,monetized but missing at least one High criterion,False,15,True,True,2026-10-05T16:40:17+00:00
Joey Miuccio,https://www.youtube.com/@Joeymiuccio,danny@undercurrent.net,Yes,merch,travel,23200,224000,Mid,,,,,,,,,UCZs609xONyYxM8oM0lxJEHw,12,1,20000,1.14,0.1036,True,False,merch; coaching; book a call; ebook; amazon.com/shop,,0.43,channel_description,https://www.youtube.com/watch?v=Nc88k71nXE8,https://www.youtube.com/watch?v=lZJS9PfP9rg,monetized but missing at least one High criterion,False,15,True,True,2026-10-05T16:51:04+00:00
RVing with Andrew Steele,https://www.youtube.com/@RVingwithAndrewSteele,,No,none,running_endurance,52573,336000,Mid,,,,,,,,,UCVf2GTIDdCxAYXDxNAF76nA,30,1,20000,0.59,0.1565,True,False,ebook,,1.0,manual,https://www.youtube.com/watch?v=t1PgSMHsxS8,https://www.youtube.com/watch?v=UkkMrSgdMb8,one video is carrying the average; monetized but missing at least one High criterion,True,15,True,True,2026-10-05T17:12:29+00:00
Taren's MōTTIV Method,https://www.youtube.com/@TriathlonTaren,,No,lead_magnet_only,running_endurance,27346,192000,Mid,,,,,,,,,UC1AKDrz2GvLxD29W9tow66g,0,365,20000,1.03,0.1424,True,False,ebook; free lead magnet,,0.67,manual,https://www.youtube.com/watch?v=vROcHc92yoc,https://www.youtube.com/watch?v=oLjatOYru1k,monetized but missing at least one High criterion,False,15,True,True,2026-10-05T17:31:00+00:00
smileycitrus,https://www.youtube.com/@smileycitrus,jai@iconmanagement.com.au,No,affiliate_only,finance,21800,75500,Mid,,,,,,,,,UCzxQ3Fx5K8VehnAdjY_FSlg,12,0,20000,1.32,0.2887,True,False,template; affiliate,,0.44,video_description,https://www.youtube.com/watch?v=VTmVUqoOqM4,https://www.youtube.com/watch?v=fjXJ4XGt0nU,monetized but missing at least one High criterion,False,15,True,True,2026-10-05T18:22:14+00:00
Chelsea Trevor,https://www.youtube.com/@ChelseaTrevor,collabs@chelseatrevor.co,No,affiliate_only,fitness,18533,839000,Mid,,,,,,,,,UC7G3MxSUdFk5UND0TjJyaqQ,9,4,19000,1.11,0.0221,True,False,course; affiliate,,0.27,channel_description,https://www.youtube.com/watch?v=-5VQzSkHasU,https://www.youtube.com/watch?v=USA27TpyMjw,views are low for the subscriber count; monetized but missing at least one High criterion,True,15,True,True,2026-10-05T16:27:40+00:00
Huberman Lab Clips,https://www.youtube.com/@HubermanLabClips,,No,none,,33326,1490000,Mid,,,,,,,,,UCkZjTZNvuxq1CYMS3cwZa1Q,30,2,19000,0.58,0.0224,True,False,ebook,,0.0,manual,https://www.youtube.com/watch?v=9lguNcOonW4,https://www.youtube.com/watch?v=9lguNcOonW4,views are low for the subscriber count; monetized but missing at least one High criterion,True,15,True,True,2026-10-05T16:44:01+00:00
Up Up & Our Way,https://www.youtube.com/@UpUpOurWay,upupandourway@gmail.com,No,affiliate_only,travel,35673,58000,Mid,,,,,,,,,UCNkXIsqF1edUF7s5Qr3IXkg,10,2,19000,1.29,0.6151,True,False,shopmy,,0.83,channel_description,https://www.youtube.com/watch?v=_0249lVSLuM,https://www.youtube.com/watch?v=qBR8fu_7bZo,monetized but missing at least one High criterion,False,15,True,True,2026-10-05T17:32:05+00:00
nico🫶,https://www.youtube.com/@nicosheri,nicosheri@thesociablesociety.com,No,none,fitness,19133,34300,Mid,,,,,,,,,UCnREM-ugqmmBTr0HsY_RnpA,2,4,19000,0.18,0.5578,True,False,program; link hub: linktr.ee,,0.55,channel_description,https://www.youtube.com/watch?v=H_EURSAEbcM,https://www.youtube.com/watch?v=vn8wpqQAC_g,monetized but missing at least one High criterion,False,15,True,True,2026-10-05T18:15:06+00:00
30 And A Wake Up,https://www.youtube.com/@30AndAWakeUp,,No,affiliate_only,travel,25713,115000,Mid,,,,,,,,,UCKUaRwG_DS3OKGs8DRYVUNQ,0,365,18000,0.62,0.2236,True,True,amzn.to; sponsor read,,1.0,manual,https://www.youtube.com/watch?v=DDXpJdA4hWY,https://www.youtube.com/watch?v=Zd7j2GXsgU0,monetized but missing at least one High criterion,False,15,True,True,2026-10-05T16:16:00+00:00
CALISTHENICS FAMILY,https://www.youtube.com/@CalisthenicsFamily,,No,lead_magnet_only,fitness,32133,449000,Mid,,,,,,,,,UCgFItI58gEggW1-39DxjVbA,7,0,18000,1.21,0.0716,True,False,course; coaching; free lead magnet,,0.93,manual,https://www.youtube.com/watch?v=LThzhszNsQA,https://www.youtube.com/watch?v=i0DFr4GJlGg,monetized but missing at least one High criterion,False,15,True,True,2026-10-05T16:25:48+00:00
Cruise Insider,https://www.youtube.com/@CruiseInsider,,No,none,travel,31066,61500,Mid,,,,,,,,,UCkGUzWwv7CmXRnb4gQwLprQ,10,4,18000,0.86,0.5051,False,False,,,1.0,manual,https://www.youtube.com/watch?v=V20jaxuBRTA,https://www.youtube.com/watch?v=V20jaxuBRTA,"no monetization found, check link hubs and the About page by hand",True,15,True,True,2026-10-05T16:29:39+00:00
Kristi O'Connell,https://www.youtube.com/@Kristi_OConnell,,No,none,fitness,52893,173000,Mid,,,,,,,,,UC34Lv4KjiJbitgtmJ1nK9cg,1,28,18000,2.58,0.3057,True,False,program,,0.54,manual,https://www.youtube.com/watch?v=PVAd3OfZrtQ,https://www.youtube.com/watch?v=xQatTWJBKNs,one video is carrying the average; monetized but missing at least one High criterion,True,15,True,True,2026-10-05T16:55:09+00:00
My Ali Travels,https://www.youtube.com/@my.ali.travels,,No,none,travel,23530,7190,Mid,,,,,,,,,UC5PxNusvSfulhvEwOs5ll3A,2,30,18000,1.87,3.2726,True,False,ebook,,0.45,manual,https://www.youtube.com/watch?v=rmdNuAawjBU,https://www.youtube.com/watch?v=rTx9yxqHD4I,monetized but missing at least one High criterion,False,15,True,True,2026-10-05T18:12:57+00:00
Nicole and Mico,https://www.youtube.com/@nicoleandmico,info@nicoleandmico.com,No,affiliate_only,travel,30253,83300,Mid,,,,,,,,,UCguRKiLcbY9yIG9fxmd9BuQ,0,365,18000,2.17,0.3632,True,False,ebook; amzn.to; amazon.com/shop; affiliate,,0.67,video_description,https://www.youtube.com/watch?v=BrikFmQgcqo,https://www.youtube.com/watch?v=j1M8U74PZVs,monetized but missing at least one High criterion,False,15,True,True,2026-10-05T18:14:58+00:00
steve and carole vano,https://www.youtube.com/@steveandcarole,,No,none,travel,18866,23300,Mid,,,,,,,,,UCbDFRNHcoUHyTKp0FSABIfw,30,0,18000,0.92,0.8097,True,False,ebook,,1.0,manual,https://www.youtube.com/watch?v=58ciI_q54Rc,https://www.youtube.com/watch?v=5jIacMYiyZY,monetized but missing at least one High criterion,False,15,True,True,2026-10-05T18:23:23+00:00
Family at Sea,https://www.youtube.com/@FamilyAtSea,partners@familyatsesa.travel,No,affiliate_only,travel,26393,48100,Mid,,,,,,,,,UCs5bnvl8wOyrlLs3CXpE2ug,26,2,17000,0.53,0.5487,True,False,ebook; amzn.to; affiliate; link hub: linktr.ee,,1.0,video_description,https://www.youtube.com/watch?v=pCh1KL8Kpkc,https://www.youtube.com/watch?v=jAK31kl6m8Q,monetized but missing at least one High criterion,False,15,True,True,2026-10-05T16:36:30+00:00
Lucinda Strafford,https://www.youtube.com/@LucindaStrafford,lucinda@offlimitsgroup.com,No,sponsors_only,travel,34020,78300,Mid,,,,,,,,,UCKaRIL-WSWgVMcYi57FgWyQ,7,1,17000,0.97,0.4345,True,True,sponsor read,,0.67,channel_description,https://www.youtube.com/watch?v=4DPb17oh_70,https://www.youtube.com/watch?v=OHalYvuabnY,one video is carrying the average; monetized but missing at least one High criterion,True,15,True,True,2026-10-05T16:59:00+00:00
Obi Vincent,https://www.youtube.com/@ObiVincent,obiuvincent@gmail.com,No,none,fitness,20066,866000,Mid,,,,,,,,,UCoSxzVDrViaWSTBa5DJDfVg,7,1,17000,0.92,0.0232,True,False,program; link hub: linktr.ee,,0.45,video_description,https://www.youtube.com/watch?v=mhDJW1WTnSc,https://www.youtube.com/watch?v=QAa_cQijzn4,views are low for the subscriber count; monetized but missing at least one High criterion,True,15,True,True,2026-10-05T17:08:18+00:00
The Wanderlust Way,https://www.youtube.com/@TheWanderlustWayisback,,No,none,food,26142,41500,Mid,,,,,,,,,UCTNljbm34V83vOwPtEdc5dw,14,1,16500,2.78,0.6299,True,False,ebook,£2.99,1.0,manual,https://www.youtube.com/watch?v=iOdc6gP3BMg,https://www.youtube.com/watch?v=CornaHo6jEU,monetized but missing at least one High criterion,False,15,True,True,2026-10-05T17:25:11+00:00
Chev B.,https://www.youtube.com/@ChevB,chevannebrown20@gmail.com,No,affiliate_only,travel,51533,602000,Mid,,,,,,,,,UCYz8sm_l1cqIVST9iTv2vsA,9,1,16000,0.29,0.0856,True,False,ebook; amzn.to; affiliate,,1.0,video_description,https://www.youtube.com/watch?v=DCfcAbeOOYI,https://www.youtube.com/watch?v=aPafeVgmZ1U,one video is carrying the average; monetized but missing at least one High criterion,True,15,True,True,2026-10-05T16:27:48+00:00
Ella McFadin,https://www.youtube.com/@EllaMcFadin,ellamcfadin@gmail.com,No,affiliate_only,lifestyle_vlog,16393,46500,Mid,,,,,,,,,UCvkCXERHO-0u5AW2wuzEXWA,7,10,16000,1.06,0.3525,True,False,amzn.to; shopmy,,0.82,channel_description,https://www.youtube.com/watch?v=kA3XE6k1l24,https://www.youtube.com/watch?v=Oeg7OVta4rA,monetized but missing at least one High criterion,False,15,True,True,2026-10-05T16:34:08+00:00
Garage Strength,https://www.youtube.com/@GarageStrength,,No,lead_magnet_only,fitness,19581,686000,Mid,,,,,,,,,UCZEEC1w4jP1cV2dibuDFwIQ,30,1,16000,0.59,0.0285,True,False,program; free lead magnet,,1.0,manual,https://www.youtube.com/watch?v=WVNY8KKmOy4,https://www.youtube.com/watch?v=8ImwsDKsc_A,views are low for the subscriber count; monetized but missing at least one High criterion,True,15,True,True,2026-10-05T16:39:36+00:00
ABBY,https://www.youtube.com/@ImAbbySigua,imabbysigua@gmail.com,No,none,lifestyle_vlog,33093,109000,Mid,,,,,,,,,UC5s_UhpgwQF6tkSFWoXt0mA,3,10,16000,2.46,0.3036,False,False,link hub: linktr.ee,,0.8,video_description,https://www.youtube.com/watch?v=jhdwzqWzG2k,https://www.youtube.com/watch?v=ythV9PhG-XQ,"one video is carrying the average; no monetization found, check link hubs and the About page by hand",True,15,True,True,2026-10-05T16:44:58+00:00
Seany Boyy,https://www.youtube.com/@YouTube-Seany_Boyy_,,No,none,travel,72006,7380,Mid,,,,,,,,,UCUC5Is3aB7VE-cccRo226KA,4,10,16000,10.71,9.7569,True,False,ebook,€50,0.73,manual,https://www.youtube.com/watch?v=mLq48b0MuDM,https://www.youtube.com/watch?v=UxPbKUdX8fQ,one video is carrying the average; monetized but missing at least one High criterion,True,15,True,True,2026-10-05T17:34:54+00:00
abzel pearl,https://www.youtube.com/@abzelpearl,workwithabzel@gmail.com,No,none,lifestyle_vlog,18700,10900,Mid,,,,,,,,,UCdinyRTOihrQD3P10f0mgQA,11,2,15500,0.94,1.7156,True,False,ebook,,1.0,video_description,https://www.youtube.com/watch?v=HIWIEwRgGrA,https://www.youtube.com/watch?v=pfvKqC0msrg,monetized but missing at least one High criterion,False,10,True,True,2026-10-05T17:37:05+00:00
Jessica Jayne,https://www.youtube.com/@JessicaJayneTurner,jessicajayneturner@gmail.com,No,affiliate_only,travel,19460,44100,Mid,,,,,,,,,UC2PJ-0rPoG64AjJLmJ_tJBQ,8,6,15000,0.51,0.4413,True,False,amzn.to; affiliate,,0.5,video_description,https://www.youtube.com/watch?v=AoG6k23qruc,https://www.youtube.com/watch?v=sH19UnZbPlg,monetized but missing at least one High criterion,False,15,True,True,2026-10-05T16:49:19+00:00
Nasey Family,https://www.youtube.com/@NaseyFamily,,No,none,lifestyle_vlog,20400,395000,Mid,,,,,,,,,UC_5gzq2tkcDLtbDm_teeAcQ,4,12,15000,1.79,0.0516,True,False,ebook,,0.6,manual,https://www.youtube.com/watch?v=wDVnSi5BgDk,https://www.youtube.com/watch?v=JnRAa0r7DtI,monetized but missing at least one High criterion,False,15,True,True,2026-10-05T17:05:10+00:00
Abbie Dennison,https://www.youtube.com/@abbiedennisonfit,,No,none,fitness,25380,25900,Mid,,,,,,,,,UChKUxinL749lyCzo-IODyLA,6,30,15000,0.59,0.9799,False,False,,,0.69,manual,https://www.youtube.com/watch?v=tsn2sBOnVPs,https://www.youtube.com/watch?v=tsn2sBOnVPs,"no monetization found, check link hubs and the About page by hand",True,15,True,True,2026-10-05T17:36:43+00:00
Evolve Functional Fitness Workouts,https://www.youtube.com/@evolve,,No,none,fitness,37278,85400,Mid,,,,,,,,,UCGiexTMZyCgAcypIvqhpVgQ,0,1826,14500,1.55,0.4365,True,False,program,,1.0,manual,https://www.youtube.com/watch?v=EE2JFk-6AJA,https://www.youtube.com/watch?v=zXhp0FPxqlU,one video is carrying the average; monetized but missing at least one High criterion,True,14,True,True,2026-10-05T17:52:15+00:00
Julia Bedell,https://www.youtube.com/@JuliaBedell,JuliaBedell@Dulcedo.com,No,affiliate_only,lifestyle_vlog,20813,366000,Mid,,,,,,,,,UCvfrfH-VOHPYzMddGWIzoWw,15,1,14000,2.0,0.0569,True,False,amazon.com/shop; shopmy; link hub: linktr.ee,,0.54,channel_description,https://www.youtube.com/watch?v=OYAUNHG8CGo,https://www.youtube.com/watch?v=3IfaOJvzid0,monetized but missing at least one High criterion,False,15,True,True,2026-10-05T16:51:57+00:00
Kriel Jan,https://www.youtube.com/@KrielJan,,No,none,travel,14220,65600,Mid,,,,,,,,,UCaPCJLOP3_cxT-Mi1bTGoDw,30,0,14000,0.9,0.2168,True,False,ebook,,0.5,manual,https://www.youtube.com/watch?v=zWwTPd6ACjQ,https://www.youtube.com/watch?v=WP1cOgI4xs0,monetized but missing at least one High criterion,False,15,True,True,2026-10-05T16:54:53+00:00
Aadarsh Dandriyal,https://www.youtube.com/@aadarshdandriyal,aadrsh.business01@gmail.com,No,affiliate_only,nutrition,27260,286000,Mid,,,,,,,,,UC5hW21ivlQRd7nid-_efVpg,6,1,14000,1.23,0.0953,True,False,amzn.to,,0.78,channel_description,https://www.youtube.com/watch?v=-HfVmDDTvLY,https://www.youtube.com/watch?v=h7RndATmNw4,monetized but missing at least one High criterion,False,15,True,True,2026-10-05T17:36:35+00:00
Girl vs Globe,https://www.youtube.com/@girlvsglobe,,No,affiliate_only,travel,37760,274000,Mid,,,,,,,,,UCz2LI2_XL-qi0EtdvhS0X7g,0,1096,14000,1.92,0.1378,True,False,amzn.to,,1.0,manual,https://www.youtube.com/watch?v=b-IGEniuWng,https://www.youtube.com/watch?v=JpjFtGCrlWs,one video is carrying the average; monetized but missing at least one High criterion,True,15,True,True,2026-10-05T17:55:06+00:00
Hey Nadine,https://www.youtube.com/@heynadine,nadinesykora@gmail.com,No,affiliate_only,travel,82466,510000,Mid,,,,,,,,,UCB-Ps5DdRsVAcml-Y43o7RQ,0,365,14000,0.69,0.1617,True,False,ebook; geni.us; affiliate,,0.86,video_description,https://www.youtube.com/watch?v=EyUMAgw3kC8,https://www.youtube.com/watch?v=dMCSxCQjCf4,one video is carrying the average; monetized but missing at least one High criterion,True,15,True,True,2026-10-05T17:57:20+00:00
LARA PONLE,https://www.youtube.com/@laraponle,laraldn1@icloud.com,Yes,coaching_or_program,travel,17426,27500,Mid,,,,,,,,,UCXBPPozFe0-TP5CG7j407tQ,3,2,14000,0.59,0.6337,True,False,acuityscheduling,,0.67,channel_description,https://www.youtube.com/watch?v=Q5m1niX-8Tg,https://www.youtube.com/watch?v=l_vAtvdiKx4,monetized but missing at least one High criterion,False,15,True,True,2026-10-05T18:05:53+00:00
,https://www.youtube.com/@ryanandkala,,No,affiliate_only,travel,18180,,Mid,,,,,,,,,,14,1,14000,1.29,,True,False,affiliate,,1.0,manual,https://www.youtube.com/watch?v=iLuguDdu6GU,https://www.youtube.com/watch?v=q6sCilVyAGw,monetized but missing at least one High criterion,False,15,True,True,2026-10-05T18:19:34+00:00
Hidden Spring Farm,https://www.youtube.com/@HiddenSpringFarm,thehiddenspringfarm@gmail.com,No,none,lifestyle_vlog,15333,229000,Mid,,,,,,,,,UCOzTI7HUxAuj4Ll79L3Igaw,30,0,13000,1.04,0.067,True,False,ebook,,0.67,channel_description,https://www.youtube.com/watch?v=ee4SKcgYD6o,https://www.youtube.com/watch?v=zG4yzuFx24w,monetized but missing at least one High criterion,False,15,True,True,2026-10-05T16:42:50+00:00
Brandon Carter,https://www.youtube.com/@HighLifeWorkout,,No,none,nutrition,22013,1270000,Mid,,,,,,,,,UCe072WU1CTmEZhkPS4bM6cQ,30,0,13000,0.61,0.0173,True,False,coaching,,0.25,manual,https://www.youtube.com/watch?v=iGqvRLlJVqs,https://www.youtube.com/watch?v=FCkBANuFVkA,views are low for the subscriber count; monetized but missing at least one High criterion,True,15,True,True,2026-10-05T16:42:58+00:00
MH Family Adventures (Cruise Travel),https://www.youtube.com/@MHFamilyAdventures,,No,none,travel,10945,43400,Mid,,,,,,,,,UC-vRARB9gfJq9PxnjeNfsYA,30,2,13000,0.77,0.2522,True,False,ebook,,1.0,manual,https://www.youtube.com/watch?v=g3rMi3NHwHg,https://www.youtube.com/watch?v=XogRMEyHDQ8,monetized but missing at least one High criterion,False,15,True,True,2026-10-05T16:59:40+00:00
Rick Steves' Europe,https://www.youtube.com/@RickStevesEuropeOfficial,,No,none,travel,16644,2089999,Mid,,,,,,,,,UCchgIh8Tc4sTmBfnMQ5pDdg,27,2,13000,2.41,0.008,True,False,program; ebook,,1.0,manual,https://www.youtube.com/watch?v=hOLn9ml3Yao,https://www.youtube.com/watch?v=Ec35nHno-ZM,views are low for the subscriber count; monetized but missing at least one High criterion,True,15,True,True,2026-10-05T17:13:11+00:00
Tom Beckles,https://www.youtube.com/@TomBeckles,,Yes,coaching_or_program,nutrition,19653,542000,Mid,,,,,,,,,UCbZmj05J9w8jHUgCmj1Xdcw,5,7,13000,1.58,0.0363,True,False,calendly.com; coaching,,0.33,manual,https://www.youtube.com/watch?v=Ceyd8ULzsrs,https://www.youtube.com/watch?v=ZZEQypQGDBc,monetized but missing at least one High criterion,False,15,True,True,2026-10-05T17:27:32+00:00
nataliejion,https://www.youtube.com/@nataliejion,natalie@sparkmedia.la,No,none,lifestyle_vlog,40706,20000,Mid,,,,,,,,,UC9N7LoUG8eYNWDTAzUWWQ5A,9,4,13000,0.35,2.0353,False,False,,,0.86,channel_description,https://www.youtube.com/watch?v=9SfjACZFGqQ,https://www.youtube.com/watch?v=XDlWAtCs464,"one video is carrying the average; no monetization found, check link hubs and the About page by hand",True,15,True,True,2026-10-05T18:13:45+00:00
Nick Manning Author,https://www.youtube.com/@NickManningAuthor,,No,none,finance,30287,5730,Mid,,,,,,,,,UCAcQ9j5-TH9bmUtKIs7OT5Q,0,730,12500,15.0,5.2857,True,False,course; ebook,,1.0,manual,https://www.youtube.com/watch?v=tDjtQsBdn_U,https://www.youtube.com/watch?v=tDjtQsBdn_U,one video is carrying the average; monetized but missing at least one High criterion,True,10,True,True,2026-10-05T17:06:14+00:00
Amethyst Juliet,https://www.youtube.com/@Amethystjuliet,amethystjuliet@blackbulb.com,No,affiliate_only,lifestyle_vlog,16013,46300,Mid,,,,,,,,,UCVOURtJkdbNO80OvxlBt2Rw,22,1,12000,1.42,0.3459,True,False,amazon.com/shop,,0.86,channel_description,https://www.youtube.com/watch?v=gFNBbJufEvI,https://www.youtube.com/watch?v=V0kO2m0kWGA,monetized but missing at least one High criterion,False,15,True,True,2026-10-05T16:19:48+00:00
English with Brittany,https://www.youtube.com/@EnglishwithBrittany,,Yes,digital_product,lifestyle_vlog,21726,427000,Mid,,,,,,,,,UCRjkwjGTRyaXll4F-ywMQMg,6,3,12000,2.1,0.0509,True,False,teachable.com,,0.5,manual,https://www.youtube.com/watch?v=7NtyAyzD8HA,https://www.youtube.com/watch?v=o524SXmjFYk,monetized but missing at least one High criterion,False,15,True,True,2026-10-05T16:34:40+00:00
Flow High Performance,https://www.youtube.com/@FlowHighPerformance1,,No,none,fitness,12253,259000,Mid,,,,,,,,,UCSiKFGDpfCICQDfmxxjDvsg,11,3,12000,2.34,0.0473,True,False,course; program; coaching; template; ebook,,1.0,manual,https://www.youtube.com/watch?v=w1bmsRxQpcQ,https://www.youtube.com/watch?v=KnC573PnGBA,monetized but missing at least one High criterion,False,15,True,True,2026-10-05T16:38:35+00:00
Imogen Horton,https://www.youtube.com/@Imogenhorton.,,No,none,travel,13853,410000,Mid,,,,,,,,,UC8_ESAUsL0xXWNPHdHZDsqA,11,2,12000,0.67,0.0338,True,False,ebook,,1.0,manual,https://www.youtube.com/watch?v=0_OjBtD0A3o,https://www.youtube.com/watch?v=o5QWkVWAJi4,monetized but missing at least one High criterion,False,15,True,True,2026-10-05T16:45:21+00:00
Tar Mar,https://www.youtube.com/@TarMarz,telltarmar@gmail.com,No,affiliate_only,lifestyle_vlog,14526,156000,Mid,,,,,,,,,UCfpvDwxlR_VeApVep4hhwUA,5,28,12000,1.22,0.0931,True,False,work with me; affiliate,,1.0,channel_description,https://www.youtube.com/watch?v=5QNzoPz6aI0,https://www.youtube.com/watch?v=ZYXJsALqOro,monetized but missing at least one High criterion,False,15,True,True,2026-10-05T17:20:29+00:00
TayyLiz,https://www.youtube.com/@TayyLiz,,No,sponsors_only,lifestyle_vlog,24813,30900,Mid,,,,,,,,,UCyn67AoKq4U1ot6DHNBxieA,13,3,12000,3.56,0.803,True,True,sponsor read,,0.64,manual,https://www.youtube.com/watch?v=Gi8g54oXgTw,https://www.youtube.com/watch?v=2WxzX2W_BcE,one video is carrying the average; monetized but missing at least one High criterion,True,15,True,True,2026-10-05T17:21:17+00:00
FITSARA,https://www.youtube.com/@fitsarax,sezzy@pathtalent.co,No,sponsors_only,fitness,11180,24300,Mid,,,,,,,,,UCeFS5J_O59dUTUjHVxIoiAA,8,7,12000,3.48,0.4601,True,True,coaching; sponsor read; link hub: beacons.ai,,0.69,channel_description,https://www.youtube.com/watch?v=7hkRcr7WBFY,https://www.youtube.com/watch?v=ppyXN0S2Png,monetized but missing at least one High criterion,False,15,True,True,2026-10-05T17:53:11+00:00
Brandon’s Travel Guides,https://www.youtube.com/@BrandonsTravelGuides,,No,none,travel,11244,36500,Mid,,,,,,,,,UC9rNVQgfCStGFlZmUk8nAxA,4,11,11000,0.06,0.3081,True,False,ebook,,0.89,manual,https://www.youtube.com/watch?v=kbFIZaS09-g,https://www.youtube.com/watch?v=dKiZOIOzVMI,monetized but missing at least one High criterion,False,15,True,True,2026-10-05T16:23:52+00:00
The Movement System,https://www.youtube.com/@TheMovementSystem,,No,affiliate_only,fitness,31506,247000,Mid,,,,,,,,,UCNtTZc6bcWyzkn-eXGqYjlg,6,12,11000,0.96,0.1276,True,False,course; program; ebook; amazon.com/shop; affiliate,,1.0,manual,https://www.youtube.com/watch?v=2znFmQol0uQ,https://www.youtube.com/watch?v=xeR4RprByc4,one video is carrying the average; monetized but missing at least one High criterion,True,15,True,True,2026-10-05T17:24:10+00:00
DannyVlogsTravels,https://www.youtube.com/@dannyvlogstravels,,No,none,lifestyle_vlog,10606,12400,Mid,,,,,,,,,UCfE_4pVfCn6vJc-jTt9NSwg,27,1,11000,1.07,0.8553,True,False,ebook,,0.67,manual,https://www.youtube.com/watch?v=zobRvcfa3IU,https://www.youtube.com/watch?v=GmGTQ5i8oNE,monetized but missing at least one High criterion,False,15,True,True,2026-10-05T17:48:18+00:00
Eat Sleep Disney,https://www.youtube.com/@eatsleepdisneyparks,,No,affiliate_only,travel,20780,37200,Mid,,,,,,,,,UCHXLx_WGu4zQAq4fLVurzfA,13,1,11000,0.99,0.5586,True,False,ebook; affiliate,,0.8,manual,https://www.youtube.com/watch?v=3CqOxpWliQY,https://www.youtube.com/watch?v=yZCehZmCcbs,monetized but missing at least one High criterion,False,15,True,True,2026-10-05T17:49:54+00:00
elitefts,https://www.youtube.com/@eliteftsofficial,,No,none,fitness,12972,225000,Mid,,,,,,,,,UCSo2azieL7E7uzkXGvEeMSw,30,3,11000,0.78,0.0577,True,False,program; coaching,$255,1.0,manual,https://www.youtube.com/watch?v=S49ZHP5kotw,https://www.youtube.com/watch?v=RMdjsCb57p8,monetized but missing at least one High criterion,False,15,True,True,2026-10-05T17:50:28+00:00
Johnnyfied,https://www.youtube.com/@johnnyfied1,,No,affiliate_only,travel,50180,4740,Mid,,,,,,,,,UC19dQvmO18WaO87r0nQ-lgQ,1,10,11000,0.57,10.5865,True,False,ebook; amzn.to,,0.83,manual,https://www.youtube.com/watch?v=-XbTVrgHyWo,https://www.youtube.com/watch?v=HgeB7BGZN6Y,one video is carrying the average; monetized but missing at least one High criterion,True,15,True,True,2026-10-05T18:02:09+00:00
Oliver Scott,https://www.youtube.com/@oliverscott4865,,No,affiliate_only,tech,21033,759,Mid,,,,,,,,,UCp-dhX1jjjwW8j3hwamNiIQ,0,1826,11000,0.69,27.7115,True,False,amzn.to,,0.73,manual,https://www.youtube.com/watch?v=44FRQmF3Usg,https://www.youtube.com/watch?v=fNpLygCMF6o,monetized but missing at least one High criterion,False,15,True,True,2026-10-05T18:15:51+00:00
1st Phorm,https://www.youtube.com/@1stphorm,,No,none,fitness,40320,224000,Mid,,,,,,,,,UCYP3SNRRm0Z_NQhkoVOmI0A,13,3,10000,1.09,0.18,True,False,ebook,,1.0,manual,https://www.youtube.com/watch?v=UKAwZYhJxl0,https://www.youtube.com/watch?v=kHbj_9W3VQ8,one video is carrying the average; monetized but missing at least one High criterion,True,15,True,True,2026-10-05T16:15:44+00:00
Cruise Blog,https://www.youtube.com/@CruiseBlogGuide,,No,none,travel,12200,57100,Mid,,,,,,,,,UCzI9il-9bym9W-vK5L5ry-Q,12,2,10000,3.24,0.2137,True,False,ebook,,0.85,manual,https://www.youtube.com/watch?v=9sKK84qQKZA,https://www.youtube.com/watch?v=44RN3Azxkvk,monetized but missing at least one High criterion,False,15,True,True,2026-10-05T16:29:24+00:00
Flow with Mira,https://www.youtube.com/@FlowWithMira,,No,none,fitness,17686,343000,Mid,,,,,,,,,UCxrJB59UeLWn_OHUfSkOpLA,14,0,10000,1.12,0.0516,True,False,program,,0.75,manual,https://www.youtube.com/watch?v=Nq_G3CCtvn8,https://www.youtube.com/watch?v=6ZD4d3_q9Ns,monetized but missing at least one High criterion,False,15,True,True,2026-10-05T16:38:43+00:00
Luxscape,https://www.youtube.com/@Luxscapes,luxscape.yt@gmail.com,No,none,travel,18846,41200,Mid,,,,,,,,,UCsmPrJYnenFvCJkbgaM1zug,10,1,10000,1.79,0.4574,False,False,,,1.0,channel_description,https://www.youtube.com/watch?v=zDdz2f-g7b4,https://www.youtube.com/watch?v=usKyZO8-k9U,"no monetization found, check link hubs and the About page by hand",True,15,True,True,2026-10-05T16:59:32+00:00
Gorden & Martha Dove,https://www.youtube.com/@gordenmarthadove122,,No,none,lifestyle_vlog,13613,625000,Mid,,,,,,,,,UC2IRQJ8VFWjGKwi5AZWScwg,4,6,10000,1.42,0.0218,True,False,ebook,,0.43,manual,https://www.youtube.com/watch?v=TdC5dxDxXF4,https://www.youtube.com/watch?v=5KVxPdWxGCo,views are low for the subscriber count; monetized but missing at least one High criterion,True,15,True,True,2026-10-05T17:55:15+00:00
Haley Cordova,https://www.youtube.com/@haleycordova,,No,none,fitness,11933,21800,Mid,,,,,,,,,UChwrsekJt8SDSczjVtZsZEw,11,1,10000,0.92,0.5474,True,False,coaching; link hub: linktr.ee,,0.64,manual,https://www.youtube.com/watch?v=wxhNRh6IerI,https://www.youtube.com/watch?v=79NIMNfdZBA,monetized but missing at least one High criterion,False,15,True,True,2026-10-05T17:55:40+00:00
Umar Tazkeer,https://www.youtube.com/@UmarTazkeer,umar@umartazkeer.com,No,none,tech,14486,624000,Mid,,,,,,,,,UCnqtMFtOv3AKCAhyEYtSXiA,30,0,9900,0.68,0.0232,True,False,course; ebook; link hub: linktr.ee,,0.5,channel_description,https://www.youtube.com/watch?v=OPSvauw9NU0,https://www.youtube.com/watch?v=F-p5k_iyemw,views are low for the subscriber count; monetized but missing at least one High criterion,True,15,True,True,2026-10-05T17:31:47+00:00
Wandering and Beyond,https://www.youtube.com/@WanderingandBeyond,,No,none,travel,11960,6860,Mid,,,,,,,,,UCpeooq81lwhYEgSSutAJMRQ,26,1,9900,0.8,1.7434,True,False,ebook,,1.0,manual,https://www.youtube.com/watch?v=zRm_UTst6l4,https://www.youtube.com/watch?v=zR4M5m6mmGM,monetized but missing at least one High criterion,False,15,True,True,2026-10-05T17:33:30+00:00
Bailey O'Brien,https://www.youtube.com/@baileyobrienn,,No,none,fitness,11480,13400,Mid,,,,,,,,,UCl74WxKlVJYtgiDSXBESSLw,17,7,9700,1.8,0.8567,True,False,program,,0.7,manual,https://www.youtube.com/watch?v=nX62Aqd3qJ8,https://www.youtube.com/watch?v=VBT-I4HBQU4,monetized but missing at least one High criterion,False,15,True,True,2026-10-05T17:41:12+00:00
Danny Street Workout,https://www.youtube.com/@dannystreetworkout,,No,none,fitness,10513,31200,Mid,,,,,,,,,UCFPzOIlF0nt3_pN45-jIUeA,15,2,9700,0.8,0.337,False,False,,,0.93,manual,https://www.youtube.com/watch?v=j-o8NUQpO2c,https://www.youtube.com/watch?v=c0ARUMUnQhM,"no monetization found, check link hubs and the About page by hand",True,15,True,True,2026-10-05T17:48:09+00:00
The Park Prodigy,https://www.youtube.com/@TheParkProdigy,,No,none,travel,9846,29900,Mid,,,,,,,,,UCf-HEw9RbtOLbEqhSwnJxSw,28,1,9600,3.56,0.3293,True,False,ebook,,0.57,manual,https://www.youtube.com/watch?v=Is2GSIw0jsM,https://www.youtube.com/watch?v=hP_yhK1_jx4,monetized but missing at least one High criterion,False,15,True,True,2026-10-05T17:24:20+00:00
Travelling Light,https://www.youtube.com/@TravellingLightLisa,,No,none,travel,19540,13000,Mid,,,,,,,,,UCefg78PeDRn_Zh0Ad9nIWaA,14,3,9600,0.81,1.5031,True,False,ebook,,0.83,manual,https://www.youtube.com/watch?v=L7UNbIMIu2o,https://www.youtube.com/watch?v=yN_MSZZWIew,one video is carrying the average; monetized but missing at least one High criterion,True,15,True,True,2026-10-05T17:30:09+00:00
Ashley Porter,https://www.youtube.com/@heyashleynoel,ashleyhuze@gmail.com,Yes,community_or_membership,food,9173,298000,Mid,,,,,,,,,UCtORm5RSK9MWrmUBbb8MOkA,4,8,9400,1.15,0.0308,True,False,patreon.com,,0.5,channel_description,https://www.youtube.com/watch?v=f8Ykw80PUco,https://www.youtube.com/watch?v=zB0kcFDYdvM,monetized but missing at least one High criterion,False,15,True,True,2026-10-05T17:57:12+00:00
Yellow Productions,https://www.youtube.com/@YellowProductions,chris@yellow-productions.com,Yes,merch,travel,12700,436000,Mid,,,,,,,,,UCw8_bi1G4duPevdfktipGOA,26,4,9250,1.03,0.0291,True,False,merch; ebook; amzn.to,,0.5,video_description,https://www.youtube.com/watch?v=R9ajxHciXL4,https://www.youtube.com/watch?v=ZjeG3_dpfvM,views are low for the subscriber count; monetized but missing at least one High criterion,True,15,True,True,2026-10-05T17:34:47+00:00
Nick Gray,https://www.youtube.com/@nickgray,,No,affiliate_only,travel,20480,18900,Mid,,,,,,,,,UCT2OYAQvuEJPMr1-2MeYXpw,2,30,9200,3.93,1.0836,True,False,amzn.to,,0.9,manual,https://www.youtube.com/watch?v=kVOIA8oKk1k,https://www.youtube.com/watch?v=GqP3Y3vWo2s,one video is carrying the average; monetized but missing at least one High criterion,True,15,True,True,2026-10-05T18:14:32+00:00
Extraordinarily Ordinary ASMR,https://www.youtube.com/@ExtraordinarilyOrdinaryASMR,EOASMR7@gmail.com,No,none,travel,11460,5350,Mid,,,,,,,,,UCCbFDihTsGlId6Hr3s8Epvw,13,6,9100,0.76,2.1421,False,False,,,0.8,channel_description,https://www.youtube.com/watch?v=L6zJlDXkOg4,https://www.youtube.com/watch?v=-B6EhgsynQM,"no monetization found, check link hubs and the About page by hand",True,15,True,True,2026-10-05T16:35:57+00:00
Trip Astute,https://www.youtube.com/@TripAstute,,No,none,travel,26946,41700,Mid,,,,,,,,,UCRwWV_RH0LNZ-JmyjeJ4Prg,0,2192,9100,1.22,0.6462,True,False,ebook,,1.0,manual,https://www.youtube.com/watch?v=cFuZ3Q6xdGM,https://www.youtube.com/watch?v=XKdqpm3Skdo,one video is carrying the average; monetized but missing at least one High criterion,True,15,True,True,2026-10-05T17:31:08+00:00
Katherine Ferreira,https://www.youtube.com/@Kathyftravels,,No,affiliate_only,travel,8544,579,Mid,,,,,,,,,UCCEkweMbUu0my1TUaN8IRYg,1,28,8800,0.56,14.7565,True,True,ebook; amazon.com/shop; geni.us; affiliate; sponsor read,,0.91,manual,https://www.youtube.com/watch?v=prYq0IpwZ-E,https://www.youtube.com/watch?v=cdsFLaP_gvU,monetized but missing at least one High criterion,False,13,True,True,2026-10-05T16:53:31+00:00
Touring With Riva,https://www.youtube.com/@TouringWithRiva,,No,none,travel,10093,14700,Mid,,,,,,,,,UCwiUYyuLkezlNI9ByvmmLJw,16,7,8700,1.69,0.6866,True,False,ebook; link hub: linktr.ee,,0.5,manual,https://www.youtube.com/watch?v=bQxco1g7CKo,https://www.youtube.com/watch?v=RnQ97Q5rfh8,monetized but missing at least one High criterion,False,15,True,True,2026-10-05T17:28:25+00:00
The Kershaws Adventures,https://www.youtube.com/@TheKershawsAdventures,,No,none,travel,11073,19000,Mid,,,,,,,,,UCimmjwskY0qeqnOs2twDtzA,11,3,8600,0.86,0.5828,True,False,ebook,,0.5,manual,https://www.youtube.com/watch?v=qUNuFhjFtR8,https://www.youtube.com/watch?v=K2TfmPn3cLY,monetized but missing at least one High criterion,False,15,True,True,2026-10-05T17:23:08+00:00
Olivia Jarvis,https://www.youtube.com/@OliviaJarvis,,No,none,fitness,10806,220000,Mid,,,,,,,,,UCT_zBuov4XAjFNY8_IukiYA,10,6,8500,1.26,0.0491,True,False,ebook,,0.5,manual,https://www.youtube.com/watch?v=WbGoQ7xUNYU,https://www.youtube.com/watch?v=WO7wKUFpeYc,monetized but missing at least one High criterion,False,15,True,True,2026-10-05T17:08:27+00:00
Maria & Olivia,https://www.youtube.com/@MariaOliviaTravel,,No,affiliate_only,travel,11674,9410,Mid,,,,,,,,,UCXOdNPwEb9y4QU1_FVJaiWA,3,21,8400,2.2,1.2406,True,True,affiliate; sponsor read,,0.9,manual,https://www.youtube.com/watch?v=14JNMYp3y7s,https://www.youtube.com/watch?v=v07tgW8ikIs,monetized but missing at least one High criterion,False,15,True,True,2026-10-05T17:00:46+00:00
Ozzie – Educational Videos For Kids,https://www.youtube.com/@OzzieForKids,,Yes,merch,finance,39780,151000,Mid,,,,,,,,,UCqP9NRMs8Ndda4tidpAuajQ,17,1,8400,0.76,0.2634,True,False,merch; ebook,,0.5,manual,https://www.youtube.com/watch?v=xbyEMxWTjgE,https://www.youtube.com/watch?v=xbyEMxWTjgE,one video is carrying the average; monetized but missing at least one High criterion,True,15,True,True,2026-10-05T17:09:21+00:00
Cass Spinelli,https://www.youtube.com/@CassSpinelli,cassspinelli@thesociablesociety.com,No,affiliate_only,travel,10426,35700,Mid,,,,,,,,,UC097e-kmlYTxjoa5vtRTWVw,5,28,8300,1.18,0.292,True,False,amazon.com/shop; ltk.,,0.47,video_description,https://www.youtube.com/watch?v=2Hz3v6gwr6s,https://www.youtube.com/watch?v=rKACoNFLlow,monetized but missing at least one High criterion,False,15,True,True,2026-10-05T16:26:53+00:00
Mia Wootton,https://www.youtube.com/@miawootton,mia@sharptalent.co.uk,No,none,lifestyle_vlog,8260,24100,Mid,,,,,,,,,UCRBzlptd2GSWog8USV-ITBA,15,7,8200,1.11,0.3427,True,False,course,,0.55,channel_description,https://www.youtube.com/watch?v=lzIjd_kML1s,https://www.youtube.com/watch?v=hVZ26mFrpxk,monetized but missing at least one High criterion,False,15,True,True,2026-10-05T18:10:43+00:00
Rogue Fitness,https://www.youtube.com/@roguefitness,,No,none,fitness,68733,1020000,Mid,,,,,,,,,UCXTo3dt8TiauxltUe2HJdhg,5,14,8150,,0.0674,True,False,ebook,,0.75,manual,https://www.youtube.com/watch?v=uEcyF_oY4l4,https://www.youtube.com/watch?v=bk-KiWKDnhs,one video is carrying the average; monetized but missing at least one High criterion,True,6,True,True,2026-10-05T18:19:06+00:00
James Smith,https://www.youtube.com/@JamesSmithBusiness,,No,lead_magnet_only,fitness,14153,61600,Mid,,,,,,,,,UCfELpcdi_Oe9aZpGuvPB0ug,13,1,7900,1.33,0.2298,True,False,course; mentorship; work with me; template; free lead magnet,$99,0.33,manual,https://www.youtube.com/watch?v=AZkiB7hAtPo,https://www.youtube.com/watch?v=-HxLLq8nDz8,monetized but missing at least one High criterion,False,15,True,True,2026-10-05T16:47:06+00:00
Brianna Woodbine,https://www.youtube.com/@BriannaWoodbine,briannawoodbine@gmail.com,No,affiliate_only,travel,11713,22900,Mid,,,,,,,,,UCq1CPFYNjB1PXUhIg7PJalg,18,0,7700,2.95,0.5115,True,False,amazon.com/shop; link hub: linktr.ee,,0.47,channel_description,https://www.youtube.com/watch?v=5KRaKuDvpvs,https://www.youtube.com/watch?v=viwe6XsePr8,monetized but missing at least one High criterion,False,15,True,True,2026-10-05T16:24:24+00:00
Eliza and Shania,https://www.youtube.com/@elizaandshania,elizaandshania@gmail.com,No,none,travel,16380,16300,Mid,,,,,,,,,UCfxjTT4z9qsrPxrhVDxhDTA,7,5,7700,0.75,1.0049,True,False,course,,0.55,video_description,https://www.youtube.com/watch?v=oEDfXPdsxLg,https://www.youtube.com/watch?v=7d3M3ou7Zyc,one video is carrying the average; monetized but missing at least one High criterion,True,15,True,True,2026-10-05T17:50:36+00:00
Travel Advisor,https://www.youtube.com/@traveladvisor.,,No,none,travel,10193,53900,Mid,,,,,,,,,UCHPYgB2GUSRKGvHvfNrU2jA,0,122,7700,0.96,0.1891,True,False,ebook,,0.9,manual,https://www.youtube.com/watch?v=jTQz-Opk6tI,https://www.youtube.com/watch?v=Kcfwa4mGWGw,monetized but missing at least one High criterion,False,15,True,True,2026-10-05T18:29:35+00:00
Your Guides Abroad,https://www.youtube.com/@YourGuidesAbroad,,No,affiliate_only,travel,11706,33600,Mid,,,,,,,,,UCnCfxzaeQ9eKJq4ZoePFo_w,6,9,7600,2.89,0.3484,True,False,amzn.to; free lead magnet,,0.67,manual,https://www.youtube.com/watch?v=g3rDeJAo59A,https://www.youtube.com/watch?v=UJob7mOMmuM,monetized but missing at least one High criterion,False,15,True,True,2026-10-05T17:35:17+00:00
Dr Hayley Stainton | Tourism Teacher,https://www.youtube.com/@TourismTeacher,drhayleystainton@tourismteacher.com,Yes,community_or_membership,travel,15413,46000,Mid,,,,,,,,,UCodET6rHJrIAXAi2MSs7PQw,0,91,7500,0.71,0.3351,True,False,patreon.com; mentorship; work with me; ebook; affiliate; free lead magnet,,1.0,video_description,https://www.youtube.com/watch?v=CleG0uDj6lQ,https://www.youtube.com/watch?v=jg_FecEktX0,one video is carrying the average; monetized but missing at least one High criterion,True,15,True,True,2026-10-05T17:28:34+00:00
Adelle,https://www.youtube.com/@adellecerna,adellecerna@gmail.com,No,affiliate_only,travel,15000,88200,Mid,,,,,,,,,UC6jUDzrGf5vKhc7bCdnPRDQ,14,5,7500,5.53,0.1701,True,False,affiliate,,0.5,channel_description,https://www.youtube.com/watch?v=WPUCZBwUzgo,https://www.youtube.com/watch?v=Bd2PuA0gBZ4,monetized but missing at least one High criterion,False,15,True,True,2026-10-05T17:37:13+00:00
STRIQfit,https://www.youtube.com/@STRIQfit,,Yes,coaching_or_program,fitness,37413,303000,Mid,,,,,,,,,UCxpO-f-ODJ5sWcd2WucMaKw,7,0,7400,2.04,0.1235,True,False,myshopify.com; program,,0.92,manual,https://www.youtube.com/watch?v=FLFc6um4yG8,https://www.youtube.com/watch?v=K_dv_KQVDt8,one video is carrying the average; monetized but missing at least one High criterion,True,15,True,True,2026-10-05T17:15:40+00:00
Taylor Atwood,https://www.youtube.com/@TaylorAtwoodpl,,No,none,fitness,7680,20200,Mid,,,,,,,,,UCkEEAzHsnldHtIK0CBEuozg,0,122,7200,0.45,0.3802,True,False,program,,0.83,manual,https://www.youtube.com/watch?v=kxTbCDot7lE,https://www.youtube.com/watch?v=ZUAgha2fWHk,monetized but missing at least one High criterion,False,15,True,True,2026-10-05T17:20:56+00:00
Caitie June,https://www.youtube.com/@caitiejunefit,caitie.partnerships@gmail.com,No,affiliate_only,fitness,10560,204000,Mid,,,,,,,,,UCX-vH_SAY6DF6WFYrwwVXeA,19,1,7200,0.69,0.0518,True,False,amazon.com/shop; affiliate,,0.75,video_description,https://www.youtube.com/watch?v=zaD6ezECaCk,https://www.youtube.com/watch?v=aZjI5i-s_ug,monetized but missing at least one High criterion,False,15,True,True,2026-10-05T17:44:46+00:00
The Holiday Expert Show,https://www.youtube.com/@holidayexpertshow,,No,none,travel,7091,1750,Mid,,,,,,,,,UCYkkCM5ktWsG6FruOoiPZ6g,13,5,7150,0.91,4.052,False,False,,,1.0,manual,https://www.youtube.com/watch?v=QtwRqGoVIFE,https://www.youtube.com/watch?v=E5Af_puR8ok,"no monetization found, check link hubs and the About page by hand",True,12,True,True,2026-10-05T17:57:37+00:00
Mia Bibi,https://www.youtube.com/@miakhannn,mia@connectmgt.com,No,affiliate_only,lifestyle_vlog,9760,45300,Mid,,,,,,,,,UCuXy_6MP7IeZd8clixxxvmg,7,6,7000,2.58,0.2155,True,False,ltk.,,0.6,channel_description,https://www.youtube.com/watch?v=Td9A2ElWEvc,https://www.youtube.com/watch?v=eyTqlvYoy-g,monetized but missing at least one High criterion,False,15,True,True,2026-10-05T18:10:35+00:00
Daily Routine,https://www.youtube.com/@dailyroutine4051,,No,none,lifestyle_vlog,6960,385000,Mid,,,,,,,,,UCVWIzERaiLX1UUT9WQ23lXA,21,1,6800,1.11,0.0181,False,False,,,0.78,manual,https://www.youtube.com/watch?v=g7n0yzuBoZo,https://www.youtube.com/watch?v=0-xqTD64vdM,"views are low for the subscriber count; no monetization found, check link hubs and the About page by hand",True,15,True,True,2026-10-05T17:47:43+00:00
Haute Retreats,https://www.youtube.com/@HauteRetreats,,No,none,travel,6200,2510,Mid,,,,,,,,,UCaFfSIFZOhlbZHbQY2eaGIA,1,30,6750,,2.4701,True,False,ebook,,0.75,manual,https://www.youtube.com/watch?v=wE20HYfDLMw,https://www.youtube.com/watch?v=wE20HYfDLMw,monetized but missing at least one High criterion,False,6,True,True,2026-10-05T16:41:54+00:00
Robbie Roams,https://www.youtube.com/@robbieroams,,No,none,travel,11846,48100,Mid,,,,,,,,,UCuw0eGNFUVLCWXKSux7v_YQ,14,1,6700,0.8,0.2463,True,False,ebook,,0.9,manual,https://www.youtube.com/watch?v=sJJHDrlHZRM,https://www.youtube.com/watch?v=0k4NwrfYVVs,monetized but missing at least one High criterion,False,15,True,True,2026-10-05T18:18:56+00:00
ELYK.,https://www.youtube.com/@BYELYK,kylerokoth@gmail.com,No,none,lifestyle_vlog,30007,18700,Mid,,,,,,,,,UCppWsRbzW3WfgssFL8rrxyw,4,30,6500,0.32,1.6047,False,False,,,0.8,channel_description,https://www.youtube.com/watch?v=ssDfY7-tnEw,https://www.youtube.com/watch?v=N3hubWcdt7E,"one video is carrying the average; no monetization found, check link hubs and the About page by hand",True,15,True,True,2026-10-05T16:21:38+00:00
Manifesting Our Way,https://www.youtube.com/@ManifestingOurWay,,No,none,travel,76193,24900,Mid,,,,,,,,,UCrBbEzUwKCvIYE7_wUt5hTQ,0,152,6500,8.41,3.06,True,False,course; link hub: linktr.ee,,0.79,manual,https://www.youtube.com/watch?v=3aGfD6mJJR0,https://www.youtube.com/watch?v=ptsZxAbVV5A,one video is carrying the average; monetized but missing at least one High criterion,True,15,True,True,2026-10-05T17:00:30+00:00
Riley Kristine,https://www.youtube.com/@rileykristine,,No,sponsors_only,fitness,8033,23500,Mid,,,,,,,,,UCSsLzOKRYmOt5SzD79OhL5A,9,10,6500,1.28,0.3418,True,True,program; coaching; sponsor read; link hub: komi.io,,0.33,manual,https://www.youtube.com/watch?v=akc5UEDPtfk,https://www.youtube.com/watch?v=2WJCBxPWDZ0,monetized but missing at least one High criterion,False,15,True,True,2026-10-05T18:18:38+00:00
Nate Murphy,https://www.youtube.com/@NateMurphy,,No,lead_magnet_only,travel,27453,478000,Mid,,,,,,,,,UCQUpY4R-0N_pHmbCX2I4WPA,10,1,6300,0.88,0.0574,True,False,course; free lead magnet,,0.43,manual,https://www.youtube.com/watch?v=d86dlSh4hmM,https://www.youtube.com/watch?v=FIKL5kGZaU0,one video is carrying the average; monetized but missing at least one High criterion,True,15,True,True,2026-10-05T17:05:27+00:00
Keith & Dev,https://www.youtube.com/@KeithandDev,,No,affiliate_only,food,8743,29100,Mid,,,,,,,,,UCIrt93medU86KD1Cyh9TVfQ,11,1,6200,0.62,0.3004,True,False,amzn.to,,0.82,manual,https://www.youtube.com/watch?v=BJqhZvxwmXY,https://www.youtube.com/watch?v=wY8GT7aXw0w,monetized but missing at least one High criterion,False,15,True,True,2026-10-05T16:54:20+00:00
See More Seas Cruises!,https://www.youtube.com/@seemoreseascruises3791,contact@seemoresea.com,No,affiliate_only,travel,11926,16400,Mid,,,,,,,,,UCDwD0EYzLBOoWiwuSr3Lvaw,4,14,6200,0.95,0.7272,True,False,ebook; amazon.com/shop,,1.0,video_description,https://www.youtube.com/watch?v=GcUckV3KnIw,https://www.youtube.com/watch?v=mSDKxn1o87s,monetized but missing at least one High criterion,False,15,True,True,2026-10-05T18:20:59+00:00
Dr. Swole,https://www.youtube.com/@DrSwole,,Yes,course,fitness,7823,311000,Mid,,,,,,,,,UCUIe8bnLLrKl4GDlz4whfIw,3,21,6100,2.29,0.0252,True,False,thinkific.com; course; program; ebook; e-book; affiliate,,1.0,manual,https://www.youtube.com/watch?v=0vLkbUVqv_4,https://www.youtube.com/watch?v=8NqwdiwL5iM,views are low for the subscriber count; monetized but missing at least one High criterion,True,15,True,True,2026-10-05T16:33:06+00:00
Runs with Emily,https://www.youtube.com/@Runswithemily,,No,none,running_endurance,11553,21100,Mid,,,,,,,,,UCwruCvMkagQTTZKXUOqfB3w,8,5,6000,0.54,0.5475,False,False,,,0.87,manual,https://www.youtube.com/watch?v=LQml5laH1YA,https://www.youtube.com/watch?v=DQbwOJOyPsY,"no monetization found, check link hubs and the About page by hand",True,15,True,True,2026-10-05T17:15:04+00:00
The Royalty Adventure,https://www.youtube.com/@Theroyaltyadventure,,No,affiliate_only,travel,6836,14000,Mid,,,,,,,,,UCtgZDoH0Rl4EDMJWY1rnKRw,28,3,5900,2.8,0.4883,True,False,ebook; amzn.to,,0.91,manual,https://www.youtube.com/watch?v=iM8Wb2D119g,https://www.youtube.com/watch?v=8ei---2k3PE,monetized but missing at least one High criterion,False,15,True,True,2026-10-05T17:26:35+00:00
Tourist Kat,https://www.youtube.com/@TouristKate,,No,none,travel,8873,1850,Mid,,,,,,,,,UCriU63iJdUhW5roBlRgiiwA,10,3,5900,2.35,4.7962,False,False,,,1.0,manual,https://www.youtube.com/watch?v=1EU_ewAcsIc,https://www.youtube.com/watch?v=1EU_ewAcsIc,"no monetization found, check link hubs and the About page by hand",True,15,True,True,2026-10-05T17:28:42+00:00
Anna Klem,https://www.youtube.com/@annadawnphillips,,No,affiliate_only,travel,10186,18600,Mid,,,,,,,,,UC7ItJUnnQYf0JORMjnts_mQ,8,14,5800,2.53,0.5476,True,False,ltk.; link hub: linktr.ee,,0.75,manual,https://www.youtube.com/watch?v=xJWWHqGSbyk,https://www.youtube.com/watch?v=u2DJ8F4CALk,monetized but missing at least one High criterion,False,15,True,True,2026-10-05T17:39:19+00:00
Erin Confortini,https://www.youtube.com/@itserinconfortini,hello@erinconfortini.com,Yes,digital_product,finance,9080,29100,Mid,,,,,,,,,UC98e1G-VLAAt8x4rpfQ-Wpw,0,152,5800,2.12,0.312,True,False,stan.store; template; link hub: stan.store,,0.64,channel_description,https://www.youtube.com/watch?v=d1jtSIlC35E,https://www.youtube.com/watch?v=5H1H5qZ7rjk,monetized but missing at least one High criterion,False,15,True,True,2026-10-05T18:00:09+00:00
Bharti Yoga,https://www.youtube.com/@BhartiYoga,,No,none,fitness,6873,261000,Mid,,,,,,,,,UC030YhcxsiH86IA4ks9Cirg,4,4,5700,0.74,0.0263,True,False,ebook,,0.86,manual,https://www.youtube.com/watch?v=35xMTE6OKWE,https://www.youtube.com/watch?v=tm5yalVvEWY,views are low for the subscriber count; monetized but missing at least one High criterion,True,15,True,True,2026-10-05T16:22:46+00:00
CrossFit,https://www.youtube.com/@crossfit,,No,affiliate_only,fitness,9407,1790000,Mid,,,,,,,,,UCtcQ6TPwXAYgZ1Mcl3M1vng,19,2,5700,1.05,0.0053,True,False,course; program; coaching; affiliate,,1.0,manual,https://www.youtube.com/watch?v=ULik-24GL4Y,https://www.youtube.com/watch?v=Etz9IrGPE74,views are low for the subscriber count; monetized but missing at least one High criterion,True,13,True,True,2026-10-05T17:47:17+00:00
Benidorm by Ana,https://www.youtube.com/@BenidormbyAna,,No,none,travel,5653,25900,Mid,,,,,,,,,UCZOL4SHrFofhaBpxhwsJJCw,30,3,5500,0.67,0.2183,False,False,,,1.0,manual,https://www.youtube.com/watch?v=uYWbPlLkDCs,https://www.youtube.com/watch?v=hTw5259Cy3g,"no monetization found, check link hubs and the About page by hand",True,15,True,True,2026-10-05T16:22:31+00:00
Scott Burnhard,https://www.youtube.com/@ScottBurnhard,management@scottburnhard.com,Yes,merch,food,7502,568000,Mid,,,,,,,,,UCdoHSpmoR4XwmGMDZ4ZpYvw,14,30,5500,0.57,0.0132,True,True,merch; coaching; ebook; sponsor read,,0.5,channel_description,https://www.youtube.com/watch?v=vXwfbuPEk34,https://www.youtube.com/watch?v=2Bqn5gXmmAQ,views are low for the subscriber count; monetized but missing at least one High criterion,True,15,True,True,2026-10-05T17:16:03+00:00
Benidorm by Ana,https://www.youtube.com/channel/UCZOL4SHrFofhaBpxhwsJJCw,,No,none,travel,5653,25900,Mid,,,,,,,,,UCZOL4SHrFofhaBpxhwsJJCw,30,3,5500,0.67,0.2183,False,False,,,1.0,manual,https://www.youtube.com/watch?v=uYWbPlLkDCs,https://www.youtube.com/watch?v=hTw5259Cy3g,"no monetization found, check link hubs and the About page by hand",True,15,True,True,2026-10-05T18:35:31+00:00
Amayi Pernecia,https://www.youtube.com/@Amayipernecia,Ohsomayi@gmail.com,No,affiliate_only,lifestyle_vlog,5966,28100,Mid,,,,,,,,,UCYSvqtlIvuD4lm-K4n03qHQ,18,1,5400,1.06,0.2123,True,False,amazon.com/shop; ltk.,,0.88,channel_description,https://www.youtube.com/watch?v=jb3Vdii1Vdc,https://www.youtube.com/watch?v=nJoKZ_eNriU,monetized but missing at least one High criterion,False,15,True,True,2026-10-05T16:19:39+00:00
Tattooed Tourists,https://www.youtube.com/@Tattooed.Tourists,,No,none,lifestyle_vlog,6126,4150,Mid,,,,,,,,,UCvOEowg_JOu3kkcKws0tEkA,6,30,5300,1.42,1.4761,False,False,,,0.67,manual,https://www.youtube.com/watch?v=cAN2uAqg-QU,https://www.youtube.com/watch?v=cAN2uAqg-QU,"no monetization found, check link hubs and the About page by hand",True,15,True,True,2026-10-05T17:20:38+00:00
Bodybuilding.com,https://www.youtube.com/@bodybuildingcom,,No,none,fitness,7269,6050000,Mid,,,,,,,,,UC97k3hlbE-1rVN8y56zyEEA,13,9,5300,0.99,0.0012,False,False,,,0.78,manual,https://www.youtube.com/watch?v=Zbqd-hLjkcw,https://www.youtube.com/watch?v=nrc0_5Tl2xY,"views are low for the subscriber count; no monetization found, check link hubs and the About page by hand",True,13,True,True,2026-10-05T17:43:25+00:00
Your Experience Guide,https://www.youtube.com/@yourexperienceguide,,No,none,travel,4946,57100,Mid,,,,,,,,,UCxoz353ThuepJGY5YqebuxA,26,2,5300,1.54,0.0866,True,False,ebook,,1.0,manual,https://www.youtube.com/watch?v=bj9F099gKcY,https://www.youtube.com/watch?v=Hv1cxhrYzQY,monetized but missing at least one High criterion,False,15,True,True,2026-10-05T18:34:09+00:00
Ontario Road Tripping,https://www.youtube.com/@ontarioroadtripping,,No,none,travel,9915,19200,Mid,,,,,,,,,UCJm6aBdL-Yhy6TOrIQ3F_bg,14,4,5200,0.71,0.5164,False,False,link hub: linktr.ee,,0.8,manual,https://www.youtube.com/watch?v=X4GhaaCiPnY,https://www.youtube.com/watch?v=bj_ISmCITgw,"no monetization found, check link hubs and the About page by hand",True,15,True,True,2026-10-05T18:16:00+00:00
Opera News Kenya,https://www.youtube.com/@operanewskenya1447,,No,none,business,24612,3700,Mid,,,,,,,,,UC75s1TODIsQi6cpZPORxMcg,0,1461,5100,4.87,6.6519,True,False,ebook,,0.6,manual,https://www.youtube.com/watch?v=apc0P6hHh7o,https://www.youtube.com/watch?v=k2JOwb57gcY,one video is carrying the average; monetized but missing at least one High criterion,True,10,True,True,2026-10-05T18:16:08+00:00
Dejah Lanay,https://www.youtube.com/@dejahlanay,,No,sponsors_only,lifestyle_vlog,6433,530000,Mid,,,,,,,,,UCNRiVv0JgJQ6dQzFZc6PZvA,18,3,4900,1.56,0.0121,True,True,sponsor read,,0.38,manual,https://www.youtube.com/watch?v=f5jOc0LdLBw,https://www.youtube.com/watch?v=tZws3QbsLfQ,views are low for the subscriber count; monetized but missing at least one High criterion,True,15,True,True,2026-10-05T17:48:53+00:00
Erin Davila,https://www.youtube.com/@erinrdavila,,No,affiliate_only,travel,6113,7760,Mid,,,,,,,,,UCiabBhHiLDNy_vjkgypzvMA,15,0,4900,0.83,0.7878,True,False,amazon.com/shop; shopmy; link hub: linktr.ee,,0.73,manual,https://www.youtube.com/watch?v=2UjIQjXt6CE,https://www.youtube.com/watch?v=CFgHxzQ706U,monetized but missing at least one High criterion,False,15,True,True,2026-10-05T17:52:01+00:00
All Inclusive Reviews,https://www.youtube.com/@AllInclusiveReviews,,No,affiliate_only,travel,21464,14200,Mid,,,,,,,,,UClp-FK8xvANPhMflWDQbrIA,0,122,4800,3.05,1.5115,True,False,amzn.to,,0.75,manual,https://www.youtube.com/watch?v=7MbYL0ofhh4,https://www.youtube.com/watch?v=hPV6dpQUxNY,one video is carrying the average; monetized but missing at least one High criterion,True,12,True,True,2026-10-05T16:19:19+00:00
Hannah and Martin On The Globe,https://www.youtube.com/@HannahandMartinOnTheGlobe,,No,none,travel,5053,2890,Mid,,,,,,,,,UChWujAptynMvBf8Qa7v4X9w,18,1,4800,1.05,1.7484,True,False,ebook,"£20,",0.43,manual,https://www.youtube.com/watch?v=yeI9F_Ge4K0,https://www.youtube.com/watch?v=lWx_D-Wc20M,monetized but missing at least one High criterion,False,15,True,True,2026-10-05T16:41:30+00:00
Jodie M,https://www.youtube.com/@Jodie_Mo,Jodiemoyer22@gmail.com,No,affiliate_only,travel,20900,8510,Mid,,,,,,,,,UC5QXd9ITGjFR8GCWIRFuoaQ,28,1,4800,0.67,2.4559,True,False,amzn.to; amazon.com/shop,,0.67,channel_description,https://www.youtube.com/watch?v=lgu-DQNxPL4,https://www.youtube.com/watch?v=uwKv6wnRB1Q,one video is carrying the average; monetized but missing at least one High criterion,True,15,True,True,2026-10-05T16:50:16+00:00
jenevieve,https://www.youtube.com/@echoesofjen,jenevievets@gmail.com,No,none,lifestyle_vlog,9451,1960,Mid,,,,,,,,,UCkNu6R3N4c5PXglMuqF8GOw,8,30,4800,0.06,4.8219,True,False,work with me,,0.33,channel_description,https://www.youtube.com/watch?v=VmRt0dwB6G4,https://www.youtube.com/watch?v=foPrb_cfPXw,monetized but missing at least one High criterion,False,15,True,True,2026-10-05T17:50:01+00:00
JM Control,https://www.youtube.com/@jmcontrol6667,,No,none,fitness,9186,19800,Mid,,,,,,,,,UCB-unINGza5xhea3qQUfgzg,0,122,4800,1.41,0.4639,True,False,program; ebook,,1.0,manual,https://www.youtube.com/watch?v=kJGeQqtOf2Q,https://www.youtube.com/watch?v=qrQdaHqZ_-8,monetized but missing at least one High criterion,False,15,True,True,2026-10-05T18:02:00+00:00
All Inclusive Reviews,https://www.youtube.com/allinclusivereviews,,No,affiliate_only,travel,21464,14200,Mid,,,,,,,,,UClp-FK8xvANPhMflWDQbrIA,0,122,4800,3.05,1.5115,True,False,amzn.to,,0.75,manual,https://www.youtube.com/watch?v=7MbYL0ofhh4,https://www.youtube.com/watch?v=hPV6dpQUxNY,one video is carrying the average; monetized but missing at least one High criterion,True,12,True,True,2026-10-05T18:34:40+00:00
Hard Hat Economics,https://www.youtube.com/@HardHatEconomics,,No,none,tech,54182,17000,Mid,,,,,,,,,UCHSUVHPQuUEatasvoEmiXqQ,15,0,4700,1.37,3.1872,False,False,,,0.67,manual,https://www.youtube.com/watch?v=LcHTUIbmbrU,https://www.youtube.com/watch?v=RuacZfC-ALY,"one video is carrying the average; no monetization found, check link hubs and the About page by hand",True,15,True,True,2026-10-05T16:41:46+00:00
Zac Jones,https://www.youtube.com/@ZacJonesYouTube,,No,none,travel,5853,32100,Mid,,,,,,,,,UCh9HefoM0QZXRZAKPoykunA,3,30,4700,1.08,0.1823,False,False,,,1.0,manual,https://www.youtube.com/watch?v=TYPz0AnGKWQ,https://www.youtube.com/watch?v=9jJOMr-mc-8,"no monetization found, check link hubs and the About page by hand",True,15,True,True,2026-10-05T17:35:40+00:00
Gab and Bren,https://www.youtube.com/@gabandbren,gabandbren@gmail.com,No,affiliate_only,tech,20553,13700,Mid,,,,,,,,,UCs7Mtuxy_fAV6LjN3RzzRpw,13,2,4700,4.31,1.5002,True,False,amzn.to,,1.0,video_description,https://www.youtube.com/watch?v=1V60Wylx1G4,https://www.youtube.com/watch?v=tiEADnv1AHg,one video is carrying the average; monetized but missing at least one High criterion,True,15,True,True,2026-10-05T17:54:13+00:00
Lara Joanna Jarvis,https://www.youtube.com/@LaraJoannaJarvis,lara@adventuresofamum.com,No,affiliate_only,lifestyle_vlog,7446,77900,Mid,,,,,,,,,UCjGOcksFdxr0jqbHlucSdOw,4,5,4600,1.48,0.0956,True,False,ebook; affiliate; commission on,,0.36,channel_description,https://www.youtube.com/watch?v=ZMS3touiHs0,https://www.youtube.com/watch?v=4IwzUBLuK0U,monetized but missing at least one High criterion,False,15,True,True,2026-10-05T16:55:55+00:00
Scenic Views Travel,https://www.youtube.com/@scenicviewstravelgal,,No,none,travel,8253,2940,Mid,,,,,,,,,UCrmK9YmKZU2mzFvpviSSvvQ,10,8,4600,0.94,2.8071,True,False,ebook,,0.88,manual,https://www.youtube.com/watch?v=bSIOd1qlO4k,https://www.youtube.com/watch?v=LxSsf333sMg,monetized but missing at least one High criterion,False,15,True,True,2026-10-05T18:20:32+00:00
Polka Dots & Pixie Dust,https://www.youtube.com/@polkadotsandpixiedust,Accessories@Polka.Pixie,No,none,travel,6085,1140,Mid,,,,,,,,,UCDSapVdGvnkl5IbcraUN9IA,5,1,4500,1.39,5.3377,True,False,presets; ebook,,1.0,channel_description,https://www.youtube.com/watch?v=ywDlmEgwEsI,https://www.youtube.com/watch?v=M9BqalMTdzY,monetized but missing at least one High criterion,False,15,True,True,2026-10-05T18:17:03+00:00
Bailey Shafer,https://www.youtube.com/@BaileysVlogsUnfiltered,,Yes,community_or_membership,finance,14325,4250,Mid,,,,,,,,,UC7uqzOxT9FuPYjkLs4-x7GA,2,0,4400,0.2,3.3706,True,False,patreon.com; amzn.to; affiliate; link hub: linktr.ee,,0.3,manual,https://www.youtube.com/watch?v=T_ixFx1sZ44,https://www.youtube.com/watch?v=WQ9gWcdMwu4,one video is carrying the average; monetized but missing at least one High criterion,True,15,True,True,2026-10-05T16:21:46+00:00
DIS Unlimited,https://www.youtube.com/@DISUnlimited,,Yes,merch,travel,4413,160000,Mid,,,,,,,,,UCbFqSGIcm2bI71hM7M1Om5Q,30,1,4400,0.57,0.0276,True,False,merch; ebook,,0.57,manual,https://www.youtube.com/watch?v=FGBUvMQY5ys,https://www.youtube.com/watch?v=DmV_oci7FbY,views are low for the subscriber count; monetized but missing at least one High criterion,True,15,True,True,2026-10-05T16:31:00+00:00
Emily Bull,https://www.youtube.com/@EmilyBull,info.emilybull@gmail.com,No,none,lifestyle_vlog,4300,27100,Mid,,,,,,,,,UCwpq5JJXhxodrzzP2Y_M5rw,10,5,4400,1.16,0.1587,False,False,,,0.69,video_description,https://www.youtube.com/watch?v=HAgoQ90Hqf0,https://www.youtube.com/watch?v=PYE0T5M00eY,"no monetization found, check link hubs and the About page by hand",True,15,True,True,2026-10-05T16:34:16+00:00
The Wanderlust Jetsetter,https://www.youtube.com/@thewanderlustjetsetter9342,,No,none,travel,5996,3510,Mid,,,,,,,,,UCxp7DUhgOVq75UR410xihDQ,11,1,4400,3.37,1.7083,True,False,ebook,,0.9,manual,https://www.youtube.com/watch?v=saM-XnVR-C0,https://www.youtube.com/watch?v=P9X-j_tM5P4,monetized but missing at least one High criterion,False,15,True,True,2026-10-05T18:27:41+00:00
Bedros Keuilian,https://www.youtube.com/@BedrosKeuilian,,No,none,business,9440,871000,Mid,,,,,,,,,UC6UznTeISwn81w5Bt6P_Kxg,28,1,4300,0.78,0.0108,True,False,masterclass; ebook,,0.75,manual,https://www.youtube.com/watch?v=OHeIWVU2wY8,https://www.youtube.com/watch?v=khQ-rNdWh04,one video is carrying the average; views are low for the subscriber count; monetized but missing at least one High criterion,True,15,True,True,2026-10-05T16:22:10+00:00
Hensley's Adventures,https://www.youtube.com/@Hensleysadventures,,No,none,outdoors,37720,8470,Mid,,,,,,,,,UCAyCXgwaEfP_fkdTjSerfYQ,13,4,4300,0.43,4.4534,False,False,,,0.86,manual,https://www.youtube.com/watch?v=rgqFUxtmEqs,https://www.youtube.com/watch?v=lBRg8mO6Yo0,"one video is carrying the average; no monetization found, check link hubs and the About page by hand",True,15,True,True,2026-10-05T16:42:26+00:00
TheDandylion5,https://www.youtube.com/@TheDandylion5,,No,none,travel,4133,9380,Mid,,,,,,,,,UC24VCwOCB5sGRPnURoM1fQQ,28,0,4300,0.47,0.4406,False,False,,,0.6,manual,https://www.youtube.com/watch?v=UVyLnZSpuhA,https://www.youtube.com/watch?v=UVyLnZSpuhA,"no monetization found, check link hubs and the About page by hand",True,15,True,True,2026-10-05T17:22:01+00:00
UltimateTravelists,https://www.youtube.com/@UltimateTravelists,,No,none,travel,35048,6760,Mid,,,,,,,,,UCNpBUGymP9l6bImOdd5X_5Q,3,14,4300,0.09,5.1846,False,False,,,1.0,manual,https://www.youtube.com/watch?v=xanwmneu2Lk,https://www.youtube.com/watch?v=cNZT0elzkiQ,"one video is carrying the average; no monetization found, check link hubs and the About page by hand",True,15,True,True,2026-10-05T17:31:38+00:00
okbrinty,https://www.youtube.com/@okbrinty,okbrinty.contact@gmail.com,Yes,merch,running_endurance,5440,5890,Mid,,,,,,,,,UC8_5yVKAqbdeJGgA9ZvEuUQ,3,21,4300,1.16,0.9236,True,False,merch; affiliate,,0.58,video_description,https://www.youtube.com/watch?v=R8ROWBthzl0,https://www.youtube.com/watch?v=MZeqXJxxUwI,monetized but missing at least one High criterion,False,15,True,True,2026-10-05T18:15:43+00:00
Ozzy Van Life,https://www.youtube.com/@OzzyVanLife,makingfoodmymedicine@gmail.com,No,affiliate_only,outdoors,6233,6810,Mid,,,,,,,,,UCU31qVQBGV6Zf_BbJUBqtlg,12,1,4200,0.47,0.9153,True,False,affiliate,,0.5,video_description,https://www.youtube.com/watch?v=5dOUbk6yw4E,https://www.youtube.com/watch?v=BVc8e1dI-Lg,monetized but missing at least one High criterion,False,15,True,True,2026-10-05T17:09:30+00:00
Fit Father Project - Fitness For Busy Fathers,https://www.youtube.com/@Fitfatherproject,,No,none,fitness,5613,807000,Mid,,,,,,,,,UCKvJ_vxZZoN5yeWBU2CVGcQ,13,5,4100,0.62,0.007,True,False,program; ebook,,0.5,manual,https://www.youtube.com/watch?v=vXjhw5dtxXg,https://www.youtube.com/watch?v=nrjYemzJNvc,views are low for the subscriber count; monetized but missing at least one High criterion,True,15,True,True,2026-10-05T16:38:00+00:00
The Weekend Cruiser,https://www.youtube.com/@TheWeekendCruiser,,No,none,travel,9720,27500,Mid,,,,,,,,,UCwtY7-EUbOyRQtr428KiImg,0,91,4100,1.19,0.3535,True,False,ebook,,0.6,manual,https://www.youtube.com/watch?v=tV-DhdnY3EE,https://www.youtube.com/watch?v=aGP_b4AMfos,one video is carrying the average; monetized but missing at least one High criterion,True,15,True,True,2026-10-05T17:25:19+00:00
Georgia Daniels,https://www.youtube.com/@gdanielsfitness,,No,none,fitness,4833,14600,Mid,,,,,,,,,UCjIaiYYfvJ3QqoWsbiMFmig,1,30,4100,1.06,0.331,True,False,work with me,,0.56,manual,https://www.youtube.com/watch?v=9iQOQBQ0uTw,https://www.youtube.com/watch?v=XdCSN9zGRB4,monetized but missing at least one High criterion,False,15,True,True,2026-10-05T17:54:40+00:00
Stephanie Cox,https://www.youtube.com/@stephanieecoxx,Notsofarmerswife@komi.group,No,affiliate_only,lifestyle_vlog,4900,12000,Mid,,,,,,,,,UCNVp08qCYwhVW2R70_LlKjA,11,1,4100,0.78,0.4083,True,False,affiliate; link hub: linktr.ee,,0.38,channel_description,https://www.youtube.com/watch?v=BqPNGyfeuJU,https://www.youtube.com/watch?v=mmwPyzHd9ic,monetized but missing at least one High criterion,False,15,True,True,2026-10-05T18:23:07+00:00
Rosie Graham,https://www.youtube.com/@RosieGraham444,rosegraham311@gmail.com,No,none,fitness,4173,1150000,Mid,,,,,,,,,UCoGoRbbJuot8VvBtdmwqVQw,30,2,4000,0.4,0.0036,True,False,program,,1.0,channel_description,https://www.youtube.com/watch?v=Ocy6l8GLouU,https://www.youtube.com/watch?v=UF5FXwtSVDs,views are low for the subscriber count; monetized but missing at least one High criterion,True,15,True,True,2026-10-05T17:14:24+00:00
Tatyana Lopez,https://www.youtube.com/@TatyanaLopez,beauty4taty@gmail.com,No,none,fitness,10386,283000,Mid,,,,,,,,,UCT2cFn8Eq50LHggEXLgFEsg,6,30,4000,9.6,0.0367,False,False,link hub: beacons.ai,,0.78,video_description,https://www.youtube.com/watch?v=usF5OM6zAvE,https://www.youtube.com/watch?v=k6gLm8ZaRC4,"one video is carrying the average; no monetization found, check link hubs and the About page by hand",True,15,True,True,2026-10-05T17:20:47+00:00
Thrifty Traveler,https://www.youtube.com/@thriftytraveler,,No,sponsors_only,travel,5100,17200,Mid,,,,,,,,,UCD_oeyPrWlr69436VVUGaVA,21,4,3900,0.94,0.2965,True,True,program; sponsor read; free lead magnet,$20,0.8,manual,https://www.youtube.com/watch?v=JXbuUM6c-cw,https://www.youtube.com/watch?v=JXbuUM6c-cw,monetized but missing at least one High criterion,False,15,True,True,2026-10-05T18:27:49+00:00
Cruiser Travels,https://www.youtube.com/@CruiserTravels,,No,none,travel,9423,8640,Mid,,,,,,,,,UCfcpc1cC4fPf9Ax5Bfi_5QQ,0,61,3800,0.94,1.0906,True,False,ebook,,1.0,manual,https://www.youtube.com/watch?v=0wmi8Q3bZ7s,https://www.youtube.com/watch?v=7JWOQBFyyZ4,one video is carrying the average; monetized but missing at least one High criterion,True,15,True,True,2026-10-05T16:30:11+00:00
Georgia Skye,https://www.youtube.com/@georgiaskye5542,,No,none,lifestyle_vlog,5703,2870,Mid,,,,,,,,,UC98kKloWgEW4isiC502fC6g,5,8,3800,0.97,1.9871,False,False,,,0.7,manual,https://www.youtube.com/watch?v=mm1CZW3CCNs,https://www.youtube.com/watch?v=F9vAk2aEUs8,"no monetization found, check link hubs and the About page by hand",True,15,True,True,2026-10-05T17:54:50+00:00
PT Vlogs UK,https://www.youtube.com/@PTVlogsUK,ptvlogsuk@outlook.com,No,none,lifestyle_vlog,4113,19500,Mid,,,,,,,,,UC5FW2Xa3KQxErygzEeL0zLg,19,0,3700,1.07,0.2109,True,False,ebook,,0.43,channel_description,https://www.youtube.com/watch?v=YDi2PRcrKw8,https://www.youtube.com/watch?v=oBUAqimG-MY,monetized but missing at least one High criterion,False,15,True,True,2026-10-05T17:09:54+00:00
Travel Dash,https://www.youtube.com/@TheTravelDash,,No,affiliate_only,tech,3777,3430,Mid,,,,,,,,,UCS5mTUZjygtRAS-XeMlFqEw,21,0,3700,2.58,1.1012,True,False,affiliate,,0.62,manual,https://www.youtube.com/watch?v=pvK1KXYNa-A,https://www.youtube.com/watch?v=NuNR0q6S2ZY,monetized but missing at least one High criterion,False,15,True,True,2026-10-05T17:24:55+00:00
Frank Medrano,https://www.youtube.com/@frank_medrano,,No,none,fitness,13620,1830000,Mid,,,,,,,,,UCP8wqLAt5qYMmOwMB7-mvTQ,7,30,3700,0.92,0.0074,True,False,coaching; ebook,,0.85,manual,https://www.youtube.com/watch?v=wbbrQ5ppJ0g,https://www.youtube.com/watch?v=kI_5pvCt8lQ,one video is carrying the average; views are low for the subscriber count; monetized but missing at least one High criterion,True,15,True,True,2026-10-05T17:53:29+00:00
Brit fam 🇬🇧,https://www.youtube.com/@Britfam.,britfam5@icloud.com,No,none,travel,5285,5870,Mid,,,,,,,,,UCztPKH_9Sce1uOKR72DYj0g,6,2,3550,2.07,0.9003,True,False,ebook,,0.82,video_description,https://www.youtube.com/watch?v=QIJWrjg6dnQ,https://www.youtube.com/watch?v=YERaTbKleA0,monetized but missing at least one High criterion,False,15,True,True,2026-10-05T16:24:46+00:00
Cyprus Scope,https://www.youtube.com/@CyprusScope,,No,affiliate_only,travel,7792,28100,Mid,,,,,,,,,UCA-NhpGP-DJR97aiEJMk9Fw,1,61,3500,0.99,0.2773,True,False,affiliate,,1.0,manual,https://www.youtube.com/watch?v=2cuRYJawR10,https://www.youtube.com/watch?v=f4keF3kvI1s,one video is carrying the average; monetized but missing at least one High criterion,True,15,True,True,2026-10-05T16:30:35+00:00
Dear Mikaila,https://www.youtube.com/@dearmikaila,dearmikaila@yahoo.com,No,affiliate_only,fitness,3521,3950,Mid,,,,,,,,,UC0j_jIcnO0Fn9HPfWvh8YLg,7,28,3500,0.46,0.8914,True,False,affiliate,,0.5,video_description,https://www.youtube.com/watch?v=QCyXGh0WGaQ,https://www.youtube.com/watch?v=zUI6UdstWOA,monetized but missing at least one High criterion,False,15,True,True,2026-10-05T17:48:35+00:00
Travelly Man,https://www.youtube.com/@travellyman,,No,none,travel,13060,5510,Mid,,,,,,,,,UCF_jHXuw7NfYy3wp7okLbOQ,6,10,3500,0.39,2.3702,False,False,,,1.0,manual,https://www.youtube.com/watch?v=IQ6YUziMr4w,https://www.youtube.com/watch?v=QyFwOA5mhAk,"one video is carrying the average; no monetization found, check link hubs and the About page by hand",True,15,True,True,2026-10-05T18:30:18+00:00
Magical Adventures With Rhi - Mummy Of Four,https://www.youtube.com/@MummyOfFourDoesDisney,,No,sponsors_only,travel,3691,19700,Mid,,,,,,,,,UCJXoC3eYtdKJDPJLj-KLSPA,23,2,3400,1.5,0.1874,True,True,sponsor read; free lead magnet,,0.82,manual,https://www.youtube.com/watch?v=SjvzrWEPH4c,https://www.youtube.com/watch?v=WvuClRLchuY,monetized but missing at least one High criterion,False,15,True,True,2026-10-05T17:04:09+00:00
Yousra,https://www.youtube.com/@YousraHere,lavie@stride-social.com,No,affiliate_only,travel,33273,30600,Mid,,,,,,,,,UCIML7Ua2CNvJilchFEiaB8w,13,5,3400,0.55,1.0874,True,False,amzn.to,,0.5,channel_description,https://www.youtube.com/watch?v=2M0a8n2W2J8,https://www.youtube.com/watch?v=-Q2v0Cz2pvs,one video is carrying the average; monetized but missing at least one High criterion,True,15,True,True,2026-10-05T17:35:25+00:00
KirkToriStory,https://www.youtube.com/@kirktoristory,,No,none,travel,9915,13900,Mid,,,,,,,,,UCrkw-8Qd-fWPRj4HnW1mphw,14,2,3400,2.99,0.7133,False,False,,,1.0,manual,https://www.youtube.com/watch?v=jPQPlEhIK8E,https://www.youtube.com/watch?v=1Vj_NJfVHHc,"one video is carrying the average; no monetization found, check link hubs and the About page by hand",True,15,True,True,2026-10-05T18:05:01+00:00
LisaJemide,https://www.youtube.com/@lisajemide,info.lisajemide@gmail.com,No,none,lifestyle_vlog,3350,48900,Mid,,,,,,,,,UC6e1kJKwhsWBema-HDwueFw,4,7,3300,0.25,0.0685,True,False,ebook,,0.83,video_description,https://www.youtube.com/watch?v=TZvvIaUeQnM,https://www.youtube.com/watch?v=-x9rpMas5-g,monetized but missing at least one High criterion,False,15,True,True,2026-10-05T18:07:45+00:00
Florida Tips For Brits,https://www.youtube.com/@FloridaTipsForBrits,,No,affiliate_only,lifestyle_vlog,10478,3520,Mid,,,,,,,,,UCpLLovU4OtR32gH8mp3Qb5Q,0,365,3200,0.22,2.9767,True,False,course; ebook; amzn.to; affiliate,,0.6,manual,https://www.youtube.com/watch?v=SeeE9YCB6ag,https://www.youtube.com/watch?v=5s7EPLVHWRY,one video is carrying the average; monetized but missing at least one High criterion,True,15,True,True,2026-10-05T16:38:27+00:00
The Traveling Talls,https://www.youtube.com/@thetravelingtalls,,No,affiliate_only,travel,8986,3320,Mid,,,,,,,,,UCMe7jUtW6KRJKvnijNjQsnw,3,14,3200,2.0,2.7066,True,False,amzn.to; affiliate,,0.86,manual,https://www.youtube.com/watch?v=3zJtwQ7X3WM,https://www.youtube.com/watch?v=uDVPJxXSsNI,one video is carrying the average; monetized but missing at least one High criterion,True,15,True,True,2026-10-05T18:27:31+00:00
A Glimpse of Good Travel Tips,https://www.youtube.com/@aglimpseofgoodtravels,,No,affiliate_only,travel,5102,3170,Mid,,,,,,,,,UC3dV5S8KVMIdKZ1YnufaOtA,14,1,3100,1.45,1.6095,True,False,amzn.to; shopmy; ltk.,,0.91,manual,https://www.youtube.com/watch?v=tigIXJ4QVRY,https://www.youtube.com/watch?v=kV-vPXjuYG8,monetized but missing at least one High criterion,False,15,True,True,2026-10-05T17:37:48+00:00
The Anita Söne,https://www.youtube.com/@theanitasone,anita@aniverse.io,No,none,travel,25380,14000,Mid,,,,,,,,,UCaszEUTHZNU_-du4w83z13g,0,183,3100,1.11,1.8129,True,False,ebook,,0.62,channel_description,https://www.youtube.com/watch?v=bFj3Vu_JqYg,https://www.youtube.com/watch?v=kfnB7UYDvHA,one video is carrying the average; monetized but missing at least one High criterion,True,15,True,True,2026-10-05T18:25:32+00:00
Bella Bos,https://www.youtube.com/@bellabosifbbpro,,No,none,lifestyle_vlog,3537,1030,Mid,,,,,,,,,UC2cTXCTBqomcjAs-kAgqBoQ,2,21,3050,2.29,3.434,True,False,coaching; work with me,,0.67,manual,https://www.youtube.com/watch?v=xSilLxECWJQ,https://www.youtube.com/watch?v=u9lCsU4PpXA,monetized but missing at least one High criterion,False,8,True,True,2026-10-05T17:42:00+00:00
A Couple Travelers,https://www.youtube.com/@ACoupleTravelers,j.buraczenski@magicalvacationplanner.com,Yes,community_or_membership,travel,8129,13900,Mid,,,,,,,,,UCTGGdGuP5UISwqypQjN8oUA,4,5,3000,0.68,0.5848,True,False,patreon.com; ebook; amazon.com/shop,,1.0,channel_description,https://www.youtube.com/watch?v=wj5krscp2v0,https://www.youtube.com/watch?v=XXDQtlFTj5U,one video is carrying the average; monetized but missing at least one High criterion,True,15,True,True,2026-10-05T16:17:05+00:00
COSMarketing Agency,https://www.youtube.com/@COSMarketingAgency,,No,none,business,3220,11500,Mid,,,,,,,,,UCOn75PAx3WZwkJarjPRp5vQ,6,1,3000,1.07,0.28,True,False,template; ebook,,0.62,manual,https://www.youtube.com/watch?v=0SdOi3M3BZs,https://www.youtube.com/watch?v=WsZgrSm1NPU,monetized but missing at least one High criterion,False,15,True,True,2026-10-05T16:25:24+00:00
Chrissa Travels,https://www.youtube.com/@ChrissaTravels,,No,affiliate_only,travel,9050,57700,Mid,,,,,,,,,UCw0sVJWt_azyiYoZvykGpwg,13,2,3000,1.11,0.1568,True,False,ebook; amazon.com/shop; affiliate,,0.75,manual,https://www.youtube.com/watch?v=wfQ8rYAyO5A,https://www.youtube.com/watch?v=yTJia5QTkHA,one video is carrying the average; monetized but missing at least one High criterion,True,15,True,True,2026-10-05T16:28:21+00:00
Jason Li,https://www.youtube.com/@JasonLiLifts,,Yes,digital_product,nutrition,11102,16100,Mid,,,,,,,,,UCix9QY-eoBa_vBsUBYZa5Vw,1,13,2900,0.91,0.6896,True,False,whop.com,,0.33,manual,https://www.youtube.com/watch?v=b6J-XCqEZW0,https://www.youtube.com/watch?v=pN8UpTcT5aY,one video is carrying the average; monetized but missing at least one High criterion,True,15,True,True,2026-10-05T16:47:52+00:00
Bon Voyage Brenda,https://www.youtube.com/@BonVoyageBrenda,,No,none,travel,5075,4820,Mid,,,,,,,,,UCKxjGwzWxfAA_myTH8KaGAw,4,12,2800,1.35,1.0529,False,False,,,0.92,manual,https://www.youtube.com/watch?v=AhSAhecSYoo,https://www.youtube.com/watch?v=w9lSTlCdXVs,"no monetization found, check link hubs and the About page by hand",True,15,True,True,2026-10-05T16:23:28+00:00
Discovery Destination,https://www.youtube.com/@discoverydestination,,No,sponsors_only,travel,10257,20800,Mid,,,,,,,,,UC-5hWqvfs42Z_AusrOH3Eyw,20,8,2800,0.79,0.4931,True,True,ebook; sponsor read,$5,1.0,manual,https://www.youtube.com/watch?v=AqV_5mRJPbo,https://www.youtube.com/watch?v=BkPiLDzKFCA,one video is carrying the average; monetized but missing at least one High criterion,True,15,True,True,2026-10-05T17:49:00+00:00
Pursuit For Adventure,https://www.youtube.com/@pursuitforadventure,pursuitforadventure@gmail.com,No,none,travel,3440,3730,Mid,,,,,,,,,UC8184MoW2gfoahhy4jbFFXg,10,1,2800,1.22,0.9223,True,False,ebook,,0.29,channel_description,https://www.youtube.com/watch?v=0DlDInVu6XM,https://www.youtube.com/watch?v=XVDD-2wunCk,monetized but missing at least one High criterion,False,15,True,True,2026-10-05T18:17:21+00:00
Alyssa Perry,https://www.youtube.com/@Nurse.alyssaperry,alyssamjobes@gmail.com,No,affiliate_only,lifestyle_vlog,3246,23500,Mid,,,,,,,,,UCGmk8tyMcpwEiiDxth805rw,7,1,2700,0.8,0.1381,True,False,amzn.to; shopmy,,0.44,video_description,https://www.youtube.com/watch?v=NBb844TbXq0,https://www.youtube.com/watch?v=VpMJiiMdE9I,monetized but missing at least one High criterion,False,15,True,True,2026-10-05T17:07:53+00:00
Elite,https://www.youtube.com/@telitevu,telitevu4@gmail.com,No,none,lifestyle_vlog,6489,8660,Mid,,,,,,,,,UCnPaMbQ-Vrtpvw_P51z7RPQ,4,30,2700,2.22,0.7493,False,False,,,0.67,channel_description,https://www.youtube.com/watch?v=hb4FQhPVP9Q,https://www.youtube.com/watch?v=B17S8ELMulU,"one video is carrying the average; no monetization found, check link hubs and the About page by hand",True,15,True,True,2026-10-05T18:25:07+00:00
Insight Vacations,https://www.youtube.com/@insightvacations,,No,none,travel,7688,4750,Mid,,,,,,,,,UCHUHmDmojzhJPhqKmH5gbNg,0,335,2650,,1.6185,True,False,ebook; link hub: linktr.ee,,1.0,manual,https://www.youtube.com/watch?v=WColoyPMcqk,https://www.youtube.com/watch?v=yL1RXssmLUk,one video is carrying the average; monetized but missing at least one High criterion,True,6,True,True,2026-10-05T17:59:11+00:00
Louise Emma,https://www.youtube.com/@LouiseEmma,Shar-nell@stride-social.com,No,none,lifestyle_vlog,3060,8790,Mid,,,,,,,,,UCKmBZswHw_2Tuzf9gsAsf_g,17,0,2600,1.12,0.3481,True,False,program; ebook; link hub: linktr.ee,,0.8,channel_description,https://www.youtube.com/watch?v=DnFRKAP9Srk,https://www.youtube.com/watch?v=Xl5C7uZAezQ,monetized but missing at least one High criterion,False,15,True,True,2026-10-05T16:58:46+00:00
Benidorm Channel,https://www.youtube.com/channel/UCVXrSJ-_jr3jkJjsgcZFocw,,No,none,travel,3193,10800,Mid,,,,,,,,,UCVXrSJ-_jr3jkJjsgcZFocw,1,61,2600,0.9,0.2956,True,False,ebook,,0.86,manual,https://www.youtube.com/watch?v=vQKA05sYvmk,https://www.youtube.com/watch?v=ZEGl_d9BXug,monetized but missing at least one High criterion,False,15,True,True,2026-10-05T18:35:14+00:00
SphereCard Studio,https://www.youtube.com/@MySphereCard,,No,affiliate_only,business,12439,4180,Mid,,,,,,,,,UCT0gcueH6CVYyxKgNsSABYA,1,8,2495,9.18,2.9758,True,False,affiliate,,0.38,manual,https://www.youtube.com/watch?v=ngMMVOaUlXg,https://www.youtube.com/watch?v=f2zh-yBZYXI,one video is carrying the average; monetized but missing at least one High criterion,True,10,True,True,2026-10-05T17:04:33+00:00
Glen And Rhonda,https://www.youtube.com/@GlenAndRhonda,macdogmac@hotmail.com,No,none,travel,3544,11200,Mid,,,,,,,,,UCRaJJHGZ2sU2iogaxwjNepw,8,1,2400,0.29,0.3164,False,False,,,0.6,video_description,https://www.youtube.com/watch?v=dtRKVKRfBU4,https://www.youtube.com/watch?v=XXT-o1AKrJc,"no monetization found, check link hubs and the About page by hand",True,15,True,True,2026-10-05T16:40:08+00:00
Young Entrepreneurs Forum,https://www.youtube.com/@Youngentrepreneursforum,admin@youngentrepreneursforum.com,No,none,business,19109,906000,Mid,,,,,,,,,UCydShVfAub9TSmL1N4BTlGQ,15,3,2400,0.09,0.0211,True,False,ebook,,0.64,channel_description,https://www.youtube.com/watch?v=6GN_OqWrx88,https://www.youtube.com/watch?v=bPmhfM1HRWI,one video is carrying the average; views are low for the subscriber count; monetized but missing at least one High criterion,True,15,True,True,2026-10-05T17:35:03+00:00
Brandon Clark Business,https://www.youtube.com/@empireblueprintcorp,,No,none,running_endurance,2963,3490,Mid,,,,,,,,,UCQZSA0qCG5qaQIuWLN3n7NA,30,1,2400,1.95,0.849,True,False,coaching,"$10,000",0.25,manual,https://www.youtube.com/watch?v=DpI1krBeMJA,https://www.youtube.com/watch?v=DpI1krBeMJA,monetized but missing at least one High criterion,False,15,True,True,2026-10-05T17:51:43+00:00
TravelTime,https://www.youtube.com/@travelTimeAdventures,,No,none,travel,3308,12900,Mid,,,,,,,,,UCD1eVAuAi7qRHheIMo13p2A,22,1,2400,0.3,0.2564,False,False,,,0.8,manual,https://www.youtube.com/watch?v=lXzbYPmhuM4,https://www.youtube.com/watch?v=lXzbYPmhuM4,"no monetization found, check link hubs and the About page by hand",True,15,True,True,2026-10-05T18:29:28+00:00
Vagabond Tours of Ireland,https://www.youtube.com/@vagabondireland,,No,none,travel,3666,1180,Mid,,,,,,,,,UCSje0RO2QO4EjGNAfxQVh-A,0,4,2400,,3.1068,True,False,ebook,,0.5,manual,https://www.youtube.com/watch?v=TqxpD0j6GE4,https://www.youtube.com/watch?v=TqxpD0j6GE4,monetized but missing at least one High criterion,False,3,True,True,2026-10-05T18:32:02+00:00
Macs Adventure,https://www.youtube.com/@MacsAdventureTV,,No,none,travel,4518,5080,Mid,,,,,,,,,UCl-HGRsKsrFVgjVbktQYJ_Q,0,21,2388,,0.8894,True,False,ebook,,0.33,manual,https://www.youtube.com/watch?v=9A3g-yyx8mI,https://www.youtube.com/watch?v=BHF7dVwX4wE,monetized but missing at least one High criterion,False,6,True,True,2026-10-05T16:59:49+00:00
PROPERTIA REAL ESTATE,https://www.youtube.com/@propertiarealestate,,No,none,finance,2751,84500,Mid,,,,,,,,,UCFmMb-cV9kR10KWnwq4LJyA,11,1,2300,0.44,0.0326,True,False,ebook,,0.5,manual,https://www.youtube.com/watch?v=lWoCrPw2Qhw,https://www.youtube.com/watch?v=Eb_jksaPurI,monetized but missing at least one High criterion,False,15,True,True,2026-10-05T18:17:13+00:00
Mackenzie Borg,https://www.youtube.com/@TheMackenzieBorg,themackenzieborg@gmail.com,No,affiliate_only,travel,3100,8000,Mid,,,,,,,,,UCVKpb0pqGJJkp6aAEopYQeQ,6,8,2200,2.69,0.3875,True,False,amazon.com/shop,,0.58,video_description,https://www.youtube.com/watch?v=bmA8ft9-FeU,https://www.youtube.com/watch?v=bmA8ft9-FeU,monetized but missing at least one High criterion,False,15,True,True,2026-10-05T17:23:51+00:00
Kaitlyn Renee,https://www.youtube.com/@TravelByKaitlynReifsteck,Kaitlynreneereif@gmail.com,Yes,digital_product,tech,3430,10900,Mid,,,,,,,,,UCAVvFV2ZnyKVbDYkD6ys_SQ,10,1,2200,0.21,0.3147,True,False,stan.store; merch; ebook; affiliate; link hub: stan.store,,0.29,video_description,https://www.youtube.com/watch?v=Q_B-jTpmcjQ,https://www.youtube.com/watch?v=wfFEzY5AJaI,monetized but missing at least one High criterion,False,15,True,True,2026-10-05T17:29:18+00:00
Mícah Leia,https://www.youtube.com/@micahleia,MicahLeia01@gmail.com,No,affiliate_only,travel,3392,82700,Mid,,,,,,,,,UCvWlk10YzsBDPNxO07WkgDw,2,61,2200,1.67,0.041,True,False,amazon.com/shop,,0.67,video_description,https://www.youtube.com/watch?v=1CoEstFIBoc,https://www.youtube.com/watch?v=zul5xCgCXtA,monetized but missing at least one High criterion,False,15,True,True,2026-10-05T18:10:50+00:00
Workout Planner,https://www.youtube.com/@WorkoutPlanner,,No,none,fitness,2154,5740,Mid,,,,,,,,,UCPisIoAvdelZBfPxc9YGq0g,0,365,2150,,0.3753,True,False,program,,1.0,manual,https://www.youtube.com/watch?v=U17DWx1lCjo,https://www.youtube.com/watch?v=SLOjXLoboP0,monetized but missing at least one High criterion,False,4,True,True,2026-10-05T17:34:29+00:00
10xTravel,https://www.youtube.com/@10xTravel,,No,affiliate_only,travel,2146,9530,Mid,,,,,,,,,UCp27EDyAfTeTBxLvOm8fr_w,6,12,2100,1.55,0.2252,True,False,course; program; ebook; affiliate,,0.92,manual,https://www.youtube.com/watch?v=xkL24kGwwqY,https://www.youtube.com/watch?v=xkL24kGwwqY,monetized but missing at least one High criterion,False,15,True,True,2026-10-05T16:15:23+00:00
Checked In with Klasshey,https://www.youtube.com/@CheckedInwithKlasshey,,No,none,travel,3888,5210,Mid,,,,,,,,,UCw-rwtU2wFmWoo6tz2smGIg,5,2,2100,1.0,0.7463,False,False,,,0.86,manual,https://www.youtube.com/watch?v=yvWP1oaokEM,https://www.youtube.com/watch?v=vCkmTV0A4sA,"no monetization found, check link hubs and the About page by hand",True,15,True,True,2026-10-05T16:27:33+00:00
Ben & Fifa - Eyup Vlogs,https://www.youtube.com/@Eyupben-fifa,,No,none,travel,3191,2700,Mid,,,,,,,,,UCD1U3hWOJ2yzq-pwBbdiH4w,13,6,2100,1.61,1.1819,False,False,,,0.79,manual,https://www.youtube.com/watch?v=lYzJnxaV55A,https://www.youtube.com/watch?v=sXpGSjDNgtY,"no monetization found, check link hubs and the About page by hand",True,15,True,True,2026-10-05T16:36:06+00:00
Jet Set Genius,https://www.youtube.com/@Jet-Set-Genius,adamsagency11@gmail.com,No,none,travel,3552,64400,Mid,,,,,,,,,UCOT7YtTQT8oEB3lL_WINA7Q,30,4,2100,0.37,0.0552,False,False,,,1.0,video_description,https://www.youtube.com/watch?v=6TDZnJEFZ_k,https://www.youtube.com/watch?v=hShEnEN7sdM,"no monetization found, check link hubs and the About page by hand",True,15,True,True,2026-10-05T16:50:00+00:00
Megan Moves,https://www.youtube.com/@MeganMoves,meganmovesmedia@gmail.com,Yes,community_or_membership,travel,3718,75300,Mid,,,,,,,,,UCy5JVSHT6zIJiZeyra30z3Q,29,2,2100,4.0,0.0494,True,False,patreon.com; ebook; amzn.to; amazon.com/shop; affiliate; shopmy; ltk.,,0.88,channel_description,https://www.youtube.com/watch?v=5yGdrFzmGKI,https://www.youtube.com/watch?v=pAYmENFltGU,monetized but missing at least one High criterion,False,15,True,True,2026-10-05T17:01:26+00:00
Paris Hedger,https://www.youtube.com/@ParisHedger,parishedger.pr@gmail.com,No,none,travel,5460,14700,Mid,,,,,,,,,UCie9G30jbyKjGuHnS8IMXgQ,1,21,2100,0.67,0.3714,True,False,program; link hub: linktr.ee,,0.5,channel_description,https://www.youtube.com/watch?v=wrJOI5qlDsw,https://www.youtube.com/watch?v=2G-eyQSyXsk,one video is carrying the average; monetized but missing at least one High criterion,True,15,True,True,2026-10-05T17:10:10+00:00
Shawn Power-Your Trusted Cruise&Tauck Tour Expert!,https://www.youtube.com/@shawntpower,,No,none,travel,2328,4290,Mid,,,,,,,,,UC8_XaGY4GyAq6GVtdEllKUg,7,30,2100,0.64,0.5427,True,False,ebook,$100,1.0,manual,https://www.youtube.com/watch?v=hmGH5ITApBk,https://www.youtube.com/watch?v=vutYPsoH57Y,monetized but missing at least one High criterion,False,15,True,True,2026-10-05T18:21:48+00:00
TL Travel,https://www.youtube.com/@tltravel,terilynn@tltravel.ca,No,sponsors_only,travel,3490,7200,Mid,,,,,,,,,UC-a92fdT-geaN2953S6L9Dw,0,122,2100,1.94,0.4847,True,True,ebook; sponsor read,,0.93,video_description,https://www.youtube.com/watch?v=-73wSIPHf-s,https://www.youtube.com/watch?v=-73wSIPHf-s,monetized but missing at least one High criterion,False,15,True,True,2026-10-05T18:28:34+00:00
Brix Glover,https://www.youtube.com/@Brixglover,,Yes,coaching_or_program,nutrition,2395,827000,Mid,,,,,,,,,UCtQRjT8ASI4gMrl1QzDoOMw,2,14,2000,2.72,0.0029,True,False,calendly.com; course; program; coaching; ebook; free lead magnet; link hub: linktr.ee,$19,0.5,manual,https://www.youtube.com/watch?v=VmwQVWpHHhw,https://www.youtube.com/watch?v=VmwQVWpHHhw,views are low for the subscriber count; monetized but missing at least one High criterion,True,15,True,True,2026-10-05T16:24:54+00:00
It’s a Jack’s Life,https://www.youtube.com/@Itsa_jackslife,,Yes,merch,travel,3237,6670,Mid,,,,,,,,,UCVA-NhlfP7pzvmQxKQix2Eg,14,3,1950,0.86,0.4853,True,False,merch; spring.com; ebook,,0.8,manual,https://www.youtube.com/watch?v=Iw2Q6iwNR54,https://www.youtube.com/watch?v=mSA4lyrZzqQ,monetized but missing at least one High criterion,False,15,True,True,2026-10-05T16:46:18+00:00
"Damian Tysdal, CoverTrip",https://www.youtube.com/@CoverTrip,,No,lead_magnet_only,travel,7257,2660,Mid,,,,,,,,,UC4JytjFG7VUkXDnhC_ixflQ,6,1,1900,1.76,2.7282,True,False,free lead magnet,,0.93,manual,https://www.youtube.com/watch?v=9ztt95dSMTc,https://www.youtube.com/watch?v=9ztt95dSMTc,one video is carrying the average; monetized but missing at least one High criterion,True,15,True,True,2026-10-05T16:29:00+00:00
Dirt In My Shoes,https://www.youtube.com/@DirtInMyShoes,,No,none,travel,5513,53300,Mid,,,,,,,,,UCt-4YSEg9ZkGTWFwereMpNA,13,5,1900,1.28,0.1034,False,False,,,0.92,manual,https://www.youtube.com/watch?v=LnbtPH9J5B0,https://www.youtube.com/watch?v=MtlzA6E8Erk,"one video is carrying the average; no monetization found, check link hubs and the About page by hand",True,15,True,True,2026-10-05T16:32:26+00:00
Dr. Matt Shiver,https://www.youtube.com/@drmattshiver,,No,none,business,3026,23100,Mid,,,,,,,,,UCROa6tufT75NMIg0JEPtOAQ,21,4,1900,1.26,0.131,True,False,course; book a call; ebook,,0.5,manual,https://www.youtube.com/watch?v=BJTdOQlr2F4,https://www.youtube.com/watch?v=BJTdOQlr2F4,monetized but missing at least one High criterion,False,15,True,True,2026-10-05T17:49:27+00:00
Japan and More,https://www.youtube.com/@JapanandMoreTours,,No,none,travel,17209,5210,Mid,,,,,,,,,UCwIEuBcy4GXxHql--oANk3w,2,7,1800,10.16,3.3031,True,False,ebook,,1.0,manual,https://www.youtube.com/watch?v=Lr9UikZwdXk,https://www.youtube.com/watch?v=TAGretwpA8E,one video is carrying the average; monetized but missing at least one High criterion,True,15,True,True,2026-10-05T16:47:29+00:00
Kamariya,https://www.youtube.com/@KamariyaMcDonald,,No,affiliate_only,lifestyle_vlog,1885,23500,Mid,,,,,,,,,UCR87t7PGcWkrQb8g2rftU2w,9,5,1800,0.67,0.0802,True,False,amazon.com/shop,,0.5,manual,https://www.youtube.com/watch?v=UPLD3Hq4L1U,https://www.youtube.com/watch?v=iaoZHKRNSvE,monetized but missing at least one High criterion,False,15,True,True,2026-10-05T16:52:53+00:00
Nessia Bojanini,https://www.youtube.com/@Nessia_bojanini,,Yes,coaching_or_program,travel,1800,83,Mid,,,,,,,,,UCOgS7nBq2MKedWJC_IBEzHg,0,61,1800,,21.6867,True,True,calendly.com; amazon.com/shop; affiliate; shopmy; sponsor read,,1.0,manual,https://www.youtube.com/watch?v=fW5YpAXW2gg,https://www.youtube.com/watch?v=fW5YpAXW2gg,monetized but missing at least one High criterion,False,1,True,True,2026-10-05T17:05:50+00:00
Rob Caden-Elkins,https://www.youtube.com/@RobCadenElkins,robcadenelkins@gmail.com,No,none,travel,3053,3810,Mid,,,,,,,,,UC2ai9_KGBQ9TKlOy8ZnxAOA,11,1,1800,3.93,0.8013,True,False,course,,0.64,channel_description,https://www.youtube.com/watch?v=o6sF-B3YVL8,https://www.youtube.com/watch?v=o6sF-B3YVL8,monetized but missing at least one High criterion,False,15,True,True,2026-10-05T17:13:44+00:00
BENIDORM AND BEYOND,https://www.youtube.com/@benidormandbeyond2445,,No,none,travel,2513,12300,Mid,,,,,,,,,UC6lJ-Rv7Z0P97SFs2obbqZw,30,1,1800,0.6,0.2043,False,False,,,1.0,manual,https://www.youtube.com/watch?v=adBId8kWkV8,https://www.youtube.com/watch?v=2YWMDRsb6yw,"no monetization found, check link hubs and the About page by hand",True,15,True,True,2026-10-05T17:42:25+00:00
Lauri Pesur,https://www.youtube.com/@LauriPesur,thetechnotice@gmail.com,No,affiliate_only,tech,13425,1320,Mid,,,,,,,,,UCJdMibK2zEThJm3Guq99M9A,9,0,1700,25.2,10.1705,True,False,amzn.to,,0.78,channel_description,https://www.youtube.com/watch?v=-Vp4geuGt9o,https://www.youtube.com/watch?v=LADZ6H6zCwI,one video is carrying the average; monetized but missing at least one High criterion,True,15,True,True,2026-10-05T16:56:02+00:00
Adelle Petropoulos,https://www.youtube.com/@adellepetros,,No,none,lifestyle_vlog,1886,5290,Mid,,,,,,,,,UCqDQ7iahgKYxIP2WxF5HLXA,9,2,1700,0.86,0.3565,False,False,,,0.67,manual,https://www.youtube.com/watch?v=c09sAj2g43M,https://www.youtube.com/watch?v=c09sAj2g43M,"no monetization found, check link hubs and the About page by hand",True,15,True,True,2026-10-05T17:37:21+00:00
HOLIDAY EXPERTS,https://www.youtube.com/@holidayexpertscrete,holidayexpertscrete@gmail.com,No,none,travel,1978,3870,Mid,,,,,,,,,UCvi5qil6u6-lnRGL7F8-ueA,4,14,1700,1.06,0.5111,True,False,ebook,,1.0,channel_description,https://www.youtube.com/watch?v=UBoSbMbVjks,https://www.youtube.com/watch?v=QUAniILPLCI,monetized but missing at least one High criterion,False,15,True,True,2026-10-05T17:57:28+00:00
Dior danyelle,https://www.youtube.com/@Diordanyelle,diordavis440@gmail.com,No,none,lifestyle_vlog,3781,15500,Mid,,,,,,,,,UC6s8hw6lisLSYwLn694EbAA,3,14,1600,1.93,0.2439,False,False,,,0.83,channel_description,https://www.youtube.com/watch?v=j4RMdSGIknw,https://www.youtube.com/watch?v=g0--GY1jEHc,"one video is carrying the average; no monetization found, check link hubs and the About page by hand",True,15,True,True,2026-10-05T16:32:18+00:00
Joyce Yeo,https://www.youtube.com/@JoyceYeo,,No,affiliate_only,business,19163,157000,Mid,,,,,,,,,UCtHNV_Sqj58VSAdoUpVKC6Q,0,365,1600,2.83,0.1221,True,False,coaching; ebook; affiliate,,0.82,manual,https://www.youtube.com/watch?v=rtmnSHIkSkg,https://www.youtube.com/watch?v=MIbW08qPQdI,one video is carrying the average; monetized but missing at least one High criterion,True,15,True,True,2026-10-05T16:51:41+00:00
Travel Lemming,https://www.youtube.com/@TravelLemming,,No,affiliate_only,travel,12516,8060,Mid,,,,,,,,,UC7p3QeDvsaZ7kzpr_eoycqg,1,61,1600,19.0,1.5529,True,False,ebook; affiliate,,0.92,manual,https://www.youtube.com/watch?v=TLP9--O2Q2c,https://www.youtube.com/watch?v=JXZnH3V0BSk,one video is carrying the average; monetized but missing at least one High criterion,True,15,True,True,2026-10-05T17:29:34+00:00
Travelling with Bruce,https://www.youtube.com/@TravellingwithBruce,brucefrommert@hotmail.com,Yes,community_or_membership,travel,2444,60200,Mid,,,,,,,,,UCuJ_tm9InltvVwcf71sn9zw,0,152,1600,1.47,0.0406,True,False,patreon.com; ebook,,0.9,channel_description,https://www.youtube.com/watch?v=HuPgBML3LMo,https://www.youtube.com/watch?v=SK1wtmfGzw8,monetized but missing at least one High criterion,False,15,True,True,2026-10-05T17:30:18+00:00
AlanaGrace,https://www.youtube.com/@aIanagrace,alanagrace64@gmail.com,No,affiliate_only,lifestyle_vlog,6813,2830,Mid,,,,,,,,,UC5JQFoMruzeLCQZ3kxWlWmA,6,1,1600,8.67,2.4074,True,False,amzn.to,,0.58,video_description,https://www.youtube.com/watch?v=YVVesk0yTTs,https://www.youtube.com/watch?v=YVVesk0yTTs,one video is carrying the average; monetized but missing at least one High criterion,True,15,True,True,2026-10-05T17:36:25+00:00
Reuben Brooks,https://www.youtube.com/@reubenbrooks959,,No,none,fitness,2323,33300,Mid,,,,,,,,,UCe16Nh3RqquKlAnKt7KIpFA,0,183,1600,0.88,0.0698,True,False,mentorship,$2K,0.77,manual,https://www.youtube.com/watch?v=GmpCBFiRU7s,https://www.youtube.com/watch?v=khGz9YO-HYI,monetized but missing at least one High criterion,False,15,True,True,2026-10-05T18:18:22+00:00
Byte Size Cruises,https://www.youtube.com/@ByteSizeCruises,,No,none,travel,2065,44800,Mid,,,,,,,,,UCrc8OiQPbzNSQiGPShH-R5g,30,3,1500,1.53,0.0461,True,False,ebook,,0.5,manual,https://www.youtube.com/watch?v=CyQ47aJLYgg,https://www.youtube.com/watch?v=OGaFZ7n7juI,monetized but missing at least one High criterion,False,15,True,True,2026-10-05T16:25:10+00:00
Ivana Chapman,https://www.youtube.com/@IvanaChapman,,No,none,fitness,4416,79600,Mid,,,,,,,,,UCT6gwgNm9o8VDIjk3RFuEVQ,3,4,1500,2.69,0.0555,True,False,program; coaching; work with me,,0.4,manual,https://www.youtube.com/watch?v=fPjOxkgUzcg,https://www.youtube.com/watch?v=axGrw5weDxg,one video is carrying the average; monetized but missing at least one High criterion,True,15,True,True,2026-10-05T16:46:26+00:00
Jack Edwards,https://www.youtube.com/@JackRhysEdwards,,No,none,travel,3968,550,Mid,,,,,,,,,UCQlW2KtTjFmN-4BnuyRE1Iw,2,30,1500,0.07,7.2145,True,False,ebook,,0.82,manual,https://www.youtube.com/watch?v=vIC5L29yG34,https://www.youtube.com/watch?v=gsR_rk0YPGc,one video is carrying the average; monetized but missing at least one High criterion,True,15,True,True,2026-10-05T16:46:49+00:00
Jen Lauren,https://www.youtube.com/@JenLauren,marissa@creatorsconcierge.com,No,affiliate_only,lifestyle_vlog,1590,27900,Mid,,,,,,,,,UCpZM7A3ymRQc-UC7tirFTTg,8,5,1500,1.07,0.057,True,True,program; amazon.com/shop; affiliate; shopmy; sponsor read; link hub: linktr.ee,$50,0.18,channel_description,https://www.youtube.com/watch?v=qFYQ6yQEm74,https://www.youtube.com/watch?v=r_qf3NPGRio,monetized but missing at least one High criterion,False,15,True,True,2026-10-05T16:48:41+00:00
Rhiannan Morgan - Mummy of Four,https://www.youtube.com/@MummyofFourUK,,Yes,course,lifestyle_vlog,1570,39100,Mid,,,,,,,,,UCJApKg2guPexh_weE-sbvbA,18,2,1500,0.32,0.0402,True,False,myshopify.com; course; template,,0.5,manual,https://www.youtube.com/watch?v=r--9EIt42dU,https://www.youtube.com/watch?v=FMMfAtoWdXo,monetized but missing at least one High criterion,False,15,True,True,2026-10-05T17:04:18+00:00
Affordable Holidays,https://www.youtube.com/@affordableholidays,val264apm@yahoo.co,No,none,travel,2218,3460,Mid,,,,,,,,,UCFtn8MZhoMRGpZ__v0w0_WA,23,1,1500,1.19,0.641,True,False,ebook,,0.57,channel_description,https://www.youtube.com/watch?v=JLawttWr1mA,https://www.youtube.com/watch?v=HBK0Y89EFGE,monetized but missing at least one High criterion,False,15,True,True,2026-10-05T17:37:40+00:00
itmisf,https://www.youtube.com/@itmisf,,No,none,fitness,2100,1620,Mid,,,,,,,,,UC84_rGSEviawwhS0tLtH2AA,0,365,1500,,1.2963,True,False,ebook,,1.0,manual,https://www.youtube.com/watch?v=kg7OhTw4hfg,https://www.youtube.com/watch?v=3JVcJd4xBsE,monetized but missing at least one High criterion,False,3,True,True,2026-10-05T18:00:00+00:00
Kathy Jo,https://www.youtube.com/@kathy_jo,Jo.kathy94@gmail.com,No,affiliate_only,travel,11932,42100,Mid,,,,,,,,,UCt0se9nJG5o1KUIKnOpstFw,5,30,1500,1.33,0.2834,True,False,shopmy; link hub: linktr.ee,,0.4,channel_description,https://www.youtube.com/watch?v=SgqfaeVZHcA,https://www.youtube.com/watch?v=6QX4_oIp84M,one video is carrying the average; monetized but missing at least one High criterion,True,15,True,True,2026-10-05T18:04:10+00:00
Kay Rose,https://www.youtube.com/@kayymrose,kayymrose@gmail.com,No,affiliate_only,lifestyle_vlog,1731,3750,Mid,,,,,,,,,UCcUQqheyMb5abrjZzRtQ1CA,4,30,1500,0.48,0.4616,True,False,geni.us,,0.57,video_description,https://www.youtube.com/watch?v=CF23cEQBUPI,https://www.youtube.com/watch?v=hR0davXnIeE,monetized but missing at least one High criterion,False,15,True,True,2026-10-05T18:04:27+00:00
Travel Eaz,https://www.youtube.com/@traveleaz,,No,none,travel,15354,20200,Mid,,,,,,,,,UCmE-SU-4kME5yeLeiR93OiA,6,10,1500,8.13,0.7601,True,False,course,,0.67,manual,https://www.youtube.com/watch?v=7u6yYCn2l1Q,https://www.youtube.com/watch?v=jhE9hdA50Wc,one video is carrying the average; monetized but missing at least one High criterion,True,15,True,True,2026-10-05T18:30:02+00:00
BuiltLean®,https://www.youtube.com/@BuiltLeanTV,,No,lead_magnet_only,fitness,39710,64099,Mid,,,,,,,,,UCiANdkAuJAiiHCwDf_tJLYg,0,730,1400,7.69,0.6195,True,False,ebook; free lead magnet,,0.62,manual,https://www.youtube.com/watch?v=hj_PGkqDAqc,https://www.youtube.com/watch?v=dKoTa5eP76M,one video is carrying the average; monetized but missing at least one High criterion,True,15,True,True,2026-10-05T16:25:02+00:00
Creating The Magic,https://www.youtube.com/@CreatingtheMagic,,No,sponsors_only,travel,2287,5170,Mid,,,,,,,,,UC0c6zwSGMikJiQAqzDtKWUQ,28,1,1400,0.85,0.4424,True,True,sponsor read,,0.86,manual,https://www.youtube.com/watch?v=qZ0AYNdxV54,https://www.youtube.com/watch?v=9PKrF8yxdqI,monetized but missing at least one High criterion,False,15,True,True,2026-10-05T16:29:08+00:00
FamGo Travel | Unofficial DCL Mom,https://www.youtube.com/@FamGoTravel,,No,affiliate_only,travel,4355,2380,Mid,,,,,,,,,UCJEXACGdVR4DBtgFe5xiCEw,1,30,1400,0.55,1.8298,True,False,amazon.com/shop; affiliate,,1.0,manual,https://www.youtube.com/watch?v=8qDcCoYJ7pw,https://www.youtube.com/watch?v=2_QatTKID3k,one video is carrying the average; monetized but missing at least one High criterion,True,15,True,True,2026-10-05T16:36:22+00:00
Shannon Spalding,https://www.youtube.com/@shannonspaldingx,elisha@connectmgt.com,No,none,lifestyle_vlog,1788,20400,Mid,,,,,,,,,UCHgktRqULjBCWpRc_PTisCg,3,30,1400,2.0,0.0876,False,False,,,0.67,video_description,https://www.youtube.com/watch?v=zBVVwAcdBVs,https://www.youtube.com/watch?v=zBVVwAcdBVs,"no monetization found, check link hubs and the About page by hand",True,15,True,True,2026-10-05T18:21:32+00:00
Survival In The Wild,https://www.youtube.com/@survivalinthewild-l4j,,No,none,travel,7683,8050,Mid,,,,,,,,,UCOYwrxvBGBp0GraMEENb5bQ,3,21,1400,0.97,0.9544,False,False,,,0.67,manual,https://www.youtube.com/watch?v=TOhaV9NYH0k,https://www.youtube.com/watch?v=cToxCjPkkUI,"one video is carrying the average; no monetization found, check link hubs and the About page by hand",True,15,True,True,2026-10-05T18:23:59+00:00
Travel Agent Haven,https://www.youtube.com/@travelagenthaven,,No,lead_magnet_only,travel,2077,7400,Mid,,,,,,,,,UCF84xWtaxzRzbSqyrZJUrCg,5,11,1400,0.41,0.2807,True,False,course; ebook; free lead magnet,"$1,000",0.87,manual,https://www.youtube.com/watch?v=1lwJDLQq9Tw,https://www.youtube.com/watch?v=9P5Ix4gqedU,monetized but missing at least one High criterion,False,15,True,True,2026-10-05T18:29:45+00:00
Joey Contino,https://www.youtube.com/@JoeyContino2,,Yes,merch,travel,4807,74100,Mid,,,,,,,,,UC3xFT9TE6ZBzzpm2I9B-uHw,10,3,1300,2.7,0.0649,True,False,merch; spring.com; teespring,,1.0,manual,https://www.youtube.com/watch?v=xYSNWIAQ5Fc,https://www.youtube.com/watch?v=e8xrTS0b-UM,one video is carrying the average; monetized but missing at least one High criterion,True,15,True,True,2026-10-05T16:50:56+00:00
Make Rich Money - Personal Finance,https://www.youtube.com/@makerichmoney1997,,No,affiliate_only,finance,1726,22100,Mid,,,,,,,,,UC53Is6xfuMIXA96YApnzsrA,0,244,1300,1.0,0.0781,True,False,course; affiliate,$10,0.75,manual,https://www.youtube.com/watch?v=DqDSHPQ-ZpU,https://www.youtube.com/watch?v=AMFu00nRqjw,monetized but missing at least one High criterion,False,15,True,True,2026-10-05T18:09:41+00:00
abbs.journey,https://www.youtube.com/@abbs.journey,,No,affiliate_only,lifestyle_vlog,1350,1130,Mid,,,,,,,,,UCLWM9cRX_WHBRv5hJT_789Q,0,152,1200,1.87,1.1947,True,False,ebook; amazon.com/shop; affiliate; link hub: linktr.ee,,0.69,manual,https://www.youtube.com/watch?v=KPjzrqbffAU,https://www.youtube.com/watch?v=KPjzrqbffAU,monetized but missing at least one High criterion,False,15,True,True,2026-10-05T17:36:50+00:00
Destination Weddings (Mexico & The Caribbean),https://www.youtube.com/@coraltidetravel,,No,none,travel,3378,1000,Mid,,,,,,,,,UC8g5VLeoY4mQZcrlo2MN4xA,4,0,1200,0.33,3.378,False,False,,,1.0,manual,https://www.youtube.com/watch?v=eYuyAjwuE4U,https://www.youtube.com/watch?v=7d4w7h40xIQ,"one video is carrying the average; no monetization found, check link hubs and the About page by hand",True,15,True,True,2026-10-05T17:47:02+00:00
Sierra Lytle,https://www.youtube.com/@sisitravels,,No,none,travel,7126,685,Mid,,,,,,,,,UCwwhEmqc06ldMDJU9nvuPlw,0,365,1150,0.07,10.4029,True,False,ebook,,1.0,manual,https://www.youtube.com/watch?v=tCCq1k-Ns9w,https://www.youtube.com/watch?v=Pw6Q0KHNBH8,one video is carrying the average; monetized but missing at least one High criterion,True,14,True,True,2026-10-05T18:21:58+00:00
Disney Travel Professionals,https://www.youtube.com/@DisneyTravelProfessionals,,No,none,travel,1400,42800,Mid,,,,,,,,,UCvyjeF5gFnE8JS8v3IBLZnw,2,4,1100,,0.0327,True,False,ebook,,1.0,manual,https://www.youtube.com/watch?v=ArGmOxdwgr4,https://www.youtube.com/watch?v=rMhpAFdoauI,monetized but missing at least one High criterion,False,3,True,True,2026-10-05T16:32:34+00:00
Jack Does Travel,https://www.youtube.com/@JackDoesTravel,,No,none,travel,2302,878,Mid,,,,,,,,,UCF4dEXoNYzRCSj0HtEgfzpQ,5,21,1100,1.62,2.6219,False,False,,,1.0,manual,https://www.youtube.com/watch?v=KOZFebe2cAo,https://www.youtube.com/watch?v=eMB2yk1f9OQ,"one video is carrying the average; no monetization found, check link hubs and the About page by hand",True,15,True,True,2026-10-05T16:46:42+00:00
Luisa Zhou,https://www.youtube.com/@LuisaZhou,,No,none,business,3933,43700,Mid,,,,,,,,,UCaVlExuDLdGoBZYFf8eHVDg,13,4,1100,0.54,0.09,True,False,course; program; coaching,$60k,0.67,manual,https://www.youtube.com/watch?v=H4nuKzpmQLw,https://www.youtube.com/watch?v=RRmK2FuzHOU,one video is carrying the average; monetized but missing at least one High criterion,True,15,True,True,2026-10-05T16:59:16+00:00
Stress Free Cruising,https://www.youtube.com/@PetwayTravel,,No,none,travel,1805,3510,Mid,,,,,,,,,UCdcL2BNm3sjgRgpK4YyH7IQ,11,1,1100,3.24,0.5142,False,False,,,0.79,manual,https://www.youtube.com/watch?v=YyGJpjM2FCw,https://www.youtube.com/watch?v=3wWIxL33PE4,"no monetization found, check link hubs and the About page by hand",True,15,True,True,2026-10-05T17:10:57+00:00
Where's Walter Travel,https://www.youtube.com/@WheresWalterTravel,,No,none,travel,3045,8360,Mid,,,,,,,,,UCXolpF8xfPMUldjUeBfRzKA,1,61,1100,0.38,0.3642,True,False,ebook,$1200,1.0,manual,https://www.youtube.com/watch?v=1QquuewtwTk,https://www.youtube.com/watch?v=4L50pMMG1QU,one video is carrying the average; monetized but missing at least one High criterion,True,15,True,True,2026-10-05T17:34:03+00:00
MindBodyPrime,https://www.youtube.com/@mindbodyprime,,No,none,fitness,29615,6350,Mid,,,,,,,,,UCFV9zG1FJc_Lu5e4tUr082g,1,12,1100,0.59,4.6638,True,False,coaching,,0.9,manual,https://www.youtube.com/watch?v=_93FpYsfhgQ,https://www.youtube.com/watch?v=ylStE7Bl-c8,one video is carrying the average; monetized but missing at least one High criterion,True,15,True,True,2026-10-05T18:11:37+00:00
Reanne Witter,https://www.youtube.com/@reanne.witter,reannescapes@gmail.com,No,affiliate_only,lifestyle_vlog,1686,2390,Mid,,,,,,,,,UCcUe1wcmn3Qw86qaTZqA9GQ,11,5,1100,1.33,0.7054,True,False,affiliate,,0.5,channel_description,https://www.youtube.com/watch?v=wrdqioqx9Hg,https://www.youtube.com/watch?v=SxWUDiQehDg,monetized but missing at least one High criterion,False,15,True,True,2026-10-05T18:18:04+00:00
Canuck Park Hopper,https://www.youtube.com/@CanuckParkHopper,,No,none,travel,5561,1960,Mid,,,,,,,,,UC_DB5cNBztUEmFWesUaPH1g,19,2,1000,0.96,2.8372,True,False,ebook; link hub: linktr.ee,"$4,089",0.67,manual,https://www.youtube.com/watch?v=kVpopx279u8,https://www.youtube.com/watch?v=j5P92VZUMxU,one video is carrying the average; monetized but missing at least one High criterion,True,15,True,True,2026-10-05T16:26:19+00:00
Lexus C,https://www.youtube.com/@LexusC,,No,none,lifestyle_vlog,1538,6800,Mid,,,,,,,,,UCP90j7myQfwG1rx6k9V_S2A,3,30,1000,0.62,0.2262,False,False,,,0.6,manual,https://www.youtube.com/watch?v=XLy8cRDISpM,https://www.youtube.com/watch?v=6LK2DuP27MM,"no monetization found, check link hubs and the About page by hand",True,15,True,True,2026-10-05T16:57:01+00:00
The Summers Family Travel,https://www.youtube.com/@Summersfamilytravel,summersfamilypr@gmail.com,No,none,travel,3815,1010,Mid,,,,,,,,,UC3mc7enRDouzVwAdcTmksGw,7,3,1000,0.09,3.7772,False,False,,,0.62,channel_description,https://www.youtube.com/watch?v=nD_qmiXRYwU,https://www.youtube.com/watch?v=eAHcLrYzZJg,"one video is carrying the average; no monetization found, check link hubs and the About page by hand",True,15,True,True,2026-10-05T17:19:09+00:00
Magical Fam,https://www.youtube.com/@magicalfam,,No,none,travel,7498,6630,Mid,,,,,,,,,UCsqNR3BYyvps6U2mahvrkNA,15,1,1000,0.81,1.1309,False,False,,,0.86,manual,https://www.youtube.com/watch?v=n3m0XQ3O0_8,https://www.youtube.com/watch?v=ZlOSVo_JK4I,"one video is carrying the average; no monetization found, check link hubs and the About page by hand",True,15,True,True,2026-10-05T18:09:07+00:00
Zac Perna Show,https://www.youtube.com/@ZacPernaShow,,No,none,fitness,1738,4700,Mid,,,,,,,,,UCO19spEQiU85yZngQBglxBQ,28,0,998,1.62,0.3698,True,False,coaching,$4,0.54,manual,https://www.youtube.com/watch?v=Qb59NQZzrwY,https://www.youtube.com/watch?v=kLPMMRAS0j4,monetized but missing at least one High criterion,False,15,True,True,2026-10-05T17:35:50+00:00
Raley Adventures,https://www.youtube.com/@raleyadventures,raleyadventures@gmail.com,Yes,merch,running_endurance,1549,1950,Mid,,,,,,,,,UC6fOghNl-x9PKM3ed3GKAKQ,11,7,988,1.14,0.7944,True,False,merch; ebook; affiliate,,1.0,channel_description,https://www.youtube.com/watch?v=htn231A60yk,https://www.youtube.com/watch?v=PfrHo7-v6s0,monetized but missing at least one High criterion,False,15,True,True,2026-10-05T18:17:46+00:00
Airport Tips And Tricks,https://www.youtube.com/@AirportTipsAndTricks,,No,affiliate_only,travel,1072,32800,Mid,,,,,,,,,UCag135leBlww20XBE4tDtxQ,2,28,975,1.35,0.0327,True,False,amzn.to,,0.91,manual,https://www.youtube.com/watch?v=YgfQR8u2Who,https://www.youtube.com/watch?v=HzSxk11wvok,monetized but missing at least one High criterion,False,15,True,True,2026-10-05T16:18:32+00:00
PyroMoe,https://www.youtube.com/@PyroMoe,,No,none,,1263,9110,Mid,,,,,,,,,UC6D8iDOhdYXR1YLrbFgHJQA,25,0,955,0.62,0.1386,True,False,ebook,,0.0,manual,https://www.youtube.com/watch?v=uvePJwSpHCo,https://www.youtube.com/watch?v=Ps9Hkz9EVbQ,monetized but missing at least one High criterion,False,15,True,True,2026-10-05T17:11:46+00:00
Big Bend Strength,https://www.youtube.com/@bigbendstrength,,No,lead_magnet_only,fitness,1055,9490,Mid,,,,,,,,,UCZl4mONsvXREMEGmA8xGo-A,13,6,919,0.55,0.1112,True,False,program; coaching; free lead magnet,,1.0,manual,https://www.youtube.com/watch?v=cXYqFxHj4eM,https://www.youtube.com/watch?v=-YmBLc7yQ2w,monetized but missing at least one High criterion,False,15,True,True,2026-10-05T17:43:07+00:00
Travelling Tuesdays TV by Abena,https://www.youtube.com/@travellingtuesdays,abena@travellingtuesdays.com,No,none,travel,1668,11700,Mid,,,,,,,,,UCfWQjDO8ocUBmTL1PJ9OHVA,11,1,912,1.55,0.1426,True,False,ebook,£50,1.0,channel_description,https://www.youtube.com/watch?v=jDHlmjuCny0,https://www.youtube.com/watch?v=qlvWhfWeEYs,monetized but missing at least one High criterion,False,15,True,True,2026-10-05T18:30:10+00:00
Anna Bea,https://www.youtube.com/@AnnaBea,annabea.sw@gmail.com,No,affiliate_only,lifestyle_vlog,882,15900,Mid,,,,,,,,,UCraGxahEReuSxD-yCLEwv2Q,5,21,907,0.49,0.0555,True,False,amzn.to,,0.29,video_description,https://www.youtube.com/watch?v=1mbE32LnoA0,https://www.youtube.com/watch?v=qxmIyg9h-jE,monetized but missing at least one High criterion,False,15,True,True,2026-10-05T16:20:36+00:00
CareerOneStop,https://www.youtube.com/@CareerOneStop,,No,sponsors_only,business,714,43100,Mid,,,,,,,,,UC8opl10LrVIBL_JlcHFKWRg,1,30,880,1.56,0.0166,True,True,ebook; sponsor read,,1.0,manual,https://www.youtube.com/watch?v=Vf5XqebnA0Q,https://www.youtube.com/watch?v=ShIidkXMxDE,views are low for the subscriber count; monetized but missing at least one High criterion,True,9,True,True,2026-10-05T16:26:36+00:00
AltexSoft,https://www.youtube.com/@AltexSoft,solutions@altexsoft.com,No,none,travel,1273,73500,Mid,,,,,,,,,UCEKI_F16hUtBHcw9tBtr24Q,4,14,867,1.72,0.0173,True,False,ebook,$1.43,0.42,channel_description,https://www.youtube.com/watch?v=FoX2hGOtBIM,https://www.youtube.com/watch?v=XS5avLncLMo,views are low for the subscriber count; monetized but missing at least one High criterion,True,15,True,True,2026-10-05T16:19:32+00:00
Caitlin Vernon,https://www.youtube.com/@Caitlin_vernon,,No,none,nutrition,2257,43900,Mid,,,,,,,,,UCMOWqkGMuzApvB4JUEazZXw,3,61,865,2.01,0.0514,True,False,coaching; work with me,,0.62,manual,https://www.youtube.com/watch?v=kWwv6rFrOWs,https://www.youtube.com/watch?v=GAWax7yml8A,one video is carrying the average; monetized but missing at least one High criterion,True,15,True,True,2026-10-05T16:25:32+00:00
Jenny and Ryan Travel,https://www.youtube.com/@Jennyandryantravel,,No,none,travel,2015,337,Mid,,,,,,,,,UCh5wx_CtMWWeUMngOXlyZig,3,21,864,0.53,5.9792,True,False,ebook,,0.8,manual,https://www.youtube.com/watch?v=2g9TLiZZFsY,https://www.youtube.com/watch?v=s9Pe5g11HlY,one video is carrying the average; monetized but missing at least one High criterion,True,15,True,True,2026-10-05T16:48:54+00:00
ZachusTravel,https://www.youtube.com/@ZachusTravel,,No,affiliate_only,travel,1399,3830,Mid,,,,,,,,,UCvU7hnwCBUDQImodNbLADQA,3,11,843,1.15,0.3653,True,False,ebook; amzn.to; amazon.com/shop,,0.56,manual,https://www.youtube.com/watch?v=gTOfgcldPjw,https://www.youtube.com/watch?v=2mcSouzZ9zI,monetized but missing at least one High criterion,False,15,True,True,2026-10-05T17:36:07+00:00
Hoffman Happy Travels,https://www.youtube.com/@HoffmanHappyTravels,Matt.Hoffman@CruisePlanners.com,Yes,merch,travel,3945,30600,Mid,,,,,,,,,UCDmO708tK7161Tz5dnlIUSQ,9,6,817,1.1,0.1289,True,False,merch; amazon.com/shop; affiliate,,1.0,channel_description,https://www.youtube.com/watch?v=LUpAcppdycE,https://www.youtube.com/watch?v=UWk01X_jPMs,one video is carrying the average; monetized but missing at least one High criterion,True,15,True,True,2026-10-05T16:43:14+00:00
Consumer Reviews,https://www.youtube.com/@Consumer-Reviews,partnerships@consumerreviews.me,No,affiliate_only,tech,903,24200,Mid,,,,,,,,,UCWsXTCeIA6pILjOK6UroDuQ,30,0,772,0.84,0.0373,True,False,affiliate,,1.0,channel_description,https://www.youtube.com/watch?v=UXjwIKnfHnI,https://www.youtube.com/watch?v=D4GUz_vtCns,monetized but missing at least one High criterion,False,15,True,True,2026-10-05T16:28:52+00:00
Ask a Real Travel Expert - RTE Travel Talk,https://www.youtube.com/@askarealtravelexpert,questions@realtravelexperts.com,No,affiliate_only,travel,1628,31600,Mid,,,,,,,,,UCJq1bBHe-XDwLEtPBjl4tCg,13,3,768,0.72,0.0515,True,False,ebook; amzn.to; affiliate,,0.93,video_description,https://www.youtube.com/watch?v=7HhCjU49SQI,https://www.youtube.com/watch?v=BM4bTaCSMeo,one video is carrying the average; monetized but missing at least one High criterion,True,15,True,True,2026-10-05T17:40:10+00:00
Jonathan Xiang,https://www.youtube.com/@jonathanxiangg,,No,lead_magnet_only,lifestyle_vlog,9171,453,Mid,,,,,,,,,UCwryJIOYcsUHiwyOHnzsVlQ,3,5,764,0.52,20.245,True,False,free lead magnet,,0.5,manual,https://www.youtube.com/watch?v=DB6UvE6bFvU,https://www.youtube.com/watch?v=DB6UvE6bFvU,one video is carrying the average; monetized but missing at least one High criterion,True,15,True,True,2026-10-05T18:02:27+00:00
High Seas Cruising,https://www.youtube.com/@HighSeasCruisingBlog,,No,affiliate_only,travel,25682,572,Mid,,,,,,,,,UCao15f2qyOClT_gBplaDLdQ,3,14,748,10.86,44.8986,True,False,amazon.com/shop; affiliate,,1.0,manual,https://www.youtube.com/watch?v=THET9fM-QCY,https://www.youtube.com/watch?v=_fxC5tZe58s,one video is carrying the average; monetized but missing at least one High criterion,True,7,True,True,2026-10-05T16:43:06+00:00
Captain Compass Travel Adventures,https://www.youtube.com/@CaptainCompassTravel,anthony@captaincompasstravel.com,No,none,food,4057,1220,Mid,,,,,,,,,UCIMzszScJHC_9CGQFMW4WAw,4,2,730,4.41,3.3254,True,False,ebook,$14,0.5,channel_description,https://www.youtube.com/watch?v=FWXS6w4eFJA,https://www.youtube.com/watch?v=6E5ds13wQYc,one video is carrying the average; monetized but missing at least one High criterion,True,15,True,True,2026-10-05T16:26:27+00:00
Mr Free Value Highlights,https://www.youtube.com/@coachjms,,No,none,fitness,11216,1860,Mid,,,,,,,,,UCx_5tlv40oPI9eryIMYURiQ,1,30,728,,6.0301,True,False,coaching,$100k,1.0,manual,https://www.youtube.com/watch?v=gZVVUel3KMc,https://www.youtube.com/watch?v=gZVVUel3KMc,one video is carrying the average; monetized but missing at least one High criterion,True,5,True,True,2026-10-05T17:46:38+00:00
Jill Canning,https://www.youtube.com/@jillcanning,,No,affiliate_only,travel,1420,2350,Mid,,,,,,,,,UC2a8vrgPbVSrnSUyYGhbEbA,2,14,722,0.32,0.6043,True,False,amzn.to,,0.9,manual,https://www.youtube.com/watch?v=VuG2iRZMRao,https://www.youtube.com/watch?v=mRY6eIuJPlw,monetized but missing at least one High criterion,False,15,True,True,2026-10-05T18:01:52+00:00
Lurgs How To Guides,https://www.youtube.com/@LurgsHowToGuides,,Yes,merch,tech,1145,139000,Mid,,,,,,,,,UCN_9DzD6bXo4wOcghqA3n-Q,10,8,671,1.12,0.0082,True,False,merch; ebook,,0.5,manual,https://www.youtube.com/watch?v=kBNfErQuncY,https://www.youtube.com/watch?v=kBNfErQuncY,views are low for the subscriber count; monetized but missing at least one High criterion,True,11,True,True,2026-10-05T16:59:24+00:00
Passports2Places,https://www.youtube.com/@Passports2Places,travel@passports2places.com,No,none,travel,2151,868,Mid,,,,,,,,,UCg93ysQU2MhcZXlpLq0M1CA,4,14,626,1.75,2.4781,True,False,ebook,,1.0,channel_description,https://www.youtube.com/watch?v=igeOMnjuUvQ,https://www.youtube.com/watch?v=WqcXHe294dI,one video is carrying the average; monetized but missing at least one High criterion,True,15,True,True,2026-10-05T17:10:26+00:00
RJT Travels,https://www.youtube.com/@RJTTravels,,No,affiliate_only,travel,1702,7300,Mid,,,,,,,,,UC7lXR2kzwnpEqMVeyjjXMEQ,14,3,611,1.17,0.2332,True,False,program; ebook; affiliate,,1.0,manual,https://www.youtube.com/watch?v=1t5NG4Kx650,https://www.youtube.com/watch?v=RwbTPd4FuwI,one video is carrying the average; monetized but missing at least one High criterion,True,15,True,True,2026-10-05T17:12:10+00:00
"Zach, Rach & Life",https://www.youtube.com/@zachrachandlife,,No,affiliate_only,travel,2078,1290,Mid,,,,,,,,,UCPxv3d81RqCKJtZMysWk7MA,5,3,594,1.4,1.6109,True,False,ebook; amzn.to,,0.88,manual,https://www.youtube.com/watch?v=vksIzGpnFLQ,https://www.youtube.com/watch?v=Ph14F9vtJGI,one video is carrying the average; monetized but missing at least one High criterion,True,15,True,True,2026-10-05T18:34:18+00:00
Tash and Brad,https://www.youtube.com/@tashandbrad,Tashandbradprojects@gmail.com,No,none,travel,1389,5700,Mid,,,,,,,,,UCQE0iJ5Nq6wVZ-TOgM7ak2A,9,13,543,7.81,0.2437,True,False,ebook,,0.5,channel_description,https://www.youtube.com/watch?v=4W_jOmutREY,https://www.youtube.com/watch?v=4W_jOmutREY,one video is carrying the average; monetized but missing at least one High criterion,True,15,True,True,2026-10-05T18:24:41+00:00
Dani Nicholls,https://www.youtube.com/@DaniNicholls,mgmt@daninicholls.com,No,affiliate_only,travel,1214,6730,Mid,,,,,,,,,UC62DyKnNcf5QyJlQLEY24Fg,12,1,541,0.82,0.1804,True,False,affiliate; shopmy,,0.67,channel_description,https://www.youtube.com/watch?v=0DczjhF74_U,https://www.youtube.com/watch?v=NCzn6SWbh3E,one video is carrying the average; monetized but missing at least one High criterion,True,15,True,True,2026-10-05T16:31:40+00:00
Make Money Travel Blogging w/ Jessie on a Journey,https://www.youtube.com/@makemoneytravelblogging,,No,affiliate_only,travel,857,2290,Mid,,,,,,,,,UChZCFed7WHl_7yEZYo_uyLA,16,3,540,1.08,0.3742,True,False,course; ebook; amzn.to; affiliate,,0.88,manual,https://www.youtube.com/watch?v=Eg0ZZS9M9pE,https://www.youtube.com/watch?v=TWjwS_ELgn4,monetized but missing at least one High criterion,False,15,True,True,2026-10-05T18:09:31+00:00
Moms with Mouse Ears,https://www.youtube.com/@MomswithMouseEars,momswithmouseears@gmail.com,Yes,digital_product,travel,1071,4650,Mid,,,,,,,,,UC065Kr0BC3YQ9qeNpQrvgxQ,23,1,497,3.61,0.2303,True,False,payhip.com; ebook,,0.7,video_description,https://www.youtube.com/watch?v=F8ZwZp20h3o,https://www.youtube.com/watch?v=E3ytYG2cNms,one video is carrying the average; monetized but missing at least one High criterion,True,15,True,True,2026-10-05T17:02:39+00:00
Wales Adventures,https://www.youtube.com/@Walesadventures,daniel.whitty@hotmail.com,Yes,community_or_membership,travel,1334,3530,Mid,,,,,,,,,UCzXztLhEi82sBMVWDDEGLjw,17,1,483,0.2,0.3779,True,True,patreon.com; ebook; sponsor read,£490,1.0,channel_description,https://www.youtube.com/watch?v=-9CwHZfMYD0,https://www.youtube.com/watch?v=3kG0hUZFmLk,one video is carrying the average; monetized but missing at least one High criterion,True,15,True,True,2026-10-05T17:33:02+00:00
Brian Mark,https://www.youtube.com/@therealbrianmark,,No,none,business,706,29000,Mid,,,,,,,,,UCBvi8YJjMosEDFm5gKRfhJQ,30,13,461,1.06,0.0243,True,False,ebook,"$100,000",1.0,manual,https://www.youtube.com/watch?v=8LlhuO2pAW4,https://www.youtube.com/watch?v=MciPzYyuyL0,views are low for the subscriber count; monetized but missing at least one High criterion,True,15,True,True,2026-10-05T18:27:07+00:00
The Kingdom Insider,https://www.youtube.com/@TheKingdomInsider,,No,none,travel,1011,4100,Mid,,,,,,,,,UCfNy6LP8uPSjsktoPBr5JTQ,4,14,454,2.31,0.2466,True,False,ebook,,0.75,manual,https://www.youtube.com/watch?v=yav2Y4tE4yY,https://www.youtube.com/watch?v=wt48s3xn9Vw,one video is carrying the average; monetized but missing at least one High criterion,True,15,True,True,2026-10-05T17:23:17+00:00
DazeOut: Travel With Tony,https://www.youtube.com/@dazeouttravel,,Yes,community_or_membership,travel,1173,760,Mid,,,,,,,,,UCNKIZ_ZtnfSD8-kOg4JGVCQ,13,1,449,0.09,1.5434,True,False,patreon.com,,0.75,manual,https://www.youtube.com/watch?v=Wk8UfzjBzNk,https://www.youtube.com/watch?v=uoAMAg7ajbg,one video is carrying the average; monetized but missing at least one High criterion,True,15,True,True,2026-10-05T17:48:26+00:00
Pixie Dust Adventures,https://www.youtube.com/@Pixiedustadventures,,No,none,travel,1101,3780,Mid,,,,,,,,,UCGxPE_ELGElISKjTCmEPlBA,1,30,438,0.18,0.2913,True,False,ebook,,0.86,manual,https://www.youtube.com/watch?v=m9gEzYZaL_4,https://www.youtube.com/watch?v=L4Ykj_o4svM,one video is carrying the average; monetized but missing at least one High criterion,True,15,True,True,2026-10-05T17:11:14+00:00
Travis Nguyen,https://www.youtube.com/@TravisNguyen0,traviscreatebusiness@gmail.com,No,none,fitness,1176,13200,Mid,,,,,,,,,UCDLT7G1as5eaKjyk_VdI9yw,7,10,423,1.63,0.0891,True,False,coaching,,0.6,channel_description,https://www.youtube.com/watch?v=H4aGo1e_fc4,https://www.youtube.com/watch?v=ekXA4tEhBKs,one video is carrying the average; monetized but missing at least one High criterion,True,15,True,True,2026-10-05T17:30:43+00:00
Ste McGrath,https://www.youtube.com/@SteMcGrath,,Yes,community_or_membership,business,580,11800,Mid,,,,,,,,,UCHw6nOAu909ZLayOGme6gOg,15,7,412,1.03,0.0492,True,False,skool.com; program; coaching; template,$100,0.5,manual,https://www.youtube.com/watch?v=e97UgrkhoN0,https://www.youtube.com/watch?v=m1MQ84o0gNA,monetized but missing at least one High criterion,False,15,True,True,2026-10-05T17:18:26+00:00
Fiona J Coles,https://www.youtube.com/@FionaJColes,fionajanecoles@gmail.com,Yes,digital_product,nutrition,567,3630,Mid,,,,,,,,,UCHf5kKCo3iEEiO0gpN0EFOw,15,1,375,0.94,0.1562,True,True,podia.com; sponsor read; link hub: beacons.ai,£10,0.33,channel_description,https://www.youtube.com/watch?v=UClEjY6UZ64,https://www.youtube.com/watch?v=S89G6k_6wJk,monetized but missing at least one High criterion,False,15,True,True,2026-10-05T16:37:26+00:00
AllCentralFlorida,https://www.youtube.com/@AllCentralFlorida,,Yes,merch,travel,1975,25900,Mid,,,,,,,,,UC7w9v0KWp_fpJpNho5pMZYg,15,1,363,0.82,0.0763,True,False,fourthwall; ebook,,0.71,manual,https://www.youtube.com/watch?v=_xU22A6GGoA,https://www.youtube.com/watch?v=5L0sikds25o,one video is carrying the average; monetized but missing at least one High criterion,True,15,True,True,2026-10-05T16:19:02+00:00
Which?,https://www.youtube.com/@which,,No,lead_magnet_only,finance,935,112000,Mid,,,,,,,,,UCkqEX4I6XYfiOZ5zIwL7oag,4,3,355,1.15,0.0083,True,False,ebook; free lead magnet,,0.6,manual,https://www.youtube.com/watch?v=Z4jOnp8Brfg,https://www.youtube.com/watch?v=TP7yxpfVblI,one video is carrying the average; views are low for the subscriber count; monetized but missing at least one High criterion,True,15,True,True,2026-10-05T18:33:08+00:00
Hays Travel,https://www.youtube.com/@HaysTravelLtd,,No,none,travel,932,933,Mid,,,,,,,,,UC2w3oDXc-PkFfdSbsGjox9Q,2,30,350,,0.9989,True,False,ebook,,1.0,manual,https://www.youtube.com/watch?v=svPgwkqgvnU,https://www.youtube.com/watch?v=N1VhsC7wqTI,one video is carrying the average; monetized but missing at least one High criterion,True,6,True,True,2026-10-05T16:42:02+00:00
BoardiFly,https://www.youtube.com/@BoardiFly,,No,affiliate_only,travel,713,13900,Mid,,,,,,,,,UCTR_FHlQ8EFnfeqrLu8SNrQ,22,1,339,1.75,0.0513,True,False,amzn.to; affiliate,,1.0,manual,https://www.youtube.com/watch?v=AnLVYrkVvlw,https://www.youtube.com/watch?v=Fki2fcLHwdQ,one video is carrying the average; monetized but missing at least one High criterion,True,15,True,True,2026-10-05T16:23:10+00:00
Journeys With Jen,https://www.youtube.com/@journeys_with_jen,jenbrennan@mickeyworldtravel.com,No,affiliate_only,travel,438,9170,Mid,,,,,,,,,UCBR532rwcdylt7VCN6OE_LQ,9,14,331,1.53,0.0478,True,False,ebook; amazon.com/shop; link hub: linktr.ee,,0.91,channel_description,https://www.youtube.com/watch?v=GeGJmK5-MOQ,https://www.youtube.com/watch?v=5sGK-Rk4e9U,monetized but missing at least one High criterion,False,15,True,True,2026-10-05T18:03:01+00:00
susan,https://www.youtube.com/@susznarchives,,Yes,merch,lifestyle_vlog,339,2520,Mid,,,,,,,,,UCIWafqLsXtPkE5iI_hylC-Q,6,28,331,1.11,0.1345,True,False,merch,,0.64,manual,https://www.youtube.com/watch?v=LKaZXgOVViM,https://www.youtube.com/watch?v=LKaZXgOVViM,monetized but missing at least one High criterion,False,15,True,True,2026-10-05T18:24:08+00:00
Breast Cancer Now,https://www.youtube.com/@BreastCancerNowCharity,,No,none,food,381,4300,Mid,,,,,,,,,UC8VM32n3Xp3n3puDjGSMZKQ,7,4,321,1.22,0.0886,True,False,ebook,,0.33,manual,https://www.youtube.com/watch?v=_mbB7JQh8_s,https://www.youtube.com/watch?v=hasl1GgBmkQ,monetized but missing at least one High criterion,False,15,True,True,2026-10-05T16:24:16+00:00
Cruise Planners Franchise,https://www.youtube.com/@CruisePlannersFranchise,,No,none,travel,338,2200,Mid,,,,,,,,,UCAv1rW0pQNjDLrGq7GVwclA,1,14,309,1.46,0.1536,True,False,ebook,,1.0,manual,https://www.youtube.com/watch?v=I6Q-GMzuVCY,https://www.youtube.com/watch?v=8tcRW_1PQa4,monetized but missing at least one High criterion,False,13,True,True,2026-10-05T16:29:55+00:00
The Miranda's Adventures,https://www.youtube.com/@themirandasadventure3797,,No,none,travel,2966,591,Mid,,,,,,,,,UCHfV_sviA_io3y5qewQfPCg,2,30,303,3.4,5.0186,True,False,ebook,,0.67,manual,https://www.youtube.com/watch?v=BD3Sfd8x9uE,https://www.youtube.com/watch?v=Yis57xpzbF0,one video is carrying the average; monetized but missing at least one High criterion,True,15,True,True,2026-10-05T18:26:40+00:00
Jessie Hall,https://www.youtube.com/@Life_with_Jessie,,No,none,travel,1850,937,Mid,,,,,,,,,UClT_eGmgkWHgctt0bw2wYjw,4,14,286,1.88,1.9744,True,False,course,,1.0,manual,https://www.youtube.com/watch?v=76XDORVcD10,https://www.youtube.com/watch?v=Mh3LSBsYTjA,one video is carrying the average; monetized but missing at least one High criterion,True,15,True,True,2026-10-05T16:57:34+00:00
Moving to O'ahu - Relocation Network,https://www.youtube.com/@movetooahu,Kinak@Teamk2realestate.com,Yes,coaching_or_program,travel,723,108,Mid,,,,,,,,,UCMNI_aFI_o_G-IpWkkFql5w,24,1,286,0.62,6.6944,True,False,calendly.com; ebook,,0.6,channel_description,https://www.youtube.com/watch?v=KC2blRUwSl4,https://www.youtube.com/watch?v=pjZzTeWRh3k,one video is carrying the average; monetized but missing at least one High criterion,True,15,True,True,2026-10-05T18:12:14+00:00
Zakk Colburn,https://www.youtube.com/@ZakkColburn,,No,none,fitness,296,12100,Mid,,,,,,,,,UC0PHOYOzneDdFgyay-oMB9w,2,0,263,1.16,0.0245,True,False,coaching,,0.6,manual,https://www.youtube.com/watch?v=-GMfLEQFPpY,https://www.youtube.com/watch?v=fRn2i4QIS8s,views are low for the subscriber count; monetized but missing at least one High criterion,True,15,True,True,2026-10-05T17:36:16+00:00
OPEX Fitness,https://www.youtube.com/@OPEXFitness,,No,none,fitness,554,39600,Mid,,,,,,,,,UCCgDGih2kSp0A6W_0cVYuaQ,5,14,259,0.29,0.014,True,False,coaching; mentorship,,0.75,manual,https://www.youtube.com/watch?v=2j5LS151xaI,https://www.youtube.com/watch?v=IG2QtfS287w,one video is carrying the average; views are low for the subscriber count; monetized but missing at least one High criterion,True,15,True,True,2026-10-05T17:08:02+00:00
Ears and Ideas Extras,https://www.youtube.com/@earsandideasextras814,,No,affiliate_only,travel,393,253,Mid,,,,,,,,,UCoZhfbRN1EbfYev8RwVrIcg,7,5,240,0.98,1.5534,True,False,template; ebook; affiliate; commission on,,1.0,manual,https://www.youtube.com/watch?v=MbC9TP1oUGY,https://www.youtube.com/watch?v=GHtl6uUndoM,monetized but missing at least one High criterion,False,15,True,True,2026-10-05T17:49:45+00:00
Side Hustle Mastery,https://www.youtube.com/@SideHustleMasteryTV,,No,affiliate_only,finance,710,4800,Mid,,,,,,,,,UCgNZjxEghC8kLiCbMiEpgTQ,22,11,236,3.9,0.1479,True,False,course; affiliate,,0.33,manual,https://www.youtube.com/watch?v=xKIoRuX0oh4,https://www.youtube.com/watch?v=K4VhuEUN-mE,one video is carrying the average; monetized but missing at least one High criterion,True,15,True,True,2026-10-05T17:17:30+00:00
KHM Travel Group,https://www.youtube.com/@KHMTravelGroup,,No,none,travel,5727,15900,Mid,,,,,,,,,UCcoM6xmIv-xCcHrJ4lz6snw,1,30,231,0.72,0.3602,True,False,ebook,,0.86,manual,https://www.youtube.com/watch?v=5k-tVlloW_g,https://www.youtube.com/watch?v=OYPk_mo5xqM,one video is carrying the average; monetized but missing at least one High criterion,True,15,True,True,2026-10-05T16:52:30+00:00
Hospital for Special Surgery,https://www.youtube.com/@HSpecialSurgery,,No,none,running_endurance,315,297000,Mid,,,,,,,,,UCtiGeFDbY7iVDODlLKQ5onw,7,4,230,2.6,0.0011,True,False,program; ebook,,0.25,manual,https://www.youtube.com/watch?v=SZw4StxtQGM,https://www.youtube.com/watch?v=SZw4StxtQGM,views are low for the subscriber count; monetized but missing at least one High criterion,True,8,True,True,2026-10-05T16:40:59+00:00
TravelTractions | Tourism Marketing | Matt Davison,https://www.youtube.com/@traveltractions,,No,none,travel,511,889,Mid,,,,,,,,,UCmgcNFsRjGZlAAHBRi-pWRQ,16,6,221,1.09,0.5748,True,False,book a call; ebook,,0.91,manual,https://www.youtube.com/watch?v=6HPOEerv6N4,https://www.youtube.com/watch?v=7PXOoGKV7zs,one video is carrying the average; monetized but missing at least one High criterion,True,15,True,True,2026-10-05T18:30:51+00:00
Hannah Grace,https://www.youtube.com/@HannahGraceRiddle,hannah.grace.riddle@gmail.com,No,affiliate_only,lifestyle_vlog,408,6330,Mid,,,,,,,,,UCOuAQ_lV6uTZ2yDQkoHbjWA,12,8,203,0.97,0.0645,True,False,amazon.com/shop; affiliate; shopmy,,0.36,channel_description,https://www.youtube.com/watch?v=zI28AnSSbHY,https://www.youtube.com/watch?v=uPY6Ym35dNc,one video is carrying the average; monetized but missing at least one High criterion,True,15,True,True,2026-10-05T16:41:15+00:00
Alex Does Digital,https://www.youtube.com/@alexdoesdigital,,Yes,coaching_or_program,tech,370,2320,Mid,,,,,,,,,UCBIoosvMhE3zV1vJnQ64W6w,16,12,185,0.37,0.1595,True,False,cal.com; book a call; ebook,,0.6,manual,https://www.youtube.com/watch?v=hC_n57petxk,https://www.youtube.com/watch?v=9qg2CyOd9CQ,monetized but missing at least one High criterion,False,15,True,True,2026-10-05T17:38:11+00:00
"Travels, Me & TCB",https://www.youtube.com/@TravelsMeTCB,travelsmetcb@gmail.com,No,affiliate_only,travel,711,975,Mid,,,,,,,,,UC-Z5zJ1bYY-F_mfMquG0O2Q,5,3,182,1.29,0.7292,True,False,affiliate,,0.8,channel_description,https://www.youtube.com/watch?v=e9RA9GFJ0IA,https://www.youtube.com/watch?v=WbS1xQThyi4,one video is carrying the average; monetized but missing at least one High criterion,True,15,True,True,2026-10-05T17:30:35+00:00
Just Book It Travel,https://www.youtube.com/@JustBookItTravelOfficial,,No,none,travel,165,143,Mid,,,,,,,,,UCPUPWRHeW0zlToVDzdjvNxw,1,30,176,,1.1538,True,False,ebook,,1.0,manual,https://www.youtube.com/watch?v=vNuV0BBBk68,https://www.youtube.com/watch?v=BLgwjr6SmuY,monetized but missing at least one High criterion,False,4,True,True,2026-10-05T16:52:21+00:00
Ash Knows Travel,https://www.youtube.com/@ashknowstravel,,No,none,travel,225,14200,Mid,,,,,,,,,UCWl33dxxqpSNNYXNrTHQgOA,15,5,176,0.56,0.0158,True,False,template; link hub: linktr.ee,,0.93,manual,https://www.youtube.com/watch?v=WZkYWIqmz2A,https://www.youtube.com/watch?v=SWpczT3q8qs,views are low for the subscriber count; monetized but missing at least one High criterion,True,15,True,True,2026-10-05T17:39:50+00:00
Dr. Marc Morris,https://www.youtube.com/@drmarcmorris,,No,affiliate_only,nutrition,447,14900,Mid,,,,,,,,,UCti3uK7q-ylGZLPL0Tfk4SQ,26,1,167,0.8,0.03,True,False,coaching; ebook; amzn.to; free lead magnet,,0.5,manual,https://www.youtube.com/watch?v=FT6j6GsapHs,https://www.youtube.com/watch?v=J7430gEArMs,one video is carrying the average; monetized but missing at least one High criterion,True,15,True,True,2026-10-05T17:49:17+00:00
The Ellmers Adventures,https://www.youtube.com/@theellmersadventures,theellmersadventures@gmail.com,No,none,travel,141,1070,Mid,,,,,,,,,UCKevGcGU05XcsqP7jKyt1XA,9,3,132,1.5,0.1318,True,False,ebook; link hub: linktr.ee,,1.0,channel_description,https://www.youtube.com/watch?v=_8oAAip6dmo,https://www.youtube.com/watch?v=zCi8-H78RzU,monetized but missing at least one High criterion,False,15,True,True,2026-10-05T18:25:57+00:00
Michael The Travel Guy - Travelmation,https://www.youtube.com/@michaelthetravelguy,,No,affiliate_only,travel,888,248,Mid,,,,,,,,,UCAR_iObumClvmYViWsUw3xg,8,21,128,0.31,3.5806,True,False,ebook; amzn.to; affiliate,,0.92,manual,https://www.youtube.com/watch?v=gbnxSVoUzkE,https://www.youtube.com/watch?v=yUfapiZYBeI,one video is carrying the average; monetized but missing at least one High criterion,True,15,True,True,2026-10-05T18:10:59+00:00
WAFF 48 News & Weather,https://www.youtube.com/@48NewsOYS,,No,affiliate_only,tech,152,40300,Mid,,,,,,,,,UC1N4BxXSO5EFsgj0zPC5LzA,11,3,119,0.32,0.0038,True,False,ebook; affiliate,,1.0,manual,https://www.youtube.com/watch?v=69BY_DkY8N4,https://www.youtube.com/watch?v=97Rt4kCXPi8,views are low for the subscriber count; monetized but missing at least one High criterion,True,9,True,True,2026-10-05T16:16:24+00:00
Miss Mary Mak,https://www.youtube.com/@MissMaryMak,msmarymakofficial@gmail.com,No,affiliate_only,lifestyle_vlog,1794,1280,Mid,,,,,,,,,UCPGpsD69yjhJDcmIIndKsgA,4,7,109,1.19,1.4016,True,False,affiliate,,0.5,video_description,https://www.youtube.com/watch?v=RzAYIqgnYxU,https://www.youtube.com/watch?v=KfG2VQHm5bc,one video is carrying the average; monetized but missing at least one High criterion,True,15,True,True,2026-10-05T17:02:30+00:00
Calabash TV,https://www.youtube.com/@CalabashTV,,No,none,travel,102,12600,Mid,,,,,,,,,UCheIl4w5xWifytdbiVJ72sw,30,1,99,0.9,0.0081,True,False,program; ebook,,1.0,manual,https://www.youtube.com/watch?v=jREd_PXs3so,https://www.youtube.com/watch?v=qdnTigR2SoE,views are low for the subscriber count; monetized but missing at least one High criterion,True,15,True,True,2026-10-05T16:25:39+00:00
Gifted Travel Network,https://www.youtube.com/@giftedtravelnetwork,,No,none,travel,97,1990,Mid,,,,,,,,,UCRLyPchbmAxUNcGSCPDAe2w,15,0,97,1.05,0.0487,True,False,program; ebook,,0.67,manual,https://www.youtube.com/watch?v=w8Lx-adjmI4,https://www.youtube.com/watch?v=w8Lx-adjmI4,monetized but missing at least one High criterion,False,15,True,True,2026-10-05T17:54:58+00:00
Travel Market Report,https://www.youtube.com/@TravelMarketReport,,No,lead_magnet_only,travel,119,3130,Mid,,,,,,,,,UC9ZGOWZdJF_pEi0ySYJuWqA,7,0,86,0.69,0.038,True,False,free lead magnet,,1.0,manual,https://www.youtube.com/watch?v=BbhGcATGfeY,https://www.youtube.com/watch?v=X7-o8wy4ToQ,monetized but missing at least one High criterion,False,13,True,True,2026-10-05T17:29:44+00:00
Daniel Botero,https://www.youtube.com/@thedanielbotero,,No,none,business,100,598,Mid,,,,,,,,,UCSSwE3J0wA4zZ7xrfbF1OUA,18,5,85,1.21,0.1672,True,False,coaching,$100K,0.44,manual,https://www.youtube.com/watch?v=99F8iWpxO84,https://www.youtube.com/watch?v=C6bADwkqOuI,monetized but missing at least one High criterion,False,15,True,True,2026-10-05T18:25:49+00:00
Insider Travel Report,https://www.youtube.com/@InsiderTravelReport,,No,none,travel,87,9290,Mid,,,,,,,,,UCED6mlgZV9LpHMixzasfI4A,27,0,77,,0.0094,True,False,coaching,,0.6,manual,https://www.youtube.com/watch?v=kD02aaz3Cw0,https://www.youtube.com/watch?v=gjX1_n_TAgQ,views are low for the subscriber count; monetized but missing at least one High criterion,True,5,True,True,2026-10-05T16:45:30+00:00
Home Sales and Property Management,https://www.youtube.com/@HomePropertyManagement,,No,none,travel,67,1180,Mid,,,,,,,,,UCswdEgt6kZPBotBnCpTwwkQ,3,12,70,1.08,0.0568,True,False,ebook,,1.0,manual,https://www.youtube.com/watch?v=QztWTBec110,https://www.youtube.com/watch?v=hTVheU-WjpY,monetized but missing at least one High criterion,False,9,True,True,2026-10-05T16:43:30+00:00
"POUR THE WINE, IT'S ROM-COM TIME",https://www.youtube.com/@POURTHEWINEITSROMCOMTIME,,No,affiliate_only,tech,89,270,Mid,,,,,,,,,UCDH0tQb-3uJmppg2dJZxXpQ,27,6,65,0.56,0.3296,True,False,ebook; affiliate,,0.7,manual,https://www.youtube.com/watch?v=bgEcu9uV1JE,https://www.youtube.com/watch?v=Y4enBnXktlM,monetized but missing at least one High criterion,False,15,True,True,2026-10-05T17:09:45+00:00
Aimee Stewart,https://www.youtube.com/@AimeeStewart97,,No,affiliate_only,martial_arts,77,386,Mid,,,,,,,,,UCPgojdDMe7fj8aHGserkOjA,5,5,55,1.0,0.1995,True,False,affiliate,,0.67,manual,https://www.youtube.com/watch?v=l0TXejwYlFQ,https://www.youtube.com/watch?v=IT9GhabxRHQ,monetized but missing at least one High criterion,False,15,True,True,2026-10-05T16:18:17+00:00
Tourpreneur,https://www.youtube.com/@tourpreneur,,No,none,business,83,2170,Mid,,,,,,,,,UCkS1y9l59CqTroGDvzz-7lg,16,5,52,2.99,0.0382,True,False,ebook,,0.43,manual,https://www.youtube.com/watch?v=b8dIYuZd0NU,https://www.youtube.com/watch?v=FEkngjBa-n4,monetized but missing at least one High criterion,False,15,True,True,2026-10-05T18:29:00+00:00
Goofy Getaways,https://www.youtube.com/@GoofyGetawaysTravelAgency,,No,none,travel,64,65,Mid,,,,,,,,,UCcMJDEzSJsLdf0cpVgZtclQ,11,6,50,0.67,0.9846,True,False,ebook,,0.75,manual,https://www.youtube.com/watch?v=kJpDNILUST8,https://www.youtube.com/watch?v=vIqHXiqIAA4,monetized but missing at least one High criterion,False,15,True,True,2026-10-05T16:40:33+00:00
Lindsay Dollinger,https://www.youtube.com/@lindsaydollinger,,No,none,travel,71,345,Mid,,,,,,,,,UC-2cJ8u3zYvIA1UxoMy0JmA,29,0,34,2.69,0.2058,True,False,coaching; work with me; template; ebook,,0.73,manual,https://www.youtube.com/watch?v=aJDApgcdlBA,https://www.youtube.com/watch?v=Ahtadnxo7NA,one video is carrying the average; monetized but missing at least one High criterion,True,15,True,True,2026-10-05T18:07:38+00:00
Luxury Concierge Travel,https://www.youtube.com/@luxuryconciergetravel,,No,none,travel,7,10,Mid,,,,,,,,,UCFa2FDC56qKwb_5Dfn0P28A,1,5,6,,0.7,True,False,program,,1.0,manual,https://www.youtube.com/watch?v=OutR0bl42vo,https://www.youtube.com/watch?v=rhZHl5OJhA0,monetized but missing at least one High criterion,False,5,True,True,2026-10-05T18:08:31+00:00
12 News,https://www.youtube.com/@12NewsAZ,,No,none,,0,479000,Mid,,,,,,,,,UCu7G08TrwPx_0WH4M7OxjIQ,12,0,0,,0.0,True,False,ebook,,0.0,manual,,,views are low for the subscriber count; monetized but missing at least one High criterion,True,0,True,True,2026-10-05T16:15:28+00:00
Forbes,https://www.youtube.com/@Forbes,,No,none,,0,2190000,Mid,,,,,,,,,UCmh7afBz-uWwOSSNTqUBAhg,22,0,0,,0.0,True,False,ebook,,0.0,manual,,,views are low for the subscriber count; monetized but missing at least one High criterion,True,0,True,True,2026-10-05T16:38:57+00:00
LEX News,https://www.youtube.com/@LEX18NEWS,,No,none,,0,50000,Mid,,,,,,,,,UCeu1N74PUB5qo5qbx3aSgdw,9,0,0,,0.0,True,False,ebook,,0.0,manual,,,views are low for the subscriber count; monetized but missing at least one High criterion,True,0,True,True,2026-10-05T16:55:29+00:00
NBC News,https://www.youtube.com/@NBCNews,,No,none,,0,12100000,Mid,,,,,,,,,UCeY0bbntWzzVIaj2z3QigXg,14,0,0,,0.0,True,False,ebook,,0.0,manual,,,views are low for the subscriber count; monetized but missing at least one High criterion,True,0,True,True,2026-10-05T17:04:46+00:00
TEDx Talks,https://www.youtube.com/@TEDx,,No,none,,0,44700000,Mid,,,,,,,,,UCsT0YIqwnpJCM-mx7-gSA4Q,30,0,0,,0.0,True,False,course; ebook,,0.0,manual,,,views are low for the subscriber count; monetized but missing at least one High criterion,True,0,True,True,2026-10-05T17:19:52+00:00
WBTV News - Charlotte,https://www.youtube.com/@WBTVNews,,No,none,,0,59200,Mid,,,,,,,,,UCXezD8l3_YFKIYlH5jBxvjA,13,0,0,,0.0,True,False,ebook,,0.0,manual,,,views are low for the subscriber count; monetized but missing at least one High criterion,True,0,True,True,2026-10-05T17:32:36+00:00
The ZNS Network,https://www.youtube.com/@ZNSDigital,,No,none,,0,88300,Mid,,,,,,,,,UCPCeBf3Uyx_uSaBZehylzPg,16,0,0,,0.0,True,False,ebook; link hub: linktr.ee,,0.0,manual,,,views are low for the subscriber count; monetized but missing at least one High criterion,True,0,True,True,2026-10-05T17:35:31+00:00
Citizen TV Kenya,https://www.youtube.com/@kenyacitizentv,,No,none,,0,6700000,Mid,,,,,,,,,UChBQgieUidXV1CmDxSdRm3g,10,0,0,,0.0,True,False,program; ebook,,0.0,manual,,,views are low for the subscriber count; monetized but missing at least one High criterion,True,0,True,True,2026-10-05T18:04:42+00:00
Tampa Bay 28,https://www.youtube.com/@tampabay28,,No,none,,0,1050000,Mid,,,,,,,,,UCK0UUsCjtMRNtS3BPh1Yc4w,12,0,0,,0.0,True,False,ebook,,0.0,manual,,,views are low for the subscriber count; monetized but missing at least one High criterion,True,0,True,True,2026-10-05T18:24:23+00:00
WFMY News 2,https://www.youtube.com/@wfmynews2,,No,none,,0,143000,Mid,,,,,,,,,UC6UcjqhROKEWmz7aGzees9A,3,0,0,,0.0,True,False,ebook,,0.0,manual,,,views are low for the subscriber count; monetized but missing at least one High criterion,True,0,True,True,2026-10-05T18:32:51+00:00
Colin Amazing,https://www.youtube.com/@ColinAmazing,,No,none,,15899999,15100000,Low,,,,,,,,,UCMCzQGnRBx29bemSKM4nA4w,3,14,16000000,1.2,1.053,False,False,,,0.0,manual,https://www.youtube.com/watch?v=ekCSpTjWhGU,https://www.youtube.com/watch?v=COeXwY-52YE,no monetization found; no clear niche,False,15,True,True,2026-10-05T16:28:29+00:00
ErikTheElectric,https://www.youtube.com/@ErikTheElectric,,Yes,merch,nutrition,9806666,5410000,Low,,,,,,,,,UC6huXz0F6-7KA7-mW0jdejA,1,61,7900000,0.31,1.8127,True,False,merch,,0.44,manual,https://www.youtube.com/watch?v=q8Gi2DS4L34,https://www.youtube.com/watch?v=Lm-jHy06Zr8,rare uploads; stale channel; no clear niche,False,15,True,True,2026-10-05T16:34:56+00:00
Ryan Trahan,https://www.youtube.com/@ryan,hi@trahan.co,No,none,travel,10806666,24000000,Low,,,,,,,,,UCnmGIkw-KdI0W5siakKPKog,2,21,7700000,0.28,0.4503,False,False,,,1.0,channel_description,https://www.youtube.com/watch?v=mViuRAt-pWc,https://www.youtube.com/watch?v=z2SPBQMrye8,no monetization found; rare uploads,False,15,True,True,2026-10-05T18:19:21+00:00
Jordan Matter Photo Challenges,https://www.youtube.com/@jordanmatterphotochallenges,,No,none,food,7116666,855000,Low,,,,,,,,,UCvXY38EnvMGZCDBNMmbJBzQ,0,1461,5400000,,8.3236,False,False,,,0.5,manual,https://www.youtube.com/watch?v=pVkD6ze64hQ,https://www.youtube.com/watch?v=yhPtpLR8waI,no monetization found; rare uploads; stale channel; no clear niche,False,6,True,True,2026-10-05T18:02:45+00:00
emma chamberlain,https://www.youtube.com/@emmachamberlain,,No,none,,4606666,12000000,Low,,,,,,,,,UC78cxCAcp7JfQPgKxYdyGrg,0,274,4600000,1.39,0.3839,False,False,,,0.0,manual,https://www.youtube.com/watch?v=-gBfn6LBh-E,https://www.youtube.com/watch?v=MD35zQk7xYs,no monetization found; rare uploads; stale channel; no clear niche,False,15,True,True,2026-10-05T17:51:36+00:00
Pear,https://www.youtube.com/@Pear,,No,none,,2400000,274000,Low,,,,,,,,,UCRgAYD4knSdlI2LQg8RnLew,0,4018,2400000,,8.7591,True,False,ebook,,0.0,manual,https://www.youtube.com/watch?v=-8fo-7mBjIM,https://www.youtube.com/watch?v=-8fo-7mBjIM,rare uploads; stale channel; no clear niche,False,1,True,True,2026-10-05T17:10:42+00:00
A1 ADVENTURE,https://www.youtube.com/@A1ADVENTURE,a1usrawat@gmail.com,No,none,finance,2400000,6830000,Low,,,,,,,,,UCseLoxQAxjLbVha3IaQOjOA,30,0,2100000,0.81,0.3514,False,False,,,0.5,channel_description,https://www.youtube.com/watch?v=2QAwyV2LtbY,https://www.youtube.com/watch?v=XbGPcU7177k,no monetization found; no clear niche,False,15,True,True,2026-10-05T16:16:49+00:00
Julien Azelart,https://www.youtube.com/@JulienAzelart,partnerships@azelartmedia.com,No,none,food,3779933,1310000,Low,,,,,,,,,UC1ymP-F2E2Cw-V_XUTTBwgQ,0,365,2000000,0.89,2.8854,False,False,link hub: linktr.ee,,1.0,channel_description,https://www.youtube.com/watch?v=HAt6xHGa80I,https://www.youtube.com/watch?v=uh3-kfC4TxU,no monetization found; rare uploads; stale channel,False,15,True,True,2026-10-05T16:52:05+00:00
A for Adley - Learning & Fun,https://www.youtube.com/@AforAdley,Adley@Spacestation.com,No,none,tech,1887666,8720000,Low,,,,,,,,,UCBJuxfqZuiibvcwSc8ViGsQ,17,3,1900000,1.23,0.2165,False,False,,,0.5,channel_description,https://www.youtube.com/watch?v=wjRL6cpONws,https://www.youtube.com/watch?v=OdmgFPpbxiI,no monetization found; no clear niche,False,15,True,True,2026-10-05T16:18:09+00:00
JStu,https://www.youtube.com/@MoreJStu,Jstu@delkatalents.com,No,none,travel,1796266,8620000,Low,,,,,,,,,UCZpRTwgtk1H0cUAWrHZ1gzg,0,244,1500000,2.2,0.2084,False,False,,,1.0,channel_description,https://www.youtube.com/watch?v=YfMGVmwKoo8,https://www.youtube.com/watch?v=YxCpnOkwZsM,no monetization found; rare uploads; stale channel,False,15,True,True,2026-10-05T17:02:47+00:00
Jordan Matter Top Videos,https://www.youtube.com/@jordanmattertopvideos,,No,none,,1146266,1220000,Low,,,,,,,,,UCiU9mHY9vsfwO-VEpIlfrow,26,5,982000,2.09,0.9396,False,False,,,0.0,manual,https://www.youtube.com/watch?v=hhKdNCNPkyE,https://www.youtube.com/watch?v=wi2tTDSmZV4,no monetization found; no clear niche,False,15,True,True,2026-10-05T18:02:53+00:00
MaxCraft,https://www.youtube.com/@MaxCraftYT,,No,none,,1255933,2069999,Low,,,,,,,,,UCYPYEhWUvvKFgmgkLACagXA,5,2,948000,2.22,0.6067,False,False,,,0.0,manual,https://www.youtube.com/watch?v=UzjkQtFLdio,https://www.youtube.com/watch?v=vG0CCw8rNkY,no monetization found; no clear niche,False,15,True,True,2026-10-05T17:01:17+00:00
My 6 Month Transformation Challenge,https://www.youtube.com/@My6MonthTransformation,,No,none,fitness,967500,367000,Low,,,,,,,,,UCHRAhhnAB0oAqGqfXc2afiw,0,365,897000,,2.6362,False,False,,,1.0,manual,https://www.youtube.com/watch?v=IiI5h5-cjvc,https://www.youtube.com/watch?v=h9M21IOpfOM,no monetization found; rare uploads; stale channel,False,4,True,True,2026-10-05T17:04:25+00:00
Team Jesser,https://www.youtube.com/@TeamJesser,,No,none,food,1067000,6270000,Low,,,,,,,,,UCs6ZQr6vTKU83dLhTABrN4g,11,10,756000,1.55,0.1702,False,False,,,0.5,manual,https://www.youtube.com/watch?v=R8ufu5Lbf6g,https://www.youtube.com/watch?v=IxY7sscUhWA,no monetization found; no clear niche,False,15,True,True,2026-10-05T17:21:25+00:00
Dude Life,https://www.youtube.com/@dudelifeofficial,partners@dudelife.com,No,none,outdoors,595200,1160000,Low,,,,,,,,,UC3U3thfPS3fpfxORwPIfS9g,13,2,567000,0.62,0.5131,False,False,link hub: linktr.ee,,0.5,channel_description,https://www.youtube.com/watch?v=3f9hHz2yeAU,https://www.youtube.com/watch?v=iQkCk-3EEsw,no monetization found; no clear niche,False,15,True,True,2026-10-05T17:49:36+00:00
Cold Mash,https://www.youtube.com/@TheColdMash,,No,none,fitness,568333,242000,Low,,,,,,,,,UCLCY6-EgKrDDvm_ck4oWMdQ,12,0,511000,1.48,2.3485,False,False,,,0.4,manual,https://www.youtube.com/watch?v=GHXdgunI-0I,https://www.youtube.com/watch?v=pl4nwMaenu0,no monetization found; no clear niche,False,15,True,True,2026-10-05T17:21:51+00:00
BradyYourTutor,https://www.youtube.com/@BradyYourTutor,,No,none,food,613533,3320000,Low,,,,,,,,,UCj7bNvokLlzDPmTIRbS1wKw,10,2,462000,0.45,0.1848,False,False,link hub: bio.link,,0.5,manual,https://www.youtube.com/watch?v=ol67LiODNas,https://www.youtube.com/watch?v=eKPs9Elb7DU,no monetization found; no clear niche,False,15,True,True,2026-10-05T16:23:36+00:00
Nicolas Berndt,https://www.youtube.com/@nicolasberndt,,No,none,fitness,681866,531000,Low,,,,,,,,,UCo8Pn9wIgqWgsgw35h2HKdA,1,5,438000,1.35,1.2841,False,False,,,0.6,manual,https://www.youtube.com/watch?v=qzfS3BvspuE,https://www.youtube.com/watch?v=wdOP-EF1Ls0,no monetization found; rare uploads,False,15,True,True,2026-10-05T18:14:48+00:00
Jutta Leerdam,https://www.youtube.com/@juttaleerdam,,No,none,,396000,14800,Low,,,,,,,,,UCYMtFoBzYtMhGs1BATPtiPA,2,5,396000,,26.7568,False,False,,,0.0,manual,https://www.youtube.com/watch?v=Cmyq3C6Dslc,https://www.youtube.com/watch?v=Cmyq3C6Dslc,no monetization found; rare uploads; no clear niche,False,1,True,True,2026-10-05T18:03:41+00:00
Erika Diane,https://www.youtube.com/@ErikaDiane,tamara@smallscreenmarketing.com,No,none,lifestyle_vlog,434400,1710000,Low,,,,,,,,,UCiU62OZdeYaOWzryECkxROA,4,5,343000,1.29,0.254,False,False,link hub: linktr.ee,,0.4,channel_description,https://www.youtube.com/watch?v=chkrDoCGbRg,https://www.youtube.com/watch?v=Cw9bYrlRaKc,no monetization found; no clear niche,False,15,True,True,2026-10-05T16:35:04+00:00
Nicole Laeno,https://www.youtube.com/@NicoleLaeno,nicolelaenoteam@gmail.com,No,none,lifestyle_vlog,337666,3740000,Low,,,,,,,,,UCr1nLIQFpNV5DxD22qxGsyQ,16,2,306000,1.01,0.0903,False,False,,,0.5,channel_description,https://www.youtube.com/watch?v=qJHRyQgPFbQ,https://www.youtube.com/watch?v=qJHRyQgPFbQ,no monetization found; no clear niche,False,15,True,True,2026-10-05T17:06:29+00:00
OnPointFresh,https://www.youtube.com/@OnPointFresh,,No,lead_magnet_only,lifestyle_vlog,412533,656000,Low,,,,,,,,,UCuJfG_GNT9WfsM1VCLBH_PQ,1,61,292000,0.71,0.6289,True,False,ebook; free lead magnet,,0.4,manual,https://www.youtube.com/watch?v=Wr2X2szuYwQ,https://www.youtube.com/watch?v=s9GMcvYjyzk,rare uploads; stale channel; no clear niche,False,15,True,True,2026-10-05T17:08:53+00:00
Via Li,https://www.youtube.com/@via.ilyouu,team@viali.co,No,none,travel,337000,1180000,Low,,,,,,,,,UCm5etnYLYFRiGud35RCRAuQ,10,7,258000,1.14,0.2856,False,False,link hub: linktr.ee,,0.42,video_description,https://www.youtube.com/watch?v=hS9BOev_u5U,https://www.youtube.com/watch?v=w6_sWA-7GK0,no monetization found; no clear niche,False,15,True,True,2026-10-05T18:32:12+00:00
Jathaly,https://www.youtube.com/@jathaly,Jathaly@outloudtalent.com,No,none,travel,270000,557000,Low,,,,,,,,,UCABbEMDC2EdsLuF0pkoV_cg,3,14,255000,1.12,0.4847,False,False,,,0.55,channel_description,https://www.youtube.com/watch?v=EZ_j699Mt8Q,https://www.youtube.com/watch?v=JRqvQTJFSCs,no monetization found; no clear niche,False,15,True,True,2026-10-05T18:01:10+00:00
Mandy's iPhone,https://www.youtube.com/@mandys_iphone,,No,none,,299266,438000,Low,,,,,,,,,UCZR4ioZxU0e18LzT7UKMdSw,8,1,242000,0.69,0.6833,False,False,,,0.0,manual,https://www.youtube.com/watch?v=wAHw6VqV5Dg,https://www.youtube.com/watch?v=pLD1-aJuWEc,no monetization found; no clear niche,False,15,True,True,2026-10-05T18:09:50+00:00
Jihan's Seoul Overtime,https://www.youtube.com/@JihansSeoulOvertime,,No,none,lifestyle_vlog,268250,10800,Low,,,,,,,,,UC2gROhYCE-ajop6eossw37A,6,1,231000,,24.838,False,False,,,0.5,manual,https://www.youtube.com/watch?v=X_dKsilb8fM,https://www.youtube.com/watch?v=WgvL4b6x09M,no monetization found; no clear niche,False,4,True,True,2026-10-05T16:50:07+00:00
Thu's Life,https://www.youtube.com/@ThulifeinVietNam,,No,none,lifestyle_vlog,317750,52900,Low,,,,,,,,,UC2IlLTqt-NM6AslSg2vs4gA,13,2,231000,1.42,6.0066,False,False,,,0.44,manual,https://www.youtube.com/watch?v=7MB6Yl5Qgos,https://www.youtube.com/watch?v=TwI_nxar2ZI,no monetization found; no clear niche,False,12,True,True,2026-10-05T17:27:01+00:00
LeanBeefPatty,https://www.youtube.com/@theleanbeefpatty,,No,none,fitness,339333,3040000,Low,,,,,,,,,UCxTclqPDlFzC6yMVtWYm_DA,13,7,228000,3.09,0.1116,False,False,link hub: linktr.ee,,0.5,manual,https://www.youtube.com/watch?v=AigxlKe31hM,https://www.youtube.com/watch?v=RuXvaF5Jkgo,no monetization found; no clear niche,False,15,True,True,2026-10-05T18:26:22+00:00
Rohit Soniya Vlogs,https://www.youtube.com/@RohitSoniyaVlogs,,No,none,tech,527200,881000,Low,,,,,,,,,UCfOHfoIZlaq4vOiW4uJGImw,0,1096,224000,2.7,0.5984,False,False,,,0.33,manual,https://www.youtube.com/watch?v=bAxrdQvK5Ag,https://www.youtube.com/watch?v=rf3qcKGm0js,one video is carrying the average; no monetization found; rare uploads; stale channel; no clear niche,True,15,True,True,2026-10-05T17:14:07+00:00
Connor And Liana,https://www.youtube.com/@ConnorAndLiana,,No,none,travel,288266,4210000,Low,,,,,,,,,UC949o8thQEP15p9_VK69Vbw,6,1,200000,2.19,0.0685,False,False,,,0.4,manual,https://www.youtube.com/watch?v=RLJYuqrfxTY,https://www.youtube.com/watch?v=RLJYuqrfxTY,no monetization found; no clear niche,False,15,True,True,2026-10-05T16:28:45+00:00
𝓶𝓪𝔂𝓪  ♡,https://www.youtube.com/@mydelicate10,mydelicatebsns@gmail.com,No,none,lifestyle_vlog,260400,320000,Low,,,,,,,,,UC5fb8iSYJwa4OdzolM9ylKQ,0,274,170000,0.7,0.8137,False,False,link hub: beacons.ai,,1.0,channel_description,https://www.youtube.com/watch?v=wRC2o_pNyNE,https://www.youtube.com/watch?v=DwSEapTQYkQ,no monetization found; rare uploads; stale channel,False,15,True,True,2026-10-05T18:13:04+00:00
Miller Wilson,https://www.youtube.com/@MillerWilson,,No,none,travel,201533,1610000,Low,,,,,,,,,UCsQ7HxUm6dOG4T3SKUnoHgw,7,14,133000,0.88,0.1252,False,False,,,0.36,manual,https://www.youtube.com/watch?v=D3xrqmtNmFg,https://www.youtube.com/watch?v=EeBOw3rbSBQ,no monetization found; no clear niche,False,15,True,True,2026-10-05T17:02:14+00:00
Sierra Schultzzie,https://www.youtube.com/@SierraSchultzzie,Sierra@sixsevenmedia.com,No,none,tech,137866,1110000,Low,,,,,,,,,UCyKlcayeNPgJ_05ItVRLy2g,0,365,133000,1.23,0.1242,False,False,,,0.4,channel_description,https://www.youtube.com/watch?v=FMidvncwegw,https://www.youtube.com/watch?v=0uUki1s8P7Y,no monetization found; rare uploads; stale channel; no clear niche,False,15,True,True,2026-10-05T17:17:37+00:00
Jack Schmidt,https://www.youtube.com/@jackschmidt98,,No,none,travel,134333,3200,Low,,,,,,,,,UCfAVPQsucdP1cPm9hxZLipQ,0,365,123000,,41.9791,False,False,,,1.0,manual,https://www.youtube.com/watch?v=eeX4hgC5sr8,https://www.youtube.com/watch?v=tHuq7j_Azc4,no monetization found; rare uploads; stale channel,False,3,True,True,2026-10-05T18:00:43+00:00
Gemma Louise Miles,https://www.youtube.com/@GemmaLouiseMiles,,No,none,food,127800,607000,Low,,,,,,,,,UCw_cgQw94ppdIjwHFE0aQ7g,11,2,122000,1.2,0.2105,False,False,,,0.43,manual,https://www.youtube.com/watch?v=fUN8iFBBI0w,https://www.youtube.com/watch?v=7ooLnH6lGHI,no monetization found; no clear niche,False,15,True,True,2026-10-05T16:39:52+00:00
rhegan777,https://www.youtube.com/@rhegan777,,No,none,lifestyle_vlog,138800,331000,Low,,,,,,,,,UCTUzeEdt_xtS3tGjte3qs2g,1,61,122000,0.98,0.4193,False,False,,,0.9,manual,https://www.youtube.com/watch?v=zOZUuT4bVGk,https://www.youtube.com/watch?v=zOZUuT4bVGk,no monetization found; rare uploads; stale channel,False,15,True,True,2026-10-05T18:18:31+00:00
urmomsushi,https://www.youtube.com/@urmomsushi,chelsey@smallscreenmarketing.com,No,none,lifestyle_vlog,151466,551000,Low,,,,,,,,,UCVUgjaDIy2i2LP4Dw0fCYJw,5,21,122000,1.27,0.2749,False,False,,,0.4,channel_description,https://www.youtube.com/watch?v=9eJNGKxKENg,https://www.youtube.com/watch?v=9eJNGKxKENg,no monetization found; no clear niche,False,15,True,True,2026-10-05T18:31:53+00:00
ava rae,https://www.youtube.com/@avarae,,No,none,travel,121933,477000,Low,,,,,,,,,UCzno7dRWSF0g1b1ztlwhrgQ,8,14,102000,1.25,0.2556,False,False,,,0.56,manual,https://www.youtube.com/watch?v=4jrk81foQx8,https://www.youtube.com/watch?v=4jrk81foQx8,no monetization found; no clear niche,False,15,True,True,2026-10-05T17:40:37+00:00
Romantics Travel,https://www.youtube.com/@RomanticsTravel,,No,none,travel,77000,71,Low,,,,,,,,,UCo5U3fPZHB9DTTlwPG-PH3w,0,2192,77000,,1084.507,False,False,,,1.0,manual,https://www.youtube.com/watch?v=lbCQh36IBzE,https://www.youtube.com/watch?v=lbCQh36IBzE,no monetization found; rare uploads; stale channel,False,1,True,True,2026-10-05T17:14:16+00:00
Elle Swift,https://www.youtube.com/@elleswift,Lily.modlin@district.global,No,none,lifestyle_vlog,75866,585000,Low,,,,,,,,,UC1CUhQQjVS13V6cNKJyePDg,12,11,73000,1.32,0.1297,False,False,,,0.55,channel_description,https://www.youtube.com/watch?v=28iVsCl_2PM,https://www.youtube.com/watch?v=vWOc1WCUvNY,no monetization found; no clear niche,False,15,True,True,2026-10-05T17:51:00+00:00
Serenity,https://www.youtube.com/@Serenitygirlmom,,No,none,lifestyle_vlog,168636,210000,Low,,,,,,,,,UC3mrSMa4xWAUkCPreG8Jt8Q,2,14,72000,4.57,0.803,False,False,link hub: linktr.ee,,0.6,manual,https://www.youtube.com/watch?v=8r-4d7YRGdQ,https://www.youtube.com/watch?v=8r-4d7YRGdQ,one video is carrying the average; no monetization found; rare uploads,True,11,True,True,2026-10-05T17:16:19+00:00
Veda ASMR,https://www.youtube.com/@VedaASMR,,No,none,food,77266,55200,Low,,,,,,,,,UCj5XC6PV9jSdksdDI1rPF4A,0,730,71000,0.68,1.3997,False,False,,,0.5,manual,https://www.youtube.com/watch?v=Ve6GAEcrnOk,https://www.youtube.com/watch?v=G-tTcmSxguE,no monetization found; rare uploads; stale channel; no clear niche,False,15,True,True,2026-10-05T17:32:22+00:00
cari cakes,https://www.youtube.com/@caricakes,caricakes@sixteenth.com,No,none,lifestyle_vlog,67733,440000,Low,,,,,,,,,UCa-DreapaYm4Roo0CfUBGQg,9,14,62000,1.16,0.1539,False,False,,,0.57,channel_description,https://www.youtube.com/watch?v=WjLo8lsJM5s,https://www.youtube.com/watch?v=Sezf0Qw6flo,no monetization found; no clear niche,False,15,True,True,2026-10-05T17:45:11+00:00
Annalivia Hynds,https://www.youtube.com/@annaliviahynds23,,No,none,lifestyle_vlog,57500,23700,Low,,,,,,,,,UCoxDezHXTWOOERe_DQNPQKA,2,3,59000,1.3,2.4262,False,False,,,0.78,manual,https://www.youtube.com/watch?v=WLPZJeRXRO4,https://www.youtube.com/watch?v=ZHrO7bzY-f4,no monetization found; rare uploads,False,14,True,True,2026-10-05T17:39:26+00:00
VIP Travel,https://www.youtube.com/@VIP_Travel,carla.viptravel1@gmail.com,No,none,travel,169980,9060,Low,,,,,,,,,UCuwBbmn85GouDy_WIKwEFHA,1,30,55000,1.83,18.7616,False,False,,,1.0,video_description,https://www.youtube.com/watch?v=3ZwS-3ae3jY,https://www.youtube.com/watch?v=V_OW18uLDvU,one video is carrying the average; no monetization found; rare uploads,True,15,True,True,2026-10-05T17:32:13+00:00
Malik Fitness,https://www.youtube.com/@chirayumalikshorts2930,,No,none,tech,58800,3900000,Low,,,,,,,,,UCSjacqS5J49LbvM1D0oYdtg,1,9,51000,1.01,0.0151,False,False,,,0.75,manual,https://www.youtube.com/watch?v=zK_FGR9Zn_0,https://www.youtube.com/watch?v=G-G-WvuuXHM,views are low for the subscriber count; no monetization found; rare uploads,True,15,True,True,2026-10-05T17:45:44+00:00
Charlotte Elise,https://www.youtube.com/@CharlotteElise,CharliEliseContact@gmail.com,No,none,food,204780,259000,Low,,,,,,,,,UC9SJd90sIUXh5TRbz6oN6QA,2,30,47000,0.17,0.7907,False,False,,,0.5,channel_description,https://www.youtube.com/watch?v=HyT-dAbR-hg,https://www.youtube.com/watch?v=dlCqBo1_bBY,one video is carrying the average; no monetization found; rare uploads; no clear niche,True,15,True,True,2026-10-05T16:27:16+00:00
Kelly Matthews,https://www.youtube.com/@kellylmatthews,,No,none,running_endurance,89486,297000,Low,,,,,,,,,UCwa64qg4vu2-ku3dkEs5D3g,10,1,46000,2.84,0.3013,False,False,,,0.33,manual,https://www.youtube.com/watch?v=EqTg5ZjP9Yg,https://www.youtube.com/watch?v=AWgjgYyBEP8,no monetization found; no clear niche,False,15,True,True,2026-10-05T18:04:36+00:00
Liane Lippert,https://www.youtube.com/@LianeLippert98,,No,none,fitness,46400,21600,Low,,,,,,,,,UCVLyKBbfCocQxGb4sW37-uw,1,7,41000,0.87,2.1481,False,False,,,0.67,manual,https://www.youtube.com/watch?v=h0sWux6Pb_8,https://www.youtube.com/watch?v=pORcJkhtJvY,no monetization found; rare uploads,False,15,True,True,2026-10-05T16:57:17+00:00
Mark Ferris,https://www.youtube.com/@MarkFerris1,markferris@margravinetalent.com,No,none,travel,71066,671000,Low,,,,,,,,,UCV3uKTAAQi9qy5TwY6uZgGQ,3,4,40000,2.58,0.1059,False,False,,,0.5,channel_description,https://www.youtube.com/watch?v=lNBn68Iqid8,https://www.youtube.com/watch?v=zVWatmyqK4Q,no monetization found; no clear niche,False,15,True,True,2026-10-05T17:00:54+00:00
Rachel Muse,https://www.youtube.com/@rachel_muse,rachelmuse@thesociablesociety.com,No,none,travel,40600,77900,Low,,,,,,,,,UCJD2qvC0DT8p3mw6YnQSpQQ,0,152,38500,1.33,0.5212,False,False,,,0.67,channel_description,https://www.youtube.com/watch?v=L4WEeOlmubQ,https://www.youtube.com/watch?v=L4WEeOlmubQ,no monetization found; rare uploads; stale channel,False,10,True,True,2026-10-05T18:17:37+00:00
Jasmine Boateng,https://www.youtube.com/@JasmineBoateng,jay4businessonly@gmail.com,No,none,lifestyle_vlog,42000,112000,Low,,,,,,,,,UCU8nAY7towv3Q57skfPyNRQ,2,2,37000,0.76,0.375,False,False,,,0.78,video_description,https://www.youtube.com/watch?v=hKgnhKUX7uM,https://www.youtube.com/watch?v=vjvvN-Z7wqE,no monetization found; rare uploads,False,15,True,True,2026-10-05T16:47:37+00:00
fromlumi,https://www.youtube.com/@fromlumi,,No,none,fitness,710313,152000,Low,,,,,,,,,UCjD8iWSRhIo8JRCoUL4JY4A,0,183,37000,0.01,4.6731,False,False,,,0.43,manual,https://www.youtube.com/watch?v=WfMrXnhUBm0,https://www.youtube.com/watch?v=pv_1pB12Ufs,one video is carrying the average; no monetization found; rare uploads; stale channel; no clear niche,True,15,True,True,2026-10-05T17:53:45+00:00
Havea676,https://www.youtube.com/@havea676,,No,none,travel,40533,89600,Low,,,,,,,,,UCWEj28PMb4GEOY4LBES0ZjQ,13,5,36000,0.93,0.4524,False,False,,,0.5,manual,https://www.youtube.com/watch?v=KeM--qL9Wxk,https://www.youtube.com/watch?v=KeM--qL9Wxk,no monetization found; no clear niche,False,15,True,True,2026-10-05T17:56:30+00:00
Kris Hui,https://www.youtube.com/@KrisHui,sanfrankrisco@gmail.com,No,none,lifestyle_vlog,33266,410000,Low,,,,,,,,,UCq71kk9ucgkNapX3RCriKKw,7,3,33000,0.46,0.0811,False,False,,,0.36,channel_description,https://www.youtube.com/watch?v=uHS1Qqkc3_Y,https://www.youtube.com/watch?v=LoNK4E-pbI0,no monetization found; no clear niche,False,15,True,True,2026-10-05T16:55:01+00:00
TraveLike,https://www.youtube.com/@TraveLike,,No,none,lifestyle_vlog,48199,35100,Low,,,,,,,,,UCXN_DTb5Mo0jo-lo8uDPDWw,0,91,31000,1.15,1.3732,False,False,,,0.67,manual,https://www.youtube.com/watch?v=JLc_datzpzo,https://www.youtube.com/watch?v=zyj0uAPs1VQ,no monetization found; rare uploads; stale channel,False,15,True,True,2026-10-05T17:28:51+00:00
Abby Joselyn,https://www.youtube.com/@abby.joselyn,,No,none,travel,48133,101000,Low,,,,,,,,,UChihgzTEbAm4OP-2PtLwmaA,0,122,26000,2.43,0.4766,False,False,,,0.78,manual,https://www.youtube.com/watch?v=qMeLALegJaM,https://www.youtube.com/watch?v=VP1X0TeX-xk,no monetization found; rare uploads; stale channel,False,15,True,True,2026-10-05T17:36:58+00:00
Becca Becca,https://www.youtube.com/@wheresbeccaat,rebecca@meraki-group.co,No,none,running_endurance,80586,57900,Low,,,,,,,,,UCrIKqrMl_MP0WcfLvUunSGQ,1,30,26000,0.56,1.3918,False,False,,,0.38,channel_description,https://www.youtube.com/watch?v=TU_yaDKNQIE,https://www.youtube.com/watch?v=QOONbVgZw7Y,one video is carrying the average; no monetization found; rare uploads; no clear niche,True,15,True,True,2026-10-05T18:33:01+00:00
Lucy Davis Fit,https://www.youtube.com/@LucyDavisFit,,No,none,fitness,27733,309000,Low,,,,,,,,,UCPbyT8IyohY6V8ZVfI9uHug,12,4,25000,0.98,0.0898,False,False,,,0.4,manual,https://www.youtube.com/watch?v=8OUJ_efp_2k,https://www.youtube.com/watch?v=-DS_cs_ecMM,no monetization found; no clear niche,False,15,True,True,2026-10-05T16:59:08+00:00
Sachin Anand,https://www.youtube.com/@sachin_anand,,Yes,coaching_or_program,fitness,58906,52500,Low,,,,,,,,,UCCsfk0rblUCTlR-BjQsNrzA,0,91,25000,2.45,1.122,True,False,cal.com; coaching,,0.5,manual,https://www.youtube.com/watch?v=2XXzeHO8c8E,https://www.youtube.com/watch?v=YcUqiX2JweI,one video is carrying the average; rare uploads; stale channel; no clear niche,True,15,True,True,2026-10-05T18:19:50+00:00
My family diary telugu,https://www.youtube.com/@myfamilydiarytelugu3144,,No,none,lifestyle_vlog,26400,68400,Low,,,,,,,,,UCTd7KgjB_wmLd-absFsvOGQ,30,0,24000,0.64,0.386,False,False,,,0.43,manual,https://www.youtube.com/watch?v=mHYwQYBsjzY,https://www.youtube.com/watch?v=nNz7M_hf0-M,no monetization found; no clear niche,False,15,True,True,2026-10-05T18:13:13+00:00
Farhana Oberson,https://www.youtube.com/@FarhanaOberson,farhana@mcsaatchisocial.com,No,affiliate_only,lifestyle_vlog,28466,172000,Low,,,,,,,,,UCruHCa93z0-aV1DjdYtlPXQ,0,183,23000,0.61,0.1655,True,False,affiliate,,0.54,video_description,https://www.youtube.com/watch?v=EVwH5Wp716c,https://www.youtube.com/watch?v=pxtflmCZA60,rare uploads; stale channel; no clear niche,False,15,True,True,2026-10-05T16:37:02+00:00
BESVISOR,https://www.youtube.com/@haotang,,No,none,travel,41000,12300,Low,,,,,,,,,UCVgE4r3QnFf3KjidVmivA9g,1,61,21000,0.95,3.3333,False,False,,,0.73,manual,https://www.youtube.com/watch?v=snzDFimxF7s,https://www.youtube.com/watch?v=nnpXEpi_A3k,no monetization found; rare uploads; stale channel,False,15,True,True,2026-10-05T17:56:14+00:00
Elle Garenne,https://www.youtube.com/@elle_garenne,teamelle@fwbtalent.com,No,none,finance,41466,44300,Low,,,,,,,,,UCvF7evE-Iq30-fs4igzvcVw,12,7,20000,0.89,0.936,False,False,,,0.3,channel_description,https://www.youtube.com/watch?v=dDtZIKhvY8A,https://www.youtube.com/watch?v=PZ9aZcYs3EY,one video is carrying the average; no monetization found; no clear niche,True,15,True,True,2026-10-05T17:50:52+00:00
Erin Killeen,https://www.youtube.com/@erin.killeen,,No,affiliate_only,fitness,24666,122000,Low,,,,,,,,,UCk53cMi1O2kK3-IFxbl9QhQ,0,730,20000,0.75,0.2022,True,False,program; amazon.com/shop; ltk.,$30,0.43,manual,https://www.youtube.com/watch?v=TkLNmS4Qcxk,https://www.youtube.com/watch?v=diESLGhtiZU,rare uploads; stale channel; no clear niche,False,15,True,True,2026-10-05T17:51:53+00:00
twobirdbrains,https://www.youtube.com/@twobirdbrains,,No,none,travel,38166,2080,Low,,,,,,,,,UCpTf8kNlpPo9LNfzvoOizpg,0,183,19000,0.27,18.349,False,False,,,1.0,manual,https://www.youtube.com/watch?v=jrmuO1stBkk,https://www.youtube.com/watch?v=GJYV1CoNH_M,one video is carrying the average; no monetization found; rare uploads; stale channel,True,7,True,True,2026-10-05T18:31:45+00:00
Mckenzie Mack,https://www.youtube.com/@ItsMckenzieMack,mckenzie@undercurrent.net,No,none,finance,39175,54800,Low,,,,,,,,,UC0Mj1spf6PfMOw2XZ30RDsA,0,122,18500,0.9,0.7149,False,False,,,0.75,channel_description,https://www.youtube.com/watch?v=yGZii79RTYA,https://www.youtube.com/watch?v=fyPSuNAuxyc,one video is carrying the average; no monetization found; rare uploads; stale channel,True,8,True,True,2026-10-05T16:46:11+00:00
April Lauren,https://www.youtube.com/@AprilLauren,loveaprillauren@gmail.com,No,affiliate_only,travel,20540,70000,Low,,,,,,,,,UC41jyhiSXo_y8y2UvmO8csQ,0,365,18000,1.09,0.2934,True,True,template; ebook; affiliate; sponsor read,,0.4,channel_description,https://www.youtube.com/watch?v=GYC-GBGcux4,https://www.youtube.com/watch?v=tz5b7xPYT34,rare uploads; stale channel; no clear niche,False,15,True,True,2026-10-05T16:20:44+00:00
Aliza,https://www.youtube.com/@Liztess,,No,none,fitness,19546,44700,Low,,,,,,,,,UCx8Pdb6v81G6iFREZOdTVow,0,152,18000,0.81,0.4373,False,False,,,0.86,manual,https://www.youtube.com/watch?v=OvExOsnbwVE,https://www.youtube.com/watch?v=CFTmdCnj-bg,no monetization found; rare uploads; stale channel,False,15,True,True,2026-10-05T16:58:22+00:00
Jada Marie,https://www.youtube.com/@thejadamarie,,No,none,travel,38380,365000,Low,,,,,,,,,UCYR3JljMR2M9B9xQha7K9gA,2,1,18000,3.08,0.1052,False,False,,,0.53,manual,https://www.youtube.com/watch?v=2WYa2cunls8,https://www.youtube.com/watch?v=2WYa2cunls8,one video is carrying the average; no monetization found; rare uploads; no clear niche,True,15,True,True,2026-10-05T18:26:12+00:00
Chill Pov Guy,https://www.youtube.com/@ChillPovGuyTV,,No,none,fitness,52893,44500,Low,,,,,,,,,UCxKDDGPXDAZIY_vt9_qEBfQ,30,1,17000,0.29,1.1886,False,False,,,0.33,manual,https://www.youtube.com/watch?v=JDo0RrnsK20,https://www.youtube.com/watch?v=6lGtfqEfgd8,one video is carrying the average; no monetization found; no clear niche,True,15,True,True,2026-10-05T16:27:56+00:00
The Resort Report,https://www.youtube.com/@TheResortReportReviews,,No,none,travel,18546,716,Low,,,,,,,,,UCRVa0qOyzeuPHrFVw0JowkQ,1,61,16000,0.25,25.9022,False,False,,,1.0,manual,https://www.youtube.com/watch?v=T6jQQ6SjcOU,https://www.youtube.com/watch?v=T6jQQ6SjcOU,no monetization found; rare uploads; stale channel,False,15,True,True,2026-10-05T17:24:37+00:00
honey's home,https://www.youtube.com/@honeybud,,No,none,business,23200,26000,Low,,,,,,,,,UCBZviIeNEiO6zGXUaUwIb8A,0,244,15000,1.07,0.8923,False,False,,,0.33,manual,https://www.youtube.com/watch?v=Ty5NHsuvUgs,https://www.youtube.com/watch?v=ybLYusoBzxc,no monetization found; rare uploads; stale channel; no clear niche,False,15,True,True,2026-10-05T17:57:53+00:00
Magnus Method,https://www.youtube.com/@magnus_method,,No,none,fitness,39900,311000,Low,,,,,,,,,UCUPwPMjZAM5LNB8Fd7M5b9w,0,91,15000,0.68,0.1283,True,False,program,$1,0.56,manual,https://www.youtube.com/watch?v=MXE3IVXyHOs,https://www.youtube.com/watch?v=4ooybhk60Lk,one video is carrying the average; rare uploads; stale channel; no clear niche,True,15,True,True,2026-10-05T18:09:15+00:00
David X Las Vegas,https://www.youtube.com/@DavidXLasVegas,,No,none,travel,18286,9430,Low,,,,,,,,,UCu-tKXUewXTVeE4HdCDtbtg,0,183,14000,0.88,1.9391,False,False,,,0.75,manual,https://www.youtube.com/watch?v=T1Q1MrGTvn0,https://www.youtube.com/watch?v=6WA82R24uTk,no monetization found; rare uploads; stale channel,False,15,True,True,2026-10-05T16:31:55+00:00
Imogen Wolff,https://www.youtube.com/@ImogenWolff,,No,none,travel,17483,2980,Low,,,,,,,,,UChd_xu2pvUBKFbQhwCqkCQg,0,122,14000,,5.8668,False,False,,,0.67,manual,https://www.youtube.com/watch?v=r0jGNhIWk7I,https://www.youtube.com/watch?v=QSo5IqS6n5g,no monetization found; rare uploads; stale channel,False,6,True,True,2026-10-05T16:45:13+00:00
Morgan Yates,https://www.youtube.com/@MorganYatesVids,,No,affiliate_only,travel,40173,363000,Low,,,,,,,,,UC5GU33TiWdq6FI5uoWnW77A,0,213,12000,0.71,0.1107,True,False,amzn.to; amazon.com/shop; affiliate,,0.42,manual,https://www.youtube.com/watch?v=LZxBytYwyJw,https://www.youtube.com/watch?v=DRnUaQJjbcQ,one video is carrying the average; rare uploads; stale channel; no clear niche,True,15,True,True,2026-10-05T17:03:03+00:00
Tibor Del Grosso,https://www.youtube.com/@tibordelgrosso,,No,none,tech,44740,22000,Low,,,,,,,,,UCGhXGXdzLuD93mCWrlHi2ug,1,30,11000,0.15,2.0336,False,False,,,0.82,manual,https://www.youtube.com/watch?v=u_UGdNG0vn0,https://www.youtube.com/watch?v=uloLWC3mRfM,one video is carrying the average; no monetization found; rare uploads,True,15,True,True,2026-10-05T18:28:06+00:00
vibes of soumi,https://www.youtube.com/@vibesofsoumi,soumisamui08@gmail.com,No,none,lifestyle_vlog,15200,156000,Low,,,,,,,,,UCVXgQhdIuXcsQ8hWsS27V8A,1,61,11000,1.49,0.0974,False,False,,,0.62,channel_description,https://www.youtube.com/watch?v=YX2RAuX6tgg,https://www.youtube.com/watch?v=EFGn2EeVExE,no monetization found; rare uploads; stale channel,False,15,True,True,2026-10-05T18:32:21+00:00
WORKOUT WITH GINA,https://www.youtube.com/@workoutwithgina,,No,none,fitness,16000,256000,Low,,,,,,,,,UCb6wgU9L_fBCh8_-OVucAag,11,0,11000,1.07,0.0625,False,False,,,0.5,manual,https://www.youtube.com/watch?v=451EBEo0x_Q,https://www.youtube.com/watch?v=X-GLi2aZkQE,no monetization found; no clear niche,False,15,True,True,2026-10-05T18:33:36+00:00
Samantha J Mitchell,https://www.youtube.com/@SamanthaEliza_beth,,No,none,lifestyle_vlog,29091,13200,Low,,,,,,,,,UC-5L7aWgje9-urBbmG1pDiw,0,244,10600,6.67,2.2039,False,False,,,0.55,manual,https://www.youtube.com/watch?v=KOtldy0nucU,https://www.youtube.com/watch?v=0MR8NgUKyQc,one video is carrying the average; no monetization found; rare uploads; stale channel; no clear niche,True,12,True,True,2026-10-05T17:15:47+00:00
Requested Reads,https://www.youtube.com/@Requestedreads,contact@requestedreadsbiz.com,No,none,food,10340,1040000,Low,,,,,,,,,UCc0nOJerxC8JHf7sg3CK3Vg,30,0,10000,1.62,0.0099,False,False,,,0.5,channel_description,https://www.youtube.com/watch?v=kopUMsET6yI,https://www.youtube.com/watch?v=MRWZlN0XeWk,views are low for the subscriber count; no monetization found; no clear niche,True,15,True,True,2026-10-05T17:12:46+00:00
The hotel & hunter,https://www.youtube.com/@Thehotelandtakeawayhunter,,No,none,travel,14986,16300,Low,,,,,,,,,UCAN5q-zNsG3zfk0pHI2rXWQ,1,30,10000,4.46,0.9194,False,False,,,0.92,manual,https://www.youtube.com/watch?v=-IA9OUP6Ka8,https://www.youtube.com/watch?v=xXh-sHbb5eA,no monetization found; rare uploads,False,15,True,True,2026-10-05T17:26:08+00:00
Summer & Matt,https://www.youtube.com/@summerandmattvlogs,summer@insanityhq.com,No,none,travel,16523,10300,Low,,,,,,,,,UC-24R1ZElpUPOZXEvVSRvKg,2,61,10000,0.99,1.6042,False,False,,,0.78,channel_description,https://www.youtube.com/watch?v=U8I8RtZeFII,https://www.youtube.com/watch?v=iZBL-Op5fQ0,no monetization found; rare uploads; stale channel,False,13,True,True,2026-10-05T18:23:50+00:00
Ben Bader,https://www.youtube.com/@benhbader,,No,none,business,13440,25900,Low,,,,,,,,,UCjHifwrbviOci6If4i0qA8Q,0,365,9800,0.88,0.5189,True,False,course; work with me,,0.56,manual,https://www.youtube.com/watch?v=A3kSEHnliic,https://www.youtube.com/watch?v=X9e2NYmH4hA,rare uploads; stale channel; no clear niche,False,15,True,True,2026-10-05T17:42:17+00:00
Travel Wright,https://www.youtube.com/@travels_wright,,No,none,travel,76453,5610,Low,,,,,,,,,UCygdRrJFHBHOQ0QzJrCtp0w,1,61,9500,15.63,13.628,False,False,,,0.75,manual,https://www.youtube.com/watch?v=PpTI7PZxHZ8,https://www.youtube.com/watch?v=XaMq8vqLvV0,one video is carrying the average; no monetization found; rare uploads; stale channel,True,15,True,True,2026-10-05T18:30:34+00:00
Jordanah Meshe,https://www.youtube.com/@JordanahMeshe,Jordanahmeshe@gmail.com,No,none,travel,9860,46700,Low,,,,,,,,,UCtOWosJ3vt-c3ZJUlkCgbhg,1,21,8700,1.01,0.2111,False,False,,,0.67,channel_description,https://www.youtube.com/watch?v=KzqgeEFi2hI,https://www.youtube.com/watch?v=Zljw1n4_m4s,no monetization found; rare uploads,False,15,True,True,2026-10-05T16:51:25+00:00
okayasmin,https://www.youtube.com/@okayasmin,yasmin@outreachtalentgroup.com,No,affiliate_only,travel,14526,68400,Low,,,,,,,,,UCAqflPCyoS8A_thUxn_dtnQ,2,61,8700,1.83,0.2124,True,False,amzn.to; affiliate,,0.36,channel_description,https://www.youtube.com/watch?v=Fr_1TNctdrk,https://www.youtube.com/watch?v=Fr_1TNctdrk,rare uploads; stale channel; no clear niche,False,15,True,True,2026-10-05T18:15:34+00:00
The Incredible Wilsons,https://www.youtube.com/@theincrediblewilsons,,No,none,travel,11373,16700,Low,,,,,,,,,UCJYTQwsR04Y8T_0Troz8pzw,17,3,8700,0.99,0.681,False,False,,,0.36,manual,https://www.youtube.com/watch?v=TIzklflkhzo,https://www.youtube.com/watch?v=OZqjET5Q2kA,no monetization found; no clear niche,False,15,True,True,2026-10-05T18:26:05+00:00
Marcio Disney,https://www.youtube.com/@Marciodisney,,Yes,merch,travel,58157,11000,Low,,,,,,,,,UC8Wdg57Tm_6sQwof3tlj5Fw,0,4018,8000,3.48,5.287,True,False,merch,,0.5,manual,https://www.youtube.com/watch?v=H-NlDxTTkrk,https://www.youtube.com/watch?v=Qknzib1tg5s,one video is carrying the average; rare uploads; stale channel; no clear niche,True,12,True,True,2026-10-05T17:00:37+00:00
Lakemaker,https://www.youtube.com/@lakemaker,,No,none,travel,28128,6030,Low,,,,,,,,,UCSuk7COM-6AhFEyMOlzvxHQ,0,274,7400,0.89,4.6647,False,False,,,0.92,manual,https://www.youtube.com/watch?v=fBH4j5D3WpE,https://www.youtube.com/watch?v=S_tWysfRIuY,one video is carrying the average; no monetization found; rare uploads; stale channel,True,15,True,True,2026-10-05T18:05:35+00:00
Chloe Whitthread,https://www.youtube.com/@chloewhitthread,,No,none,travel,12700,13700,Low,,,,,,,,,UCdZGfGY_gDjtuqlV7hTRlhQ,4,21,7000,2.95,0.927,False,False,,,0.54,manual,https://www.youtube.com/watch?v=Nm2DrxZA53k,https://www.youtube.com/watch?v=nNgsu_bl1zw,no monetization found; no clear niche,False,15,True,True,2026-10-05T17:46:03+00:00
interactiveWDW,https://www.youtube.com/@interactiveWDW,,No,none,travel,15013,5310,Low,,,,,,,,,UC5hGF_3toFzHf-efSFEWNrA,0,365,6900,4.04,2.8273,False,False,,,1.0,manual,https://www.youtube.com/watch?v=uglVptu4RPE,https://www.youtube.com/watch?v=CSoORwVOpuo,one video is carrying the average; no monetization found; rare uploads; stale channel,True,15,True,True,2026-10-05T17:59:20+00:00
Seniors Walking The Camino,https://www.youtube.com/@seniorswalkingthecamino,,No,none,outdoors,10473,3410,Low,,,,,,,,,UCc8xcZzyzCUoitB_SzDHisg,0,1096,6700,0.67,3.0713,True,False,course,,0.5,manual,https://www.youtube.com/watch?v=o-vq8ld3tr8,https://www.youtube.com/watch?v=c0GlwwE6HMk,rare uploads; stale channel; no clear niche,False,15,True,True,2026-10-05T18:21:16+00:00
Amy Hart,https://www.youtube.com/@AmyHart,,No,none,tech,14046,13900,Low,,,,,,,,,UCTqK_OamhSoPWyS03Gj6XGQ,5,2,6500,0.69,1.0105,False,False,,,0.33,manual,https://www.youtube.com/watch?v=j73tbsT-8HI,https://www.youtube.com/watch?v=n76JzPjSs5E,one video is carrying the average; no monetization found; no clear niche,True,15,True,True,2026-10-05T16:20:11+00:00
Jasmine Winn,https://www.youtube.com/@JasmineWinnJ4,Jasminewinn04@gmail.com,No,none,lifestyle_vlog,51081,35100,Low,,,,,,,,,UCMXgrYvAAhMXq1Iqs8lXbdQ,1,21,6300,0.16,1.4553,False,False,,,0.67,channel_description,https://www.youtube.com/watch?v=lN2GcBz1ljE,https://www.youtube.com/watch?v=Zu0alEwtu1I,one video is carrying the average; no monetization found; rare uploads,True,11,True,True,2026-10-05T16:47:44+00:00
Roaming with the Barrys,https://www.youtube.com/@RoamingwiththeBarrys,,No,none,travel,7753,6550,Low,,,,,,,,,UCZk7eXGaOjc_c7E572YjIfw,8,7,5800,0.85,1.1837,False,False,,,0.36,manual,https://www.youtube.com/watch?v=7YR9tZmiamk,https://www.youtube.com/watch?v=94_ejCDdaqQ,no monetization found; no clear niche,False,15,True,True,2026-10-05T17:13:36+00:00
Morgan Taylor,https://www.youtube.com/@MorganTaylorLove,LoveMorganTaylor@gmail.com,No,none,lifestyle_vlog,7593,250000,Low,,,,,,,,,UCC5jU7ID10iywmmMZIYdRmg,2,1,5300,2.68,0.0304,False,False,,,0.75,channel_description,https://www.youtube.com/watch?v=bIBDG80OtaE,https://www.youtube.com/watch?v=bIBDG80OtaE,no monetization found; rare uploads,False,15,True,True,2026-10-05T17:02:55+00:00
Honest Holiday Review,https://www.youtube.com/channel/UCauClR6XOj9ePThlSVWa37A,,No,none,travel,8061,2310,Low,,,,,,,,,UCauClR6XOj9ePThlSVWa37A,2,30,5300,7.56,3.4896,False,False,,,1.0,manual,https://www.youtube.com/watch?v=coDNzIlT59k,https://www.youtube.com/watch?v=CMa3lbQSkZI,no monetization found; rare uploads,False,15,True,True,2026-10-05T18:35:39+00:00
Our perspective,https://www.youtube.com/@FamilyPerspective,,No,none,travel,5082,40,Low,,,,,,,,,UCbpAZV8MZUqK7HJy2BW9FJg,0,365,5082,,127.05,False,False,,,1.0,manual,https://www.youtube.com/watch?v=YP9_6YaQDj8,https://www.youtube.com/watch?v=YP9_6YaQDj8,no monetization found; rare uploads; stale channel,False,2,True,True,2026-10-05T16:36:45+00:00
TravelWright,https://www.youtube.com/@travelwright3124,,No,none,travel,11200,1610,Low,,,,,,,,,UCBKEeMCoaKy_KSvp4zMuNvw,0,274,4900,0.74,6.9565,False,False,,,1.0,manual,https://www.youtube.com/watch?v=Q8N11S9UT0k,https://www.youtube.com/watch?v=uZORQiTBk74,one video is carrying the average; no monetization found; rare uploads; stale channel,True,11,True,True,2026-10-05T18:31:06+00:00
Maha Selena,https://www.youtube.com/@mahaselena,,No,none,fitness,33450,7200,Low,,,,,,,,,UCCLpd7N8kjI2peLD7SlAHLg,0,152,4850,2.59,4.6458,False,False,,,0.6,manual,https://www.youtube.com/watch?v=zwxeh9myXXs,https://www.youtube.com/watch?v=c57jVKJ6aNU,one video is carrying the average; no monetization found; rare uploads; stale channel,True,12,True,True,2026-10-05T18:09:23+00:00
life with elouise,https://www.youtube.com/@lwelouise.s,lifewith7elouise@gmail.com,No,none,tech,4593,5840,Low,,,,,,,,,UCjzdFDcnKunzBv-s1-R2jow,6,2,4600,1.0,0.7865,False,False,,,0.33,channel_description,https://www.youtube.com/watch?v=oo66jV84RjY,https://www.youtube.com/watch?v=ISPfzNNfcM4,no monetization found; no clear niche,False,15,True,True,2026-10-05T18:08:58+00:00
Fowler Fam Adventures,https://www.youtube.com/@FowlerFamAdventures,,No,none,travel,15890,1900,Low,,,,,,,,,UC5Tb4QI_1NyToSN9zFFQT9Q,0,244,4500,0.34,8.3632,False,False,,,0.57,manual,https://www.youtube.com/watch?v=etEvHDR0qDw,https://www.youtube.com/watch?v=OWstPHzfSe4,one video is carrying the average; no monetization found; rare uploads; stale channel; no clear niche,True,15,True,True,2026-10-05T16:39:05+00:00
Jeanie Marie,https://www.youtube.com/@JeanieMarie,,No,affiliate_only,travel,13693,51600,Low,,,,,,,,,UCMNkfsf7J2px6oHBLWnGAQw,0,122,4500,0.96,0.2654,True,False,amzn.to; amazon.com/shop; affiliate,,0.5,manual,https://www.youtube.com/watch?v=zsA1jo7QBvI,https://www.youtube.com/watch?v=kYRj8huzOic,one video is carrying the average; rare uploads; stale channel; no clear niche,True,15,True,True,2026-10-05T16:48:24+00:00
Ashleysayque,https://www.youtube.com/@AshleysayQue,,No,affiliate_only,fitness,5346,53500,Low,,,,,,,,,UCNtdoNDwznDPpdRmNBl97Lg,0,365,4300,1.77,0.0999,True,True,amazon.com/shop; sponsor read,,0.36,manual,https://www.youtube.com/watch?v=GPIMtA778ck,https://www.youtube.com/watch?v=KOxqhqAvoW8,rare uploads; stale channel; no clear niche,False,15,True,True,2026-10-05T16:21:01+00:00
Lottie Rainbow,https://www.youtube.com/@LottieRainbow,,No,none,travel,5203,45900,Low,,,,,,,,,UCLczHNVKwttcKshJsV7HR2g,0,730,4000,2.06,0.1134,False,False,,,0.5,manual,https://www.youtube.com/watch?v=-I9LwQcBfI8,https://www.youtube.com/watch?v=d3TbDSXo67w,no monetization found; rare uploads; stale channel; no clear niche,False,15,True,True,2026-10-05T16:58:38+00:00
themickeywiki,https://www.youtube.com/@themickeywikioffical,,No,none,travel,18556,336,Low,,,,,,,,,UCKxjVTC1VvQnFK7FxFNkGJw,0,21,4000,,55.2262,False,False,,,1.0,manual,https://www.youtube.com/watch?v=Ufu65BOjoBs,https://www.youtube.com/watch?v=Ufu65BOjoBs,one video is carrying the average; no monetization found; rare uploads,True,6,True,True,2026-10-05T18:26:30+00:00
NHS,https://www.youtube.com/@NHS,nhswebsite.servicedesk@nhs.net,No,none,food,22743,249000,Low,,,,,,,,,UCbVg41jzM8UroywvEr73Pdw,2,3,3900,2.28,0.0913,False,False,,,0.6,channel_description,https://www.youtube.com/watch?v=YQX3j-fHO9Q,https://www.youtube.com/watch?v=cXL5fZ7-Tg8,one video is carrying the average; no monetization found; rare uploads,True,10,True,True,2026-10-05T17:05:02+00:00
Alex Sears,https://www.youtube.com/@alex_sears,,No,none,tech,13457,61600,Low,,,,,,,,,UCjkvduC2yl9hpgIqMzaqN2A,0,244,3800,0.69,0.2185,False,False,,,0.29,manual,https://www.youtube.com/watch?v=W9-WkkaoS2A,https://www.youtube.com/watch?v=W9-WkkaoS2A,one video is carrying the average; no monetization found; rare uploads; stale channel; no clear niche,True,14,True,True,2026-10-05T17:38:03+00:00
Emily George,https://www.youtube.com/@emilyylifts,,No,none,lifestyle_vlog,3846,1650,Low,,,,,,,,,UCYj0VDOYU29BWhSQZkmxT1g,0,122,3600,1.03,2.3309,False,False,,,0.64,manual,https://www.youtube.com/watch?v=_eyWlv_PDAY,https://www.youtube.com/watch?v=SDMnRiW34dU,no monetization found; rare uploads; stale channel,False,15,True,True,2026-10-05T17:51:27+00:00
Cruise Specialists,https://www.youtube.com/@CruiseSpecialists,,No,none,travel,7751,3130,Low,,,,,,,,,UChfznYaskMEM9wjlkpggPNw,0,14,3500,,2.4764,False,False,,,1.0,manual,https://www.youtube.com/watch?v=RTt0hVa99Ms,https://www.youtube.com/watch?v=TKnLlzixwBw,one video is carrying the average; no monetization found; rare uploads,True,6,True,True,2026-10-05T16:30:03+00:00
Shrinking Allison,https://www.youtube.com/@ShrinkingAllison,shrinkingallison@gmail.com,No,affiliate_only,lifestyle_vlog,3493,2860,Low,,,,,,,,,UCqsRGICnnuuIPrBr2S2dObg,0,335,3400,0.87,1.2213,True,False,amzn.to; affiliate,,0.38,video_description,https://www.youtube.com/watch?v=elu6fq7mhDk,https://www.youtube.com/watch?v=yGIXZxLpH34,rare uploads; stale channel; no clear niche,False,15,True,True,2026-10-05T17:17:21+00:00
Famvia Travel,https://www.youtube.com/@famviatravel,,No,none,travel,15859,5930,Low,,,,,,,,,UC87Z8nQz9Q97v_DgNkLO3lQ,0,274,3200,63.83,2.6744,False,False,,,0.8,manual,https://www.youtube.com/watch?v=cXvJqVrYeUw,https://www.youtube.com/watch?v=INuj5PLg0uA,one video is carrying the average; no monetization found; rare uploads; stale channel,True,15,True,True,2026-10-05T17:52:43+00:00
InsideJapan Tours,https://www.youtube.com/@insidejapantours,,No,none,travel,3300,2470,Low,,,,,,,,,UCv20CwGRc444IuE5zxY0nOw,0,365,3150,2.05,1.336,False,False,,,0.5,manual,https://www.youtube.com/watch?v=mMOVvTk8MtI,https://www.youtube.com/watch?v=Ho0fZn8U3nk,no monetization found; rare uploads; stale channel; no clear niche,False,12,True,True,2026-10-05T17:59:02+00:00
Kay Northrup - Destination Wedding Planner,https://www.youtube.com/@KayNorthrup,,No,none,travel,5651,1780,Low,,,,,,,,,UCmlhKMhDSbPd9USdHp7xTzg,0,122,3000,2.15,3.1747,False,False,,,1.0,manual,https://www.youtube.com/watch?v=qLtFG7VQPuY,https://www.youtube.com/watch?v=zFWQ7SuEbX8,no monetization found; rare uploads; stale channel,False,15,True,True,2026-10-05T16:53:55+00:00
Robyn🌟,https://www.youtube.com/@Robynw05,,No,none,outdoors,92686,8050,Low,,,,,,,,,UCWGWKyAbbwnbDeZKKQLK_IQ,0,244,3000,0.67,11.5138,False,False,,,0.5,manual,https://www.youtube.com/watch?v=xIs1SumB_cM,https://www.youtube.com/watch?v=xIs1SumB_cM,one video is carrying the average; no monetization found; rare uploads; stale channel; no clear niche,True,8,True,True,2026-10-05T17:13:58+00:00
Millie Jane Richardson,https://www.youtube.com/@milliejanerichardson,,No,none,travel,7573,1400,Low,,,,,,,,,UCEh5csM4diDr0jt_r1fzt3A,0,365,3000,6.86,5.4093,False,False,,,0.67,manual,https://www.youtube.com/watch?v=tu8O_5FU3a8,https://www.youtube.com/watch?v=58RrTqiXcIM,one video is carrying the average; no monetization found; rare uploads; stale channel,True,13,True,True,2026-10-05T18:11:28+00:00
Nicola Boyle,https://www.youtube.com/@nicolaboyle_,,No,none,travel,3246,3790,Low,,,,,,,,,UCBcbv5G6ueQjepS28IPT1Gg,2,30,3000,2.0,0.8565,False,False,,,0.6,manual,https://www.youtube.com/watch?v=U-O_uZ_vDJA,https://www.youtube.com/watch?v=gNXe_AWbE6Q,no monetization found; rare uploads,False,15,True,True,2026-10-05T18:14:40+00:00
Lily Phillips,https://www.youtube.com/@Lily.phillips,,No,none,travel,13526,3300,Low,,,,,,,,,UCxHrqboGtHXk4645jCLhNyw,0,91,2900,3.38,4.0988,False,False,,,0.69,manual,https://www.youtube.com/watch?v=GTp54xu5ZSU,https://www.youtube.com/watch?v=d2s54tbmYi4,one video is carrying the average; no monetization found; rare uploads; stale channel,True,15,True,True,2026-10-05T16:58:05+00:00
Shai•diary,https://www.youtube.com/@maricelflores,,No,none,lifestyle_vlog,2584,12600,Low,,,,,,,,,UCc9JKrbnHgGhqlbuKQWUxoQ,2,30,2900,0.37,0.2051,False,False,,,1.0,manual,https://www.youtube.com/watch?v=fQcRH34kWCs,https://www.youtube.com/watch?v=JAoBx6TA1cU,no monetization found; rare uploads,False,15,True,True,2026-10-05T18:10:08+00:00
Blue Star Nutraceuticals,https://www.youtube.com/@BlueStarNutraceuticals,,No,none,fitness,2906,185000,Low,,,,,,,,,UCJLZhluuIvBBbWJtCXMDy6g,0,183,2600,0.91,0.0157,False,False,,,0.91,manual,https://www.youtube.com/watch?v=LOZSXr3XVFc,https://www.youtube.com/watch?v=IKrOPoUukwU,views are low for the subscriber count; no monetization found; rare uploads; stale channel,True,15,True,True,2026-10-05T16:23:02+00:00
Travel Dance Life,https://www.youtube.com/@TravelDanceLife,,No,none,travel,7395,2080,Low,,,,,,,,,UCh35fch0guSuE5OD3g5Cgpg,1,30,2500,0.7,3.5553,False,False,,,1.0,manual,https://www.youtube.com/watch?v=6qGktE-6gIo,https://www.youtube.com/watch?v=ciooaF070Mk,one video is carrying the average; no monetization found; rare uploads,True,15,True,True,2026-10-05T17:29:26+00:00
Walk With Niamh,https://www.youtube.com/@WalkWithNiamh,,No,none,travel,2879,5850,Low,,,,,,,,,UCCaDi38Hbl0lYzFNgp-afWA,0,183,2400,1.0,0.4921,False,False,link hub: linktr.ee,,0.9,manual,https://www.youtube.com/watch?v=vIXOQ51hkEQ,https://www.youtube.com/watch?v=8Ed0jYrwk6Y,no monetization found; rare uploads; stale channel,False,15,True,True,2026-10-05T17:33:21+00:00
Holt & Ashley,https://www.youtube.com/@HoltandAshley,,No,none,travel,6098,28400,Low,,,,,,,,,UC1P8gLnoMKNFu7uNYzP-kfA,0,183,2300,1.17,0.2147,False,False,,,0.5,manual,https://www.youtube.com/watch?v=0IHHNaPmDME,https://www.youtube.com/watch?v=pNJZiUh751Q,one video is carrying the average; no monetization found; rare uploads; stale channel; no clear niche,True,15,True,True,2026-10-05T16:43:22+00:00
Seeking Travel,https://www.youtube.com/@seekingtravel,,No,none,tech,2664,3310,Low,,,,,,,,,UCOyw9IOLSUE06icxOARguag,2,30,2300,1.21,0.8048,False,False,,,0.75,manual,https://www.youtube.com/watch?v=1sl07lS-w48,https://www.youtube.com/watch?v=aWyjmfF7uBQ,no monetization found; rare uploads,False,15,True,True,2026-10-05T18:20:50+00:00
Honeymoons,https://www.youtube.com/@Honeymoons,,No,none,travel,3713,4120,Low,,,,,,,,,UCm8r9v7U_qV0460OFiN5oPw,0,365,2200,0.15,0.9012,False,False,,,0.75,manual,https://www.youtube.com/watch?v=knkMCda0QHE,https://www.youtube.com/watch?v=LVPejvnvhtI,no monetization found; rare uploads; stale channel,False,15,True,True,2026-10-05T16:43:45+00:00
Theme Parks for Grown-Ups,https://www.youtube.com/@ThemeParksforGrownUps,,No,none,travel,7791,4080,Low,,,,,,,,,UCtv7wuGeoRxTWCDqArK5RVA,0,1096,2200,1.86,1.9096,True,False,course,,0.45,manual,https://www.youtube.com/watch?v=P-jtUUa8DWc,https://www.youtube.com/watch?v=VGshQSuEtqo,one video is carrying the average; rare uploads; stale channel; no clear niche,True,15,True,True,2026-10-05T17:26:26+00:00
360frankie,https://www.youtube.com/@360frankie,,No,none,finance,2100,250,Low,,,,,,,,,UCaGDMAERuraNgct1fbFvGdg,1,61,2100,,8.4,False,False,,,1.0,manual,https://www.youtube.com/watch?v=TMiYB1cimEk,https://www.youtube.com/watch?v=TMiYB1cimEk,no monetization found; rare uploads; stale channel,False,1,True,True,2026-10-05T16:16:08+00:00
Dad Life - Parent Humour and Family Travel,https://www.youtube.com/@dadlifewithriver,,No,none,travel,8298,23200,Low,,,,,,,,,UChdbpgRRZ5AmEmLiJtUPkZQ,0,244,2100,0.06,0.3577,False,False,,,0.83,manual,https://www.youtube.com/watch?v=B_1-Y3IuDXM,https://www.youtube.com/watch?v=oR7sFtL_aPA,one video is carrying the average; no monetization found; rare uploads; stale channel,True,15,True,True,2026-10-05T17:47:34+00:00
Lauren Fisher,https://www.youtube.com/@lauren_fisher,,No,none,fitness,4266,30100,Low,,,,,,,,,UCOyRTj2mpZ09mmAc-YltWMw,0,244,2100,1.9,0.1417,True,False,ebook,,0.4,manual,https://www.youtube.com/watch?v=jhdzuzxWs2E,https://www.youtube.com/watch?v=X2Wu3i2qj8s,one video is carrying the average; rare uploads; stale channel; no clear niche,True,15,True,True,2026-10-05T18:06:02+00:00
Takeoff Lee,https://www.youtube.com/@takeofflee,,No,none,tech,15258,44800,Low,,,,,,,,,UCVjrDc1r2kqWmGwOli77JhA,5,4,2100,0.51,0.3406,False,False,,,0.33,manual,https://www.youtube.com/watch?v=GfwGJDB3x5c,https://www.youtube.com/watch?v=6U29QBEH1WQ,one video is carrying the average; no monetization found; no clear niche,True,15,True,True,2026-10-05T18:24:16+00:00
Roaming Routes,https://www.youtube.com/@The_Roaming_Routes,,No,none,travel,8440,1280,Low,,,,,,,,,UCO7_Ksx8jHGbNJlDvh9zaGA,0,91,2000,2.78,6.5938,False,False,,,0.93,manual,https://www.youtube.com/watch?v=T0lM2P0GUq8,https://www.youtube.com/watch?v=FHJbd2vNVtw,one video is carrying the average; no monetization found; rare uploads; stale channel,True,15,True,True,2026-10-05T17:25:44+00:00
Aisha Elainee,https://www.youtube.com/@aishaelainee,,No,none,lifestyle_vlog,4492,2960,Low,,,,,,,,,UCCBAR2hD9wMddY7lkZZV1jA,0,152,2000,6.45,1.5176,False,False,,,0.83,manual,https://www.youtube.com/watch?v=e26u3KgH8KE,https://www.youtube.com/watch?v=SUuDizbQAq4,one video is carrying the average; no monetization found; rare uploads; stale channel,True,15,True,True,2026-10-05T17:37:55+00:00
Travel Springs,https://www.youtube.com/@TravelSprings,,No,none,travel,4192,11800,Low,,,,,,,,,UC3oCZfe3wQd58nHsSxd0cyA,0,365,1900,0.42,0.3553,False,False,,,0.88,manual,https://www.youtube.com/watch?v=OQrFGT2Z6ms,https://www.youtube.com/watch?v=A5jQZH1VHMo,one video is carrying the average; no monetization found; rare uploads; stale channel,True,15,True,True,2026-10-05T17:29:51+00:00
Beeline Fox,https://www.youtube.com/@beelinefox,beelinefox@icloud.com,No,none,outdoors,2070,6690,Low,,,,,,,,,UC4yt1ST_CM0BsHHHRAWuLdA,0,274,1900,0.82,0.3094,False,False,,,0.43,channel_description,https://www.youtube.com/watch?v=vOfEFP4LJoU,https://www.youtube.com/watch?v=etj12jc7xbE,no monetization found; rare uploads; stale channel; no clear niche,False,15,True,True,2026-10-05T17:41:51+00:00
Elizabeth Wisebourt,https://www.youtube.com/@elizabeth.wisebourt,elizabeth.wisebourt.business@gmail.com,No,none,lifestyle_vlog,2839,2490,Low,,,,,,,,,UCzlJUTOTF2Axnyk89QjISVA,0,274,1900,0.21,1.1402,False,False,,,0.55,channel_description,https://www.youtube.com/watch?v=qKGkaZin-aA,https://www.youtube.com/watch?v=9g-MheZHBJs,no monetization found; rare uploads; stale channel; no clear niche,False,15,True,True,2026-10-05T17:50:44+00:00
Fafali Reigna,https://www.youtube.com/@fafali_reigna.x,,No,none,lifestyle_vlog,4502,3850,Low,,,,,,,,,UC33U3gKLhRDZrjmW0L82PwQ,0,152,1900,0.64,1.1694,False,False,,,0.5,manual,https://www.youtube.com/watch?v=dElA5GsG7NE,https://www.youtube.com/watch?v=TXRcjU_If7Y,one video is carrying the average; no monetization found; rare uploads; stale channel; no clear niche,True,15,True,True,2026-10-05T17:52:34+00:00
Nick and Carmen,https://www.youtube.com/@nickandcarmen3885,,No,affiliate_only,tech,1976,861,Low,,,,,,,,,UCxq9M38jPYMt_xL1CKu9BhQ,0,183,1900,0.84,2.295,True,False,amzn.to,,0.44,manual,https://www.youtube.com/watch?v=HffmC66KDA4,https://www.youtube.com/watch?v=8n_L24vWBD4,rare uploads; stale channel; no clear niche,False,15,True,True,2026-10-05T18:14:15+00:00
German With Qamar,https://www.youtube.com/@NewEntryYT,,No,none,food,2541,30300,Low,,,,,,,,,UCHN9F0W4ItHuJalxlz-vcUg,30,1,1700,1.0,0.0839,False,False,,,0.5,manual,https://www.youtube.com/watch?v=RpbX_kdpyKo,https://www.youtube.com/watch?v=-gMrEiwu0Js,no monetization found; no clear niche,False,15,True,True,2026-10-05T17:05:58+00:00
Cathode Memory,https://www.youtube.com/@cathodememory,,No,none,travel,7248,180,Low,,,,,,,,,UCHCa1CMuJGcIoDvt1yJb3JA,0,1826,1700,,40.2667,False,False,,,1.0,manual,https://www.youtube.com/watch?v=j-YSNzoqdZY,https://www.youtube.com/watch?v=4gHWPBCdIPA,one video is carrying the average; no monetization found; rare uploads; stale channel,True,3,True,True,2026-10-05T17:45:28+00:00
Lee Hale,https://www.youtube.com/@kayleighhale,,No,none,travel,1600,2,Low,,,,,,,,,UCMG5adR7mhYmmP9Cnz8do-Q,0,4018,1600,,800.0,False,False,,,1.0,manual,https://www.youtube.com/watch?v=Leg-__WfQCs,https://www.youtube.com/watch?v=Leg-__WfQCs,no monetization found; rare uploads; stale channel,False,1,True,True,2026-10-05T18:04:18+00:00
Legacy Millionaire,https://www.youtube.com/@LegacyMillionaire,,No,none,travel,2071,723,Low,,,,,,,,,UCYx41rez9VFdhxq1QpmN4bA,0,730,1500,1.43,2.8645,False,False,,,1.0,manual,https://www.youtube.com/watch?v=dC2dELls4Dw,https://www.youtube.com/watch?v=6whJ3eALU9s,no monetization found; rare uploads; stale channel,False,15,True,True,2026-10-05T16:56:18+00:00
Go Travel,https://www.youtube.com/@ThisIsGoTravel,,No,none,travel,11825,2050,Low,,,,,,,,,UCn3ofqmYlSns4_k94-4F-Mg,1,9,1500,0.13,5.7683,False,False,,,0.89,manual,https://www.youtube.com/watch?v=lblJWP-j08M,https://www.youtube.com/watch?v=Bx3S3BCmIzo,one video is carrying the average; no monetization found; rare uploads,True,15,True,True,2026-10-05T17:26:43+00:00
maria rosa,https://www.youtube.com/@bellarosablog,,No,affiliate_only,lifestyle_vlog,6100,4160,Low,,,,,,,,,UC_gGLvhD7N4AcpthqbDpbJw,0,335,1500,1.31,1.4663,True,False,ebook; amzn.to; amazon.com/shop,,0.5,manual,https://www.youtube.com/watch?v=JVxuj3ZZLNo,https://www.youtube.com/watch?v=u_WW4crrBRM,one video is carrying the average; rare uploads; stale channel; no clear niche,True,15,True,True,2026-10-05T17:42:09+00:00
Never Ending Travels,https://www.youtube.com/@neverendingtravels6545,,No,none,travel,2113,6680,Low,,,,,,,,,UCjB6Z0p-Uk4PsRNY-lZ8ILg,2,30,1500,1.1,0.3163,False,False,,,0.43,manual,https://www.youtube.com/watch?v=RIinWkkwqSE,https://www.youtube.com/watch?v=ckj9HwuOuDI,no monetization found; rare uploads; no clear niche,False,15,True,True,2026-10-05T18:13:59+00:00
The JNLT Channel,https://www.youtube.com/@the_jnlt_channel,jasonrallings90@gmail.com,No,none,travel,1865,12900,Low,,,,,,,,,UCJw89-yOCMGJ_tmegxlmhhA,8,1,1400,2.09,0.1446,False,False,,,0.42,channel_description,https://www.youtube.com/watch?v=Q3gmt2aDa2w,https://www.youtube.com/watch?v=vyTOp_3BdnI,no monetization found; no clear niche,False,15,True,True,2026-10-05T18:25:23+00:00
Kirsty’s Kingdom,https://www.youtube.com/@kirstyskingdom,kirstyskingdom@gmail.com,No,none,lifestyle_vlog,2619,917,Low,,,,,,,,,UCJ-hkOUVOvQ2Ki3xbS0OjQA,0,152,1200,3.09,2.8561,False,False,,,0.8,channel_description,https://www.youtube.com/watch?v=7OANxDdpX3g,https://www.youtube.com/watch?v=7OANxDdpX3g,one video is carrying the average; no monetization found; rare uploads; stale channel,True,15,True,True,2026-10-05T18:05:08+00:00
Gabriel Dunkin,https://www.youtube.com/@GabrielDunkin,,Yes,digital_product,nutrition,2354,13600,Low,,,,,,,,,UCXgBT5NlI-rbfqLHpeG36yQ,1,61,1100,2.19,0.1731,True,False,gumroad.com; merch; ebook,,0.38,manual,https://www.youtube.com/watch?v=YgCXVYvi0mo,https://www.youtube.com/watch?v=A-qWetoBd1U,one video is carrying the average; rare uploads; stale channel; no clear niche,True,15,True,True,2026-10-05T16:39:28+00:00
Asia Odyssey Travel Stories,https://www.youtube.com/@asiaodysseytravelstories,social@asiaodysseytravel.com,No,none,travel,1100,311,Low,,,,,,,,,UCwfjCh6ZlnJUKposYymFsKQ,0,152,1100,,3.537,False,False,,,1.0,channel_description,https://www.youtube.com/watch?v=kKJD0eo35bU,https://www.youtube.com/watch?v=kKJD0eo35bU,no monetization found; rare uploads; stale channel,False,1,True,True,2026-10-05T17:39:59+00:00
ItsMattG,https://www.youtube.com/@IAmMattg,Itsmattgproduction@gmail.com,No,none,tech,6137,8570,Low,,,,,,,,,UCvMvWPNLGZ2hPrYmlFashpA,2,8,1000,0.5,0.7161,False,False,,,0.44,channel_description,https://www.youtube.com/watch?v=67A--Lc0rAM,https://www.youtube.com/watch?v=WZaaygcQtuY,one video is carrying the average; no monetization found; rare uploads; no clear niche,True,15,True,True,2026-10-05T16:44:42+00:00
Nathan and Grace,https://www.youtube.com/@NathanandGrace,grace@nathanandgrace.co.uk,No,none,travel,3440,13800,Low,,,,,,,,,UCFIm7O7lFm3Y1S0SCN1GuNQ,1,61,1000,2.61,0.2493,False,False,,,0.64,video_description,https://www.youtube.com/watch?v=HciCxYeIIB4,https://www.youtube.com/watch?v=-brvagagWkI,one video is carrying the average; no monetization found; rare uploads; stale channel,True,15,True,True,2026-10-05T17:05:43+00:00
"Love, Siphiwé",https://www.youtube.com/@lovesiphiwe,info@lovesiphiwe.com,No,none,travel,3091,592,Low,,,,,,,,,UCRVGJzFWLzOYdGpeKKCVcow,0,122,1000,,5.2213,False,False,link hub: linktr.ee,,0.8,video_description,https://www.youtube.com/watch?v=Y2cOsWsuXgc,https://www.youtube.com/watch?v=Y2cOsWsuXgc,one video is carrying the average; no monetization found; rare uploads; stale channel,True,5,True,True,2026-10-05T18:08:09+00:00
TVRemix,https://www.youtube.com/channel/UCkhvsUsHkQv1PDWVl7-9Bvg,,No,none,,1147,1490,Low,,,,,,,,,UCkhvsUsHkQv1PDWVl7-9Bvg,5,30,1000,1.3,0.7698,False,False,,,0.0,manual,https://www.youtube.com/watch?v=iYyL-gLcqE8,https://www.youtube.com/watch?v=TqDh2PtTbMg,no monetization found; no clear niche,False,15,True,True,2026-10-05T18:36:10+00:00
Ana Khodus,https://www.youtube.com/@anakhodus,,No,none,lifestyle_vlog,1733,2890,Low,,,,,,,,,UC-Fhl-AI91R8BlWJJFbd-AQ,0,122,995,0.76,0.5997,False,False,,,0.4,manual,https://www.youtube.com/watch?v=jK7UE4eg36s,https://www.youtube.com/watch?v=l9mMdWQ4aH8,no monetization found; rare uploads; stale channel; no clear niche; low views,False,15,True,True,2026-10-05T17:39:02+00:00
sofia mathew,https://www.youtube.com/@sofmathew,sofmathew@gmail.com,No,none,travel,2714,10500,Low,,,,,,,,,UCijmHfDKXd68iopGUo6lkyw,12,0,989,1.85,0.2585,False,False,,,0.6,channel_description,https://www.youtube.com/watch?v=lrMEosb92pQ,https://www.youtube.com/watch?v=i9W8PKUf7WM,one video is carrying the average; no monetization found; low views,True,15,True,True,2026-10-05T18:22:22+00:00
Family with Four,https://www.youtube.com/@FamilywithFour,,No,none,travel,15870,7850,Low,,,,,,,,,UCEQW9qiauG5DOFX9hHuVK7Q,10,5,981,0.92,2.0217,False,False,,,1.0,manual,https://www.youtube.com/watch?v=lZA1EJx-TXE,https://www.youtube.com/watch?v=ty9IaZZ3KiE,one video is carrying the average; no monetization found; low views,True,15,True,True,2026-10-05T16:36:54+00:00
Kathy Elisabet,https://www.youtube.com/@kweenkathy,,No,none,nutrition,41849,4700,Low,,,,,,,,,UC9PBG3V0Y7A6GJrLKFDL5Gw,0,1096,974,0.15,8.904,False,False,,,0.38,manual,https://www.youtube.com/watch?v=mqkiPGrNYk4,https://www.youtube.com/watch?v=iydofCoTp-c,one video is carrying the average; no monetization found; rare uploads; stale channel; no clear niche; low views,True,15,True,True,2026-10-05T18:05:17+00:00
Airport NOW,https://www.youtube.com/@AirportNow,,No,none,travel,5325,38000,Low,,,,,,,,,UC-GisSy1AobuPqxU1AafuJA,14,1,970,12.33,0.1401,False,False,,,1.0,manual,https://www.youtube.com/watch?v=Rn-jK-XARLE,https://www.youtube.com/watch?v=Rn-jK-XARLE,one video is carrying the average; no monetization found; low views,True,15,True,True,2026-10-05T16:18:25+00:00
Kyra Dolifka,https://www.youtube.com/@kyratraveltrainer,,No,none,business,1882,340,Low,,,,,,,,,UCMdP0lqq6vVbAKzu-pzdsFg,0,730,968,2.25,5.5353,False,False,,,0.5,manual,https://www.youtube.com/watch?v=6aPNI6_bmMM,https://www.youtube.com/watch?v=1kJ-jug1oAg,no monetization found; rare uploads; stale channel; no clear niche; low views,False,15,True,True,2026-10-05T18:05:26+00:00
RoamTwo,https://www.youtube.com/@RoamTwo,,No,lead_magnet_only,travel,2328,2310,Low,,,,,,,,,UCRAK6y4WYWe709gU8Nf1Zyg,0,365,958,0.34,1.0078,True,False,free lead magnet,,1.0,manual,https://www.youtube.com/watch?v=3BF5zWMh9Jw,https://www.youtube.com/watch?v=cPQ2mz51lHg,one video is carrying the average; rare uploads; stale channel; low views,True,15,True,True,2026-10-05T17:13:21+00:00
Fred. Olsen Cruise Lines,https://www.youtube.com/@fredolsencruiselines,,No,none,travel,7744,6600,Low,,,,,,,,,UCSSnOBm7j2Ti6preQ-AsoeQ,0,91,933,0.18,1.1733,True,False,ebook,,1.0,manual,https://www.youtube.com/watch?v=bfMyw8YD1lk,https://www.youtube.com/watch?v=bfMyw8YD1lk,one video is carrying the average; rare uploads; stale channel; low views,True,15,True,True,2026-10-05T17:53:38+00:00
MMT Holiday Expert,https://www.youtube.com/channel/UCD6Fz9CH8jS7xlnqvw2Eqdg,,No,none,travel,4345,479,Low,,,,,,,,,UCD6Fz9CH8jS7xlnqvw2Eqdg,0,183,930,4.05,9.071,False,False,,,0.89,manual,https://www.youtube.com/watch?v=4l1awYr-ieg,https://www.youtube.com/watch?v=soeHWerULh4,one video is carrying the average; no monetization found; rare uploads; stale channel; low views,True,13,True,True,2026-10-05T18:35:06+00:00
Sachita Subramanian,https://www.youtube.com/@sachitaa.s,,No,none,lifestyle_vlog,1054,46900,Low,,,,,,,,,UCAvVTbpIpLysrA6VZvI5zRg,1,61,906,1.78,0.0225,False,False,,,0.67,manual,https://www.youtube.com/watch?v=d9QmUCfzj8U,https://www.youtube.com/watch?v=zKMv9ZauYcU,views are low for the subscriber count; no monetization found; rare uploads; stale channel; low views,True,15,True,True,2026-10-05T18:19:58+00:00
Katie Lynn Hopkins,https://www.youtube.com/@Katieehopkins,katiehopkinsx14@gmail.com,No,none,lifestyle_vlog,3606,21700,Low,,,,,,,,,UCsHozWDlJsjzSnmAab1f3gg,11,14,863,1.54,0.1662,False,False,,,0.36,video_description,https://www.youtube.com/watch?v=I9t5kVPd6zA,https://www.youtube.com/watch?v=6jxsr3CeZOo,one video is carrying the average; no monetization found; no clear niche; low views,True,15,True,True,2026-10-05T16:53:40+00:00
Maggie With The Dogs,https://www.youtube.com/@MaggieWithTheDogs,collabs@thesofetch.com,No,none,travel,13737,28400,Low,,,,,,,,,UCx2g4Hu1apAB_YfjjamKpGQ,0,30,858,3.27,0.4837,False,False,,,0.67,channel_description,https://www.youtube.com/watch?v=jSbrAOuIfPs,https://www.youtube.com/watch?v=ebJjYIJkE7E,one video is carrying the average; no monetization found; rare uploads; low views,True,15,True,True,2026-10-05T17:00:13+00:00
Life of Timbo,https://www.youtube.com/@lifeoftimbo2507,,No,none,lifestyle_vlog,3316,403,Low,,,,,,,,,UCTLJzVgInyWCOqzACBtBofA,1,61,857,0.2,8.2283,False,False,,,0.82,manual,https://www.youtube.com/watch?v=u4PvdBiRTLM,https://www.youtube.com/watch?v=X6xRu6eOfEw,one video is carrying the average; no monetization found; rare uploads; stale channel; low views,True,15,True,True,2026-10-05T18:07:13+00:00
The Magic In The Music,https://www.youtube.com/@TheMagicInTheMusic,jennifer@themagicinthemusic.com,No,affiliate_only,travel,2280,12300,Low,,,,,,,,,UC6e1kxSImAsnQZQOCqq0ZWQ,1,61,849,1.62,0.1854,True,False,ebook; amazon.com/shop,,0.92,video_description,https://www.youtube.com/watch?v=aI4n5bzGPn8,https://www.youtube.com/watch?v=mgmdQcAKzw0,one video is carrying the average; rare uploads; stale channel; low views,True,15,True,True,2026-10-05T17:24:00+00:00
Chloe Thompson,https://www.youtube.com/@chloethompsonfit,,No,none,fitness,1670,1480,Low,,,,,,,,,UC4ozE4541AV1-MRLVYqfJAg,0,91,831,0.96,1.1284,False,False,,,0.5,manual,https://www.youtube.com/watch?v=FcpvoyuZnrU,https://www.youtube.com/watch?v=i6xMiRAh6pE,one video is carrying the average; no monetization found; rare uploads; stale channel; no clear niche; low views,True,15,True,True,2026-10-05T17:45:54+00:00
Driving Test Routes UK,https://www.youtube.com/@DrivingTestRoutesUK,,No,none,travel,1427,7080,Low,,,,,,,,,UCPzD63gu-hyA_4nWDTwxxxw,0,91,816,,0.2016,False,False,,,0.5,manual,https://www.youtube.com/watch?v=syENzO7LfG4,https://www.youtube.com/watch?v=ntg4pDIRymQ,no monetization found; rare uploads; stale channel; no clear niche; low views,False,15,True,True,2026-10-05T16:33:22+00:00
July and Raph,https://www.youtube.com/@julyandraph,healthyappetitepro@gmail.com,No,none,nutrition,865,2290,Low,,,,,,,,,UCWCe-pCCHT3cDrSiBS2EIkw,0,274,781,0.66,0.3777,False,False,,,0.45,video_description,https://www.youtube.com/watch?v=OfabvjCeDSk,https://www.youtube.com/watch?v=bAyk8QYvzmQ,no monetization found; rare uploads; stale channel; no clear niche; low views,False,15,True,True,2026-10-05T18:03:25+00:00
Retirement Unlocked,https://www.youtube.com/@RetirementUnlocked07,,No,none,finance,88452,9710,Low,,,,,,,,,UCj8SBH9DESbEjlGa72HT6uA,23,1,777,0.81,9.1094,False,False,,,0.45,manual,https://www.youtube.com/watch?v=7ts8VzpU7Bs,https://www.youtube.com/watch?v=18kuhGtD2Ag,one video is carrying the average; no monetization found; no clear niche; low views,True,15,True,True,2026-10-05T17:13:03+00:00
Rita Atira,https://www.youtube.com/@margartitaatira,contact@ritaatira.com,No,none,travel,43399,8740,Low,,,,,,,,,UCcftoWTyM5bs7_z3Qbnk7Lw,2,21,775,3.49,4.9656,False,False,,,0.38,channel_description,https://www.youtube.com/watch?v=vo3k_dykJxw,https://www.youtube.com/watch?v=6TE6Muwp42E,one video is carrying the average; no monetization found; rare uploads; no clear niche; low views,True,15,True,True,2026-10-05T18:09:58+00:00
BENIDORM TODAY,https://www.youtube.com/channel/UCC-y15yM_QugIyqxW2mOIUQ,,No,none,travel,1050,8880,Low,,,,,,,,,UCC-y15yM_QugIyqxW2mOIUQ,0,244,761,2.7,0.1182,False,False,,,0.67,manual,https://www.youtube.com/watch?v=bAMU3M2Gl_Q,https://www.youtube.com/watch?v=5S2GcDQxRRY,no monetization found; rare uploads; stale channel; low views,False,15,True,True,2026-10-05T18:34:57+00:00
Cally Brooks,https://www.youtube.com/@CallyBrooks,,No,none,food,14024,4360,Low,,,,,,,,,UCYOCklDAsSjZv6WzECWukQg,0,244,759,0.7,3.2165,False,False,,,0.56,manual,https://www.youtube.com/watch?v=qoG1CYfHmEY,https://www.youtube.com/watch?v=P_rFeyJWlsM,one video is carrying the average; no monetization found; rare uploads; stale channel; no clear niche; low views,True,15,True,True,2026-10-05T16:26:04+00:00
HeatherHugs,https://www.youtube.com/@HeatherHugs,,No,none,travel,1520,1040,Low,,,,,,,,,UCgJqW-bePNp48ZPh4Qd2CtQ,0,183,739,1.54,1.4615,False,False,,,0.46,manual,https://www.youtube.com/watch?v=_HcBXhTBiBA,https://www.youtube.com/watch?v=u3X282JVHGs,one video is carrying the average; no monetization found; rare uploads; stale channel; no clear niche; low views,True,15,True,True,2026-10-05T16:42:09+00:00
Exploring Disney,https://www.youtube.com/@ExploringDisney,,No,affiliate_only,running_endurance,1731,411,Low,,,,,,,,,UCejL5d72ZDaHDJs32t0lnhw,0,91,737,0.24,4.2117,True,False,affiliate; link hub: beacons.ai,,0.5,manual,https://www.youtube.com/watch?v=aakBhKGEsMo,https://www.youtube.com/watch?v=j4e3zIwiMI8,one video is carrying the average; rare uploads; stale channel; no clear niche; low views,True,15,True,True,2026-10-05T16:35:41+00:00
Imagine Travel,https://www.youtube.com/@imaginetravel2479,,Yes,coaching_or_program,travel,4426,344,Low,,,,,,,,,UCBMU0_kqp7zL4KFclsBoQgw,0,365,736,0.03,12.8663,True,False,calendly.com; ebook,,1.0,manual,https://www.youtube.com/watch?v=p--V93H-dZE,https://www.youtube.com/watch?v=ucF_0LStY3U,one video is carrying the average; rare uploads; stale channel; low views,True,13,True,True,2026-10-05T17:58:36+00:00
The Concierge Academy,https://www.youtube.com/@TheKellySchaefer,,No,lead_magnet_only,business,916,9360,Low,,,,,,,,,UCuhZIyhLY1i_uZrW8AJyTLw,0,91,735,1.24,0.0979,True,False,work with me; template; ebook; free lead magnet,$35,0.82,manual,https://www.youtube.com/watch?v=WWJYqAwLq-o,https://www.youtube.com/watch?v=OyOFo0W39UM,rare uploads; stale channel; low views,False,15,True,True,2026-10-05T17:22:58+00:00
Jarrett-Jamal Davis,https://www.youtube.com/@jarrettjamaldavis,,Yes,merch,travel,2298,12400,Low,,,,,,,,,UCdf2CBMeVQHLGXDl6M0ZTuA,0,365,713,3.21,0.1853,True,False,merch; ebook; amazon.com/shop; affiliate,,1.0,manual,https://www.youtube.com/watch?v=u3LBUd2lWWQ,https://www.youtube.com/watch?v=u3LBUd2lWWQ,one video is carrying the average; rare uploads; stale channel; low views,True,15,True,True,2026-10-05T18:01:01+00:00
Buffalo 8 Movie Channel,https://www.youtube.com/@buffalo8moviechannel,,No,none,travel,23371,37400,Low,,,,,,,,,UC0LgBZZFc8hiQ9wQnnXEezg,26,3,683,11.22,0.6249,False,False,,,0.6,manual,https://www.youtube.com/watch?v=Cn6UkZ5zOnI,https://www.youtube.com/watch?v=07sA8D-CPMg,one video is carrying the average; no monetization found; low views,True,15,True,True,2026-10-05T17:44:20+00:00
Canopy of Stars Travel ®,https://www.youtube.com/@CanopyOfStarsTravel,,No,none,travel,2922,723,Low,,,,,,,,,UC_X-2hHrkNYvKnFrzqy1nnA,1,61,650,0.03,4.0415,True,False,ebook,,0.83,manual,https://www.youtube.com/watch?v=n0n2LmSZ8ZA,https://www.youtube.com/watch?v=-D0PvnWFKiI,one video is carrying the average; rare uploads; stale channel; low views,True,15,True,True,2026-10-05T16:26:11+00:00
Shantel De Bonsu,https://www.youtube.com/@Shanteldebonsu,collabwithshantel@gmail.com,No,affiliate_only,lifestyle_vlog,1151,5950,Low,,,,,,,,,UCtIQhlhjzos08MUJqu930Nw,0,91,595,0.48,0.1934,True,False,amzn.to,,0.43,channel_description,https://www.youtube.com/watch?v=RzWHpfl23c0,https://www.youtube.com/watch?v=quecRjKpKpM,rare uploads; stale channel; no clear niche; low views,False,15,True,True,2026-10-05T17:16:56+00:00
Adventuring with Annie,https://www.youtube.com/@AdventuringWithAnnie,,No,none,tech,1028,13000,Low,,,,,,,,,UCiuhfBf9GAahEPUyxY4iI5g,11,30,589,0.5,0.0791,False,False,,,0.71,manual,https://www.youtube.com/watch?v=BdAv5fwLtFw,https://www.youtube.com/watch?v=Et89x_5rpCU,no monetization found; low views,False,15,True,True,2026-10-05T16:18:00+00:00
Jason Phillips,https://www.youtube.com/@JasonPhillips,,No,none,business,1119,9320,Low,,,,,,,,,UCBFhac1P5kpuVzpIaDpFvYQ,2,30,580,2.98,0.1201,True,False,coaching; ebook,,0.55,manual,https://www.youtube.com/watch?v=cSSaFkIhL_4,https://www.youtube.com/watch?v=ruaIGg7giyw,rare uploads; no clear niche; low views,False,15,True,True,2026-10-05T16:48:00+00:00
Scenic Suitcases,https://www.youtube.com/@scenicsuitcases,,No,none,travel,1173,1220,Low,,,,,,,,,UCIcnzxPop43JZHZRYQ25fkQ,0,365,561,3.91,0.9615,False,False,,,1.0,manual,https://www.youtube.com/watch?v=HPhfxQOjM8c,https://www.youtube.com/watch?v=EG3_qGIraQY,one video is carrying the average; no monetization found; rare uploads; stale channel; low views,True,15,True,True,2026-10-05T18:20:24+00:00
A Lot of What You Fancy,https://www.youtube.com/@ALotofWhatYouFancy,,No,none,lifestyle_vlog,2345,891,Low,,,,,,,,,UCthADscMPehUPeZ-TNKy4ZA,0,730,554,2.66,2.6319,False,False,,,0.5,manual,https://www.youtube.com/watch?v=YiglzavY5Ns,https://www.youtube.com/watch?v=xZoiAggT6so,one video is carrying the average; no monetization found; rare uploads; stale channel; no clear niche; low views,True,15,True,True,2026-10-05T16:17:12+00:00
Kaj0000,https://www.youtube.com/@Kajelly101,,No,none,travel,3025,364,Low,,,,,,,,,UClg90txi1EOMftnlahjt3UA,5,12,545,0.36,8.3104,False,False,,,0.83,manual,https://www.youtube.com/watch?v=MEvRSovzusQ,https://www.youtube.com/watch?v=rYEVmrM5KX8,one video is carrying the average; no monetization found; low views,True,7,True,True,2026-10-05T16:52:37+00:00
Travel Career Academy With Angel,https://www.youtube.com/@1Angel4Travel,,No,none,travel,2384,838,Low,,,,,,,,,UCBQncO58Cy_sLNRHW5z0Uiw,2,30,543,9.28,2.8449,False,False,,,1.0,manual,https://www.youtube.com/watch?v=BJHBC8pRX10,https://www.youtube.com/watch?v=V0T-u4z1NC8,one video is carrying the average; no monetization found; rare uploads; low views,True,12,True,True,2026-10-05T16:15:36+00:00
ShannanLorraine,https://www.youtube.com/@ShannanLorraine,shannanlorraine@outlook.com,No,none,travel,967,4130,Low,,,,,,,,,UCPPEOdpgXSTkEjS2GiN6Gdg,7,3,534,0.6,0.2341,False,False,,,0.33,channel_description,https://www.youtube.com/watch?v=TJrKYeXCoZ4,https://www.youtube.com/watch?v=QMEc_Gjrfso,no monetization found; no clear niche; low views,False,15,True,True,2026-10-05T17:16:46+00:00
Expoza Travel,https://www.youtube.com/@ExpozaTravel,,No,none,travel,793,251000,Low,,,,,,,,,UC3o_gaqvLoPSRVMc2GmkDrg,0,365,514,1.07,0.0032,True,False,ebook,,1.0,manual,https://www.youtube.com/watch?v=Z-KLguMqx_g,https://www.youtube.com/watch?v=204WEW-OyIk,views are low for the subscriber count; rare uploads; stale channel; low views,True,15,True,True,2026-10-05T16:35:49+00:00
Kailyn Nino,https://www.youtube.com/@kailynnino,kailynnino2@gmail.com,No,none,travel,960,6180,Low,,,,,,,,,UCfe58f8ezoITeSMOFZskt8g,7,4,501,1.08,0.1553,False,False,,,0.67,channel_description,https://www.youtube.com/watch?v=KeF4rqWK8GA,https://www.youtube.com/watch?v=KeF4rqWK8GA,no monetization found; low views,False,15,True,True,2026-10-05T18:03:50+00:00
Fora,https://www.youtube.com/@hellofora,,Yes,merch,travel,845,9160,Low,,,,,,,,,UCQF53htkb8iImem1EFHbQsw,1,30,499,0.72,0.0922,True,False,merch,,0.5,manual,https://www.youtube.com/watch?v=ueX6msjiHoY,https://www.youtube.com/watch?v=J-wPpIwSbDk,rare uploads; no clear niche; low views,False,8,True,True,2026-10-05T17:56:58+00:00
Jazzy In Transit,https://www.youtube.com/@JazzyinTransit,,Yes,merch,travel,1425,637,Low,,,,,,,,,UC1t-oD8PQh5OJBO9KWEDxDQ,1,61,490,2.1,2.237,True,False,merch; spring.com,,1.0,manual,https://www.youtube.com/watch?v=2FFLVJgXWDc,https://www.youtube.com/watch?v=hgsTZateImw,one video is carrying the average; rare uploads; stale channel; low views,True,15,True,True,2026-10-05T16:48:16+00:00
Marketing For Travel Agents,https://www.youtube.com/@MarketingfortravelagentsTV,,No,lead_magnet_only,travel,1536,9700,Low,,,,,,,,,UCjkF99I7i4havYML1QHoKUA,0,1461,488,0.45,0.1584,True,False,ebook; free lead magnet,,0.92,manual,https://www.youtube.com/watch?v=FDhBuhmg3BA,https://www.youtube.com/watch?v=2yKcZzvapFw,one video is carrying the average; rare uploads; stale channel; low views,True,15,True,True,2026-10-05T17:01:02+00:00
Happily Ever Abby,https://www.youtube.com/@HappilyEverAbby,abby@friendlikemetravel.com,No,none,lifestyle_vlog,2246,4059,Low,,,,,,,,,UCnVFpNSt0iWjgOE9BPe1-Gg,0,183,469,6.04,0.5533,True,False,ebook,,0.56,channel_description,https://www.youtube.com/watch?v=KIaRLBhLs14,https://www.youtube.com/watch?v=hNjlXtBDeeo,one video is carrying the average; rare uploads; stale channel; no clear niche; low views,True,15,True,True,2026-10-05T16:41:38+00:00
Ianthia Ferguson,https://www.youtube.com/@IanthiaSmith,,No,none,running_endurance,521,4830,Low,,,,,,,,,UCg0hvEm34iv0bKzJd2I1Xhg,1,30,425,2.78,0.1079,True,False,ebook,,0.3,manual,https://www.youtube.com/watch?v=niLX7XsqXsU,https://www.youtube.com/watch?v=eq4jEDFsK3A,rare uploads; no clear niche; low views,False,15,True,True,2026-10-05T16:44:50+00:00
Brandon Jones,https://www.youtube.com/@Brandonjones_4,,No,none,fitness,1807,12700,Low,,,,,,,,,UC_mPxuADg6RZH7S2FHHh1og,0,365,419,1.89,0.1423,True,False,program,,0.43,manual,https://www.youtube.com/watch?v=_Qe1MxlnsAs,https://www.youtube.com/watch?v=_Qe1MxlnsAs,one video is carrying the average; rare uploads; stale channel; no clear niche; low views,True,15,True,True,2026-10-05T16:23:43+00:00
Bigtime Myrtle Beach to Orlando,https://www.youtube.com/@BigtimeMyrtleBeach,,No,none,travel,1964,4390,Low,,,,,,,,,UCn1J2el7eaCSTzW857T1DAA,8,2,410,0.58,0.4474,False,False,,,1.0,manual,https://www.youtube.com/watch?v=xSF8-gCBxrI,https://www.youtube.com/watch?v=WkicNerzFbM,one video is carrying the average; no monetization found; low views,True,15,True,True,2026-10-05T16:22:54+00:00
The Private Tour Guide,https://www.youtube.com/@theprivatetourguide9170,,No,none,lifestyle_vlog,399,12,Low,,,,,,,,,UCDoGyn02vqlKf1M7zNqaxSw,0,4383,399,,33.25,False,False,,,1.0,manual,https://www.youtube.com/watch?v=YotGVlkGERQ,https://www.youtube.com/watch?v=YotGVlkGERQ,no monetization found; rare uploads; stale channel; low views,False,1,True,True,2026-10-05T18:26:57+00:00
Tulela Royalty Travels,https://www.youtube.com/@tulelaroyaltytravels,TulelaRoyaltyTravels@gmail.com,No,lead_magnet_only,travel,398,124,Low,,,,,,,,,UCxIUqBkykK_sk9xbeS0SaVA,0,2557,398,,3.2097,True,False,ebook; free lead magnet,,1.0,channel_description,https://www.youtube.com/watch?v=TZRuwCmqI5Y,https://www.youtube.com/watch?v=Q7bQdQ7owxs,rare uploads; stale channel; low views,False,2,True,True,2026-10-05T18:31:31+00:00
Rachel B,https://www.youtube.com/@RACHEL_B,admin@rachellxb.co.uk,No,none,lifestyle_vlog,747,1610,Low,,,,,,,,,UCuFy3fS1QcGz42g_ewvlZmg,1,61,389,0.55,0.464,False,False,link hub: linktr.ee,,0.43,video_description,https://www.youtube.com/watch?v=GGrIARTAPng,https://www.youtube.com/watch?v=U8xR12ohSYk,no monetization found; rare uploads; stale channel; no clear niche; low views,False,15,True,True,2026-10-05T17:11:54+00:00
Evan the Wayfarer,https://www.youtube.com/@EvantheWayfarer,,No,none,travel,4702,1760,Low,,,,,,,,,UCUZiBFd2IPPCbWwxA_aOHEw,7,14,388,0.09,2.6716,False,False,,,0.88,manual,https://www.youtube.com/watch?v=Va1ZE8kRQX4,https://www.youtube.com/watch?v=BJyx4OZsWfk,one video is carrying the average; no monetization found; low views,True,15,True,True,2026-10-05T16:35:29+00:00
isabelle,https://www.youtube.com/@isabelle_jada,,No,none,travel,862,223,Low,,,,,,,,,UCPh0Lp4whMYZplA-lP8FLoQ,5,1,383,,3.8655,False,False,,,0.5,manual,https://www.youtube.com/watch?v=5rmzJgx5g0s,https://www.youtube.com/watch?v=5rmzJgx5g0s,one video is carrying the average; no monetization found; no clear niche; low views,True,4,True,True,2026-10-05T17:59:38+00:00
Sophie Williams,https://www.youtube.com/@sophie.williams,,No,none,lifestyle_vlog,623,779,Low,,,,,,,,,UCOhfs9_afu0g3QNDPvLyzUQ,12,7,378,0.92,0.7997,False,False,,,0.62,manual,https://www.youtube.com/watch?v=zz-99Wicjj4,https://www.youtube.com/watch?v=rVVQLR0Mp40,no monetization found; low views,False,15,True,True,2026-10-05T18:22:39+00:00
Spirit of Travel - Bespoke Travel Planning,https://www.youtube.com/@spiritoftravelbespoke,,No,none,travel,1677,1340,Low,,,,,,,,,UCD5WtWWRgqA_fIgdbyMgvZg,0,365,365,1.75,1.2515,True,False,ebook,,0.86,manual,https://www.youtube.com/watch?v=xkfu8LyZ5Is,https://www.youtube.com/watch?v=zxdQsIa31Ls,one video is carrying the average; rare uploads; stale channel; low views,True,15,True,True,2026-10-05T18:22:57+00:00
Royal Caribbean Insider,https://www.youtube.com/@royalcaribbeaninsider,,No,affiliate_only,travel,536,479,Low,,,,,,,,,UCw3jZ32IHXuOwRe4E9ozWrA,0,365,364,1.48,1.119,True,False,affiliate,,1.0,manual,https://www.youtube.com/watch?v=ZCnWFZI6GqI,https://www.youtube.com/watch?v=0GL4IUnAvZE,rare uploads; stale channel; low views,False,15,True,True,2026-10-05T18:19:13+00:00
Lily Pritchett,https://www.youtube.com/@Lifewithlils07,lifewithlils07@yahoo.com,No,none,travel,1371,196,Low,,,,,,,,,UCUwXRKE3wqBG79bRgG3noWA,2,30,363,0.16,6.9949,False,False,,,0.8,channel_description,https://www.youtube.com/watch?v=lbcDPm8VNpQ,https://www.youtube.com/watch?v=ubtZCI9jWdo,one video is carrying the average; no monetization found; rare uploads; low views,True,11,True,True,2026-10-05T16:57:41+00:00
john wolfe,https://www.youtube.com/@johnwolfe6311,,No,none,,479,20,Low,,,,,,,,,UC0jhVSpPqCML21WzQkI7zOQ,0,2192,354,1.31,23.95,False,False,,,0.0,manual,https://www.youtube.com/watch?v=gRWlu8YY5_M,https://www.youtube.com/watch?v=Xviep-ans_c,no monetization found; rare uploads; stale channel; no clear niche; low views,False,8,True,True,2026-10-05T18:02:17+00:00
Nick & Kate Storey (Steph & Jeff DJs),https://www.youtube.com/@StephandJeffDJs,,No,none,travel,1277,56,Low,,,,,,,,,UCpIkO-le4qxqGxaePJxBOsg,0,5114,350,0.45,22.8036,False,False,,,1.0,manual,https://www.youtube.com/watch?v=W199J_UUD-g,https://www.youtube.com/watch?v=6_lGeThpe_I,one video is carrying the average; no monetization found; rare uploads; stale channel; low views,True,13,True,True,2026-10-05T17:18:52+00:00
American Express Global Business Travel,https://www.youtube.com/@AmexGlobalBusinessTravel,,No,none,travel,2201,1960,Low,,,,,,,,,UC6RjB6tXwztw4qaB7pxmbbw,0,152,348,15.63,1.123,False,False,,,1.0,manual,https://www.youtube.com/watch?v=sdW3sljIKaU,https://www.youtube.com/watch?v=rAilQjWEsbQ,one video is carrying the average; no monetization found; rare uploads; stale channel; low views,True,7,True,True,2026-10-05T16:19:55+00:00
Cole Hershner,https://www.youtube.com/@colehershner,,No,none,food,552,9160,Low,,,,,,,,,UC2iEH2ZkbZ0AGb08YYp13Yw,1,30,330,0.88,0.0603,False,False,,,0.67,manual,https://www.youtube.com/watch?v=YQzgioXTf2s,https://www.youtube.com/watch?v=fFJKRkLXy2A,no monetization found; rare uploads; low views,False,15,True,True,2026-10-05T17:46:54+00:00
Brinya,https://www.youtube.com/@brinyabain,,No,none,lifestyle_vlog,407,13000,Low,,,,,,,,,UCpwWL9mvQbQ9-UlgCCRcxog,0,730,329,1.53,0.0313,True,False,program; coaching; apply now,,0.54,manual,https://www.youtube.com/watch?v=wdQ_-csEn9I,https://www.youtube.com/watch?v=nzMkVcC9YLU,rare uploads; stale channel; no clear niche; low views,False,15,True,True,2026-10-05T17:43:52+00:00
Gateway Travel,https://www.youtube.com/@GatewayTravelagency,,No,none,travel,2062,3290,Low,,,,,,,,,UClPkXI4W8PKth2vEfK6_YGQ,0,365,325,0.83,0.6267,True,False,ebook,,1.0,manual,https://www.youtube.com/watch?v=xwGlx64BMU0,https://www.youtube.com/watch?v=nGOJHcliP2U,one video is carrying the average; rare uploads; stale channel; low views,True,15,True,True,2026-10-05T16:39:44+00:00
Roaming with Rhys and Hayley,https://www.youtube.com/@RoamingwithRhysandHayley,,No,none,travel,673,188,Low,,,,,,,,,UCyt7dzGubRWIvR3mdy04tEw,2,30,323,1.66,3.5798,False,False,,,0.91,manual,https://www.youtube.com/watch?v=350Z1sCogyI,https://www.youtube.com/watch?v=Q8VFynewNBI,one video is carrying the average; no monetization found; rare uploads; low views,True,15,True,True,2026-10-05T17:13:28+00:00
Saliha,https://www.youtube.com/@saliitravels,,No,none,travel,1282,6120,Low,,,,,,,,,UCxJ4XTIHMeP_h3pA9lI1ylA,0,122,318,0.75,0.2095,False,False,,,0.4,manual,https://www.youtube.com/watch?v=CAqcrbuWXbQ,https://www.youtube.com/watch?v=G9_fjmWNx3c,one video is carrying the average; no monetization found; rare uploads; stale channel; no clear niche; low views,True,15,True,True,2026-10-05T18:20:07+00:00
Lani & Mick,https://www.youtube.com/@lani_mick,,No,none,lifestyle_vlog,846,2140,Low,,,,,,,,,UCgu0pjeyxiY8FR1qAH60gVw,7,10,313,0.92,0.3953,False,False,,,0.54,manual,https://www.youtube.com/watch?v=Pk6vwQdpn5s,https://www.youtube.com/watch?v=ogeMHO0Uuus,one video is carrying the average; no monetization found; no clear niche; low views,True,15,True,True,2026-10-05T18:05:44+00:00
Aviation Cinematics,https://www.youtube.com/@aviationcinematics,,No,none,food,3639,6650,Low,,,,,,,,,UC0-RNKLcrHd6Q9QvH6-u11w,7,14,304,1.08,0.5472,False,False,,,0.5,manual,https://www.youtube.com/watch?v=5nUbCYqFX-Y,https://www.youtube.com/watch?v=uqm_i7KIITo,one video is carrying the average; no monetization found; no clear niche; low views,True,15,True,True,2026-10-05T17:40:46+00:00
Jereshia Said,https://www.youtube.com/@jereshiasaid,,No,none,business,299,3450,Low,,,,,,,,,UC5xrjpzIh-WZhgU14EPCdNg,2,9,300,1.34,0.0867,False,False,,,1.0,manual,https://www.youtube.com/watch?v=psown4shIm8,https://www.youtube.com/watch?v=ddAqKsShByQ,no monetization found; rare uploads; low views,False,15,True,True,2026-10-05T18:01:35+00:00
RAJ B TRAVELS,https://www.youtube.com/@RAJBTRAVELS,,No,none,tech,650,1480,Low,,,,,,,,,UCVI4zj679mA2IjrED3rFw9g,0,183,293,0.83,0.4392,False,False,,,0.4,manual,https://www.youtube.com/watch?v=OT466lZ5iqs,https://www.youtube.com/watch?v=MD7JLdtTVUQ,one video is carrying the average; no monetization found; rare uploads; stale channel; no clear niche; low views,True,15,True,True,2026-10-05T17:12:02+00:00
Blitzz_Royal,https://www.youtube.com/@RoyalSmithofficial,,No,none,lifestyle_vlog,396,1070,Low,,,,,,,,,UCu2anXTGtERgHb6Zxu3aN4w,9,4,292,1.69,0.3701,False,False,,,1.0,manual,https://www.youtube.com/watch?v=74sxFKp9PNE,https://www.youtube.com/watch?v=Vw9wLnglQIw,no monetization found; low views,False,15,True,True,2026-10-05T17:14:56+00:00
Kaitlyn Mason,https://www.youtube.com/@kaitylately,,No,none,travel,284,21,Low,,,,,,,,,UCq8WBdPUU2B8z7iRab7OCvg,1,61,284,,13.5238,False,False,,,1.0,manual,https://www.youtube.com/watch?v=L4IzELaP40M,https://www.youtube.com/watch?v=L4IzELaP40M,no monetization found; rare uploads; stale channel; low views,False,1,True,True,2026-10-05T18:03:59+00:00
Tierra Travels,https://www.youtube.com/@TierraTravelsCo.,,No,none,travel,1006,439,Low,,,,,,,,,UCbUFc7lEBIa4HP4rp7K9qtA,0,730,282,0.09,2.2916,False,False,,,1.0,manual,https://www.youtube.com/watch?v=21qv6wI60VU,https://www.youtube.com/watch?v=IMTnyu9IrSQ,one video is carrying the average; no monetization found; rare uploads; stale channel; low views,True,10,True,True,2026-10-05T17:27:08+00:00
Scott Hickenlooper,https://www.youtube.com/@scotthickenlooper,,No,none,lifestyle_vlog,955,686,Low,,,,,,,,,UCrXsrZsefp3EywuKLrMgnPA,0,152,280,0.66,1.3921,True,False,ebook,,0.67,manual,https://www.youtube.com/watch?v=BCw0APw46T4,https://www.youtube.com/watch?v=wWHptPIHcek,one video is carrying the average; rare uploads; stale channel; low views,True,15,True,True,2026-10-05T18:20:40+00:00
Shaun Academy,https://www.youtube.com/@ShaunAcademy,,No,none,business,447,67700,Low,,,,,,,,,UCmVihiQdYDDLpZ0MfYT2xUA,1,30,279,0.52,0.0066,False,False,,,1.0,manual,https://www.youtube.com/watch?v=oV93G84D73c,https://www.youtube.com/watch?v=HXfWuFXDmHQ,views are low for the subscriber count; no monetization found; rare uploads; low views,True,15,True,True,2026-10-05T17:17:14+00:00
GetYourGuide,https://www.youtube.com/@GetYourGuide,,No,none,travel,297,90300,Low,,,,,,,,,UCPfplu-z47Y4s2bjgv6kiwA,10,6,274,0.92,0.0033,False,False,,,1.0,manual,https://www.youtube.com/watch?v=LVYrQu6BjJc,https://www.youtube.com/watch?v=wXC_U5iQH30,views are low for the subscriber count; no monetization found; low views,True,15,True,True,2026-10-05T16:40:00+00:00
itsjxylxn,https://www.youtube.com/@itsjxylxn,,No,none,travel,447,5000,Low,,,,,,,,,UCydQ9fibH6BdZ6sQ1ZZbwXg,7,13,264,1.08,0.0894,False,False,,,0.4,manual,https://www.youtube.com/watch?v=CCdUJYUKi00,https://www.youtube.com/watch?v=vH5rWz3BrY8,no monetization found; no clear niche; low views,False,15,True,True,2026-10-05T18:00:17+00:00
Perla Ceron,https://www.youtube.com/@perla_ceron,,No,none,travel,514,869,Low,,,,,,,,,UCB6PZWND8nQdnJD2666kdHw,1,30,263,0.74,0.5915,False,False,,,0.5,manual,https://www.youtube.com/watch?v=KcP23ziUPDA,https://www.youtube.com/watch?v=JkuH68WDuoQ,no monetization found; rare uploads; no clear niche; low views,False,15,True,True,2026-10-05T18:16:35+00:00
8Ball Adventures,https://www.youtube.com/@8Ball-adventures,,No,none,running_endurance,912,235,Low,,,,,,,,,UCbJQLob5VxLaLp1s1Ngcmxw,6,1,260,1.59,3.8809,False,False,,,0.67,manual,https://www.youtube.com/watch?v=av3Ykpj-XDs,https://www.youtube.com/watch?v=tOIQqKsLMDE,one video is carrying the average; no monetization found; low views,True,15,True,True,2026-10-05T16:16:41+00:00
Isla Davison,https://www.youtube.com/@islashepherd,,No,lead_magnet_only,lifestyle_vlog,381,149,Low,,,,,,,,,UCwOji7uDtc4xAiu8oF-AxLg,0,1461,258,0.73,2.557,True,False,free lead magnet,,0.5,manual,https://www.youtube.com/watch?v=gfqnIwYbEE0,https://www.youtube.com/watch?v=R0zDNBCqqws,rare uploads; stale channel; no clear niche; low views,False,11,True,True,2026-10-05T17:59:46+00:00
Adventure with Emon,https://www.youtube.com/@adventurewithemon,,No,none,travel,1392,931,Low,,,,,,,,,UC-jjtbYuZiLxZ9dW_okaP8Q,0,91,255,0.58,1.4952,False,False,,,1.0,manual,https://www.youtube.com/watch?v=QHPk_aVmgN4,https://www.youtube.com/watch?v=vEi5jf-3YFw,one video is carrying the average; no monetization found; rare uploads; stale channel; low views,True,15,True,True,2026-10-05T17:37:29+00:00
Cruise Planners Headquarters,https://www.youtube.com/@CruisePlanners,,No,none,travel,363,1580,Low,,,,,,,,,UCqZMXbybuJrifKNM7P6Pc4w,0,244,242,9.51,0.2297,True,False,ebook,,1.0,manual,https://www.youtube.com/watch?v=OyHQ7_NIOcE,https://www.youtube.com/watch?v=QzbA7yuqhTg,rare uploads; stale channel; low views,False,14,True,True,2026-10-05T16:29:47+00:00
Beth Jade,https://www.youtube.com/@bethjade__,b.woolston@hotmail.co.uk,No,none,lifestyle_vlog,482,1390,Low,,,,,,,,,UC38PmIBHb_uK-Ge5jJPeKug,1,9,241,1.1,0.3468,False,False,,,0.57,video_description,https://www.youtube.com/watch?v=ssImaAviot4,https://www.youtube.com/watch?v=BlGNeXbkrKI,no monetization found; rare uploads; no clear niche; low views,False,15,True,True,2026-10-05T17:42:49+00:00
Travedeus,https://www.youtube.com/@travedeus,,No,none,travel,860,1750,Low,,,,,,,,,UC8TPo_8qnZVQSCMkX2tDwTg,0,152,240,0.43,0.4914,True,False,ebook,,0.6,manual,https://www.youtube.com/watch?v=4ZGbCDq2buk,https://www.youtube.com/watch?v=Uf73PoxDUTA,one video is carrying the average; rare uploads; stale channel; low views,True,15,True,True,2026-10-05T18:29:17+00:00
Villa Rentals Inc,https://www.youtube.com/@Villarentalsinc,,No,none,travel,236,133,Low,,,,,,,,,UCB2yB3kBsHkGyky_OQ4Muuw,0,730,236,,1.7744,True,False,ebook,,1.0,manual,https://www.youtube.com/watch?v=6CQp3PDdml8,https://www.youtube.com/watch?v=6CQp3PDdml8,rare uploads; stale channel; low views,False,1,True,True,2026-10-05T17:32:31+00:00
IAMJAYLEE,https://www.youtube.com/@iamjaylee7207,,No,none,lifestyle_vlog,939,395,Low,,,,,,,,,UC1_PDDG8NWlxAlaYlyHJu7Q,4,1,219,2.02,2.3772,False,False,,,0.88,manual,https://www.youtube.com/watch?v=XO92EBh2hwg,https://www.youtube.com/watch?v=BDnY_MRK-ns,one video is carrying the average; no monetization found; low views,True,11,True,True,2026-10-05T17:58:09+00:00
Dube Travel,https://www.youtube.com/@DubeTravel,,No,none,travel,7976,272,Low,,,,,,,,,UChZcHw73Y24M-6qRaKEhTUA,0,152,217,0.07,29.3235,False,False,,,1.0,manual,https://www.youtube.com/watch?v=IkxccbuKZpc,https://www.youtube.com/watch?v=uX00klJ_6PU,one video is carrying the average; no monetization found; rare uploads; stale channel; low views,True,9,True,True,2026-10-05T16:33:29+00:00
JC Licerio,https://www.youtube.com/@jclicerio,,No,none,fitness,227,1210,Low,,,,,,,,,UCWJWUJEzV5cJWFItVVC_ufg,0,213,213,1.22,0.1876,False,False,,,1.0,manual,https://www.youtube.com/watch?v=MbTXN7RqLVM,https://www.youtube.com/watch?v=XCBMgg0Z23E,no monetization found; rare uploads; stale channel; low views,False,15,True,True,2026-10-05T18:01:27+00:00
QuDasia,https://www.youtube.com/@qudasia,qudasiahoward@gmail.com,No,none,lifestyle_vlog,227,1210,Low,,,,,,,,,UClXKSZPIqexxtUUc5cvKSGg,10,14,208,1.4,0.1876,False,False,,,0.57,channel_description,https://www.youtube.com/watch?v=khI-AaHq9gI,https://www.youtube.com/watch?v=zXT82lsjYpM,no monetization found; no clear niche; low views,False,15,True,True,2026-10-05T18:17:28+00:00
Wish Upon a Disney! - Susan Silva,https://www.youtube.com/@wishuponadisney,,No,none,travel,331,6290,Low,,,,,,,,,UCF1F1oe2R0QMQsrQ27wWoAA,7,3,208,3.29,0.0526,False,False,,,0.5,manual,https://www.youtube.com/watch?v=4V7pNPvUa1A,https://www.youtube.com/watch?v=8DTiypg06aY,no monetization found; no clear niche; low views,False,15,True,True,2026-10-05T18:33:26+00:00
Jay Gets About,https://www.youtube.com/@JayGetsAbout,,No,none,travel,2376,71,Low,,,,,,,,,UCNFsX_5-nFZeDQ94lWXx7pg,1,61,206,17.61,33.4648,False,False,,,0.83,manual,https://www.youtube.com/watch?v=CCE3t1expQs,https://www.youtube.com/watch?v=Ib_EKfFIf40,one video is carrying the average; no monetization found; rare uploads; stale channel; low views,True,10,True,True,2026-10-05T16:48:08+00:00
OTM Travel Services,https://www.youtube.com/@OTMTravelServices,OTMTravelServices@gmail.com,No,none,travel,2793,2370,Low,,,,,,,,,UCe2RSCbzpUL4nLNVAIpbtzg,0,2557,200,0.2,1.1785,False,False,,,1.0,channel_description,https://www.youtube.com/watch?v=PT9-qUNOzKc,https://www.youtube.com/watch?v=ANTxLtF1qXM,one video is carrying the average; no monetization found; rare uploads; stale channel; low views,True,15,True,True,2026-10-05T17:08:09+00:00
Team Get Paid,https://www.youtube.com/@MyTeamGetPaid,,No,sponsors_only,travel,986,333,Low,,,,,,,,,UC9RB2L4iUQzF23ksRy0drDg,0,183,199,4.1,2.961,True,True,sponsor read,,0.89,manual,https://www.youtube.com/watch?v=FobWtUhudKk,https://www.youtube.com/watch?v=p-i8uXQPoSM,one video is carrying the average; rare uploads; stale channel; low views,True,9,True,True,2026-10-05T17:04:41+00:00
Be Our Guest Vacations,https://www.youtube.com/@beourguestvacations,,No,none,travel,536,174,Low,,,,,,,,,UCoemAJb0171iKo_pVP-vjsw,0,1096,199,,3.0805,False,False,,,1.0,manual,https://www.youtube.com/watch?v=IGFWN0VS0VQ,https://www.youtube.com/watch?v=IGFWN0VS0VQ,one video is carrying the average; no monetization found; rare uploads; stale channel; low views,True,4,True,True,2026-10-05T17:42:41+00:00
Candice Coppola,https://www.youtube.com/@candice.coppola,,No,affiliate_only,business,797,2490,Low,,,,,,,,,UCp3XF6mQ1bNWry55DsSyUMw,0,274,199,2.33,0.3201,True,True,coaching; work with me; template; ebook; affiliate; sponsor read; free lead magnet,,0.38,manual,https://www.youtube.com/watch?v=RAMcIYI20Ag,https://www.youtube.com/watch?v=RAMcIYI20Ag,one video is carrying the average; rare uploads; stale channel; no clear niche; low views,True,15,True,True,2026-10-05T17:45:03+00:00
Pax Global Media,https://www.youtube.com/@PAX_NEWS,,No,none,business,198,375,Low,,,,,,,,,UCgv6PKTjHbyrjt1d5S-AqVg,1,30,198,,0.528,False,False,,,1.0,manual,https://www.youtube.com/watch?v=fAPTJFt_uqc,https://www.youtube.com/watch?v=fAPTJFt_uqc,no monetization found; rare uploads; low views,False,2,True,True,2026-10-05T17:09:37+00:00
Family Travel Vlog,https://www.youtube.com/c/FamilyTravelVlog,,No,none,travel,215,1300,Low,,,,,,,,,UCrHQhKJy2OQ2YO18_mwW8DA,0,213,195,2.43,0.1654,True,False,ebook,,0.67,manual,https://www.youtube.com/watch?v=P2evVgQgPXk,https://www.youtube.com/watch?v=4j1pzmmoj3k,rare uploads; stale channel; low views,False,15,True,True,2026-10-05T18:34:48+00:00
Salt & Wind Travel,https://www.youtube.com/@saltandwind,,No,none,travel,190,36,Low,,,,,,,,,UCR4F_R8efF8PSBUdvNa7apw,0,1096,190,,5.2778,True,False,ebook,,1.0,manual,https://www.youtube.com/watch?v=vBeoUi1ewr0,https://www.youtube.com/watch?v=vBeoUi1ewr0,rare uploads; stale channel; low views,False,1,True,True,2026-10-05T18:20:16+00:00
Samantha Hammond,https://www.youtube.com/@iamsamanthahammond,,No,none,travel,4167,3110,Low,,,,,,,,,UCzOEulkfkuLzpRAiLFQ8cBA,2,61,188,49.43,1.3399,False,False,,,0.93,manual,https://www.youtube.com/watch?v=SoJhJjHcD8E,https://www.youtube.com/watch?v=SoJhJjHcD8E,one video is carrying the average; no monetization found; rare uploads; stale channel; low views,True,15,True,True,2026-10-05T17:58:17+00:00
Destination Weddings | Mexico & the Riviera Maya,https://www.youtube.com/@EscapeKeyTravelCo,,No,none,travel,376,71,Low,,,,,,,,,UCYlr7tBeOXrqF4u8T18sirw,6,12,171,2.3,5.2958,False,False,,,1.0,manual,https://www.youtube.com/watch?v=AvUc7eX8iQE,https://www.youtube.com/watch?v=-O3aDY3dd4g,one video is carrying the average; no monetization found; low views,True,15,True,True,2026-10-05T16:35:11+00:00
Naj Ibra,https://www.youtube.com/@naj_ibra,,No,none,tech,901,787,Low,,,,,,,,,UCVEXNdEXYmMqmTl_zRa399Q,4,13,171,0.32,1.1449,False,False,,,0.23,manual,https://www.youtube.com/watch?v=o0GqZJEx3rY,https://www.youtube.com/watch?v=3wyw3aiIGwQ,one video is carrying the average; no monetization found; no clear niche; low views,True,15,True,True,2026-10-05T18:13:38+00:00
trovexgo,https://www.youtube.com/@trovexgo8076,,No,none,travel,2471,4810,Low,,,,,,,,,UCxjPhGBVUwH4Chfd7USFfjw,25,2,169,0.57,0.5137,False,False,,,1.0,manual,https://www.youtube.com/watch?v=el4KlghLipk,https://www.youtube.com/watch?v=iPIj15MtgNI,one video is carrying the average; no monetization found; low views,True,15,True,True,2026-10-05T18:31:22+00:00
Katherine Michelle,https://www.youtube.com/@KatherineMichelleYT,,No,sponsors_only,travel,204,1510,Low,,,,,,,,,UCWXX85Ng80lMJM2SuqNXk6g,0,213,165,1.11,0.1351,True,True,sponsor read,,0.85,manual,https://www.youtube.com/watch?v=hkmZqkICZu0,https://www.youtube.com/watch?v=lC2GPwPC8Qw,rare uploads; stale channel; low views,False,15,True,True,2026-10-05T16:53:24+00:00
The Ringard,https://www.youtube.com/@the.ringard,,No,none,travel,1117,216,Low,,,,,,,,,UC5E0P4hsyF_T_QKQfypvMyA,6,21,165,0.34,5.1713,False,False,,,0.9,manual,https://www.youtube.com/watch?v=-_k-32REsIg,https://www.youtube.com/watch?v=j_DDizzPkOo,one video is carrying the average; no monetization found; low views,True,15,True,True,2026-10-05T18:25:15+00:00
Nadia Nardini,https://www.youtube.com/@nadianardini8716,,No,none,travel,57429,874,Low,,,,,,,,,UCBGHiEu4_lg2m_ub-3lmdXA,0,730,155,,65.7082,False,False,,,1.0,manual,https://www.youtube.com/watch?v=njvqjRwpz7E,https://www.youtube.com/watch?v=MLJLtcC7DgA,one video is carrying the average; no monetization found; rare uploads; stale channel; low views,True,3,True,True,2026-10-05T18:13:30+00:00
Steven Smith,https://www.youtube.com/@DontStopSteven,thehuskyrunner@gmail.com,No,none,running_endurance,648,651,Low,,,,,,,,,UCwiCUBIBBRdVVY-GboY-RNA,2,30,153,0.47,0.9954,False,False,,,0.85,video_description,https://www.youtube.com/watch?v=oaKFVEXYLRM,https://www.youtube.com/watch?v=CkSTT0xcTSY,one video is carrying the average; no monetization found; rare uploads; low views,True,15,True,True,2026-10-05T16:32:49+00:00
Seven Stars Holiday,https://www.youtube.com/@sevenstarsholiday,,No,none,travel,194,1300,Low,,,,,,,,,UC3r9oPCiKwsbNSwYt5Naprw,0,365,153,0.92,0.1492,False,False,,,1.0,manual,https://www.youtube.com/watch?v=YZtyA4TqBZ4,https://www.youtube.com/watch?v=cQ1Q_DisaXQ,no monetization found; rare uploads; stale channel; low views,False,9,True,True,2026-10-05T18:21:23+00:00
EVERFI K-12,https://www.youtube.com/@EVERFIK12,,No,none,,177,2090,Low,,,,,,,,,UCQSTZrTGp4iwHscNVKNcWqw,0,365,150,0.95,0.0847,True,False,ebook,,0.0,manual,https://www.youtube.com/watch?v=qIYK-On_qNw,https://www.youtube.com/watch?v=_qRzS2m1rOE,rare uploads; stale channel; no clear niche; low views,False,11,True,True,2026-10-05T16:33:45+00:00
Rosie Ryan,https://www.youtube.com/@RosieRyan_x,,No,none,lifestyle_vlog,262,366,Low,,,,,,,,,UCJH7QJh9H9ctVlgEtU5_m_w,11,2,149,0.77,0.7158,False,False,,,0.5,manual,https://www.youtube.com/watch?v=joWhZwL1yDM,https://www.youtube.com/watch?v=DC-oV3RH9wI,no monetization found; no clear niche; low views,False,15,True,True,2026-10-05T17:14:32+00:00
Daishan Sacker,https://www.youtube.com/@daishansacker,,No,none,travel,1409,688,Low,,,,,,,,,UCZ0j6jTLWdEsv4X-nN8PkhQ,4,2,145,2.81,2.048,False,False,,,0.71,manual,https://www.youtube.com/watch?v=o_Kyd7qnYEY,https://www.youtube.com/watch?v=o_Kyd7qnYEY,one video is carrying the average; no monetization found; low views,True,15,True,True,2026-10-05T17:47:51+00:00
CoJu Studio,https://www.youtube.com/@cojustudio,,No,none,,1209,579,Low,,,,,,,,,UCGtXxrcngh9aR_xkbzkqMwQ,0,244,143,1.15,2.0881,True,False,ebook,,0.0,manual,https://www.youtube.com/watch?v=fIdEsyvoQ6U,https://www.youtube.com/watch?v=TJHUsfs2ySU,one video is carrying the average; rare uploads; stale channel; no clear niche; low views,True,15,True,True,2026-10-05T17:46:45+00:00
ABTA,https://www.youtube.com/@ABTAtravel,,No,none,travel,130,854,Low,,,,,,,,,UCK1OwjuKoET63oL92eXcjcQ,0,244,127,,0.1522,False,False,,,0.75,manual,https://www.youtube.com/watch?v=VSwZ9NzCDgk,https://www.youtube.com/watch?v=VSwZ9NzCDgk,no monetization found; rare uploads; stale channel; low views,False,4,True,True,2026-10-05T16:16:56+00:00
Awkwardly Kim,https://www.youtube.com/@awkwardlykim,,No,affiliate_only,travel,212,1100,Low,,,,,,,,,UCnvDVrTepMOExgRjoM3PCBw,0,1826,126,0.78,0.1927,True,False,amzn.to; affiliate,,0.93,manual,https://www.youtube.com/watch?v=WPQBb_aypBA,https://www.youtube.com/watch?v=j9K3E5wiiCA,rare uploads; stale channel; low views,False,15,True,True,2026-10-05T17:40:55+00:00
Daily Family Vlogs,https://www.youtube.com/@DailyFamilyVlogSikar,,No,none,tech,130,183,Low,,,,,,,,,UCRMPKIOXZwBbMj4oqLQ5DXw,28,0,122,0.77,0.7104,False,False,,,0.71,manual,https://www.youtube.com/watch?v=sljT3zilR8g,https://www.youtube.com/watch?v=WoXb0rHtdjQ,no monetization found; low views,False,15,True,True,2026-10-05T16:31:15+00:00
D.H.L. Travel,https://www.youtube.com/@DHLTravel,,No,none,travel,236,334,Low,,,,,,,,,UCB_SSAoe-z5DSyV33miuMHw,0,183,121,0.07,0.7066,False,False,,,1.0,manual,https://www.youtube.com/watch?v=fL0eyLFvxos,https://www.youtube.com/watch?v=QDvge8jGzac,no monetization found; rare uploads; stale channel; low views,False,8,True,True,2026-10-05T16:30:51+00:00
Pixie-Latte,https://www.youtube.com/@pixie-latte,morepixielatte@gmail.com,No,none,travel,125,28,Low,,,,,,,,,UCOYsr5K-nONtvydfj6RoEow,0,365,121,,4.4643,True,False,ebook,,1.0,video_description,https://www.youtube.com/watch?v=XwzzwBTkQek,https://www.youtube.com/watch?v=XwzzwBTkQek,rare uploads; stale channel; low views,False,5,True,True,2026-10-05T18:16:53+00:00
The Chica Travelista,https://www.youtube.com/@thechicatravelista,travelistatravels@gmail.com,No,none,travel,529,2310,Low,,,,,,,,,UC0qLfwQraFPeDK9ZjPd2KUQ,0,365,120,1.36,0.229,True,False,ebook,,1.0,channel_description,https://www.youtube.com/watch?v=LEgCxu0MzOU,https://www.youtube.com/watch?v=LEgCxu0MzOU,one video is carrying the average; rare uploads; stale channel; low views,True,12,True,True,2026-10-05T18:25:41+00:00
Tatiana Andreatta,https://www.youtube.com/@tatiana_andreatta,,No,affiliate_only,travel,1326,666,Low,,,,,,,,,UCBEZZkCsAmnFGPavqviTmeg,1,61,117,0.84,1.991,True,False,amzn.to; amazon.com/shop; shopmy; ltk.; link hub: linktr.ee,,0.75,manual,https://www.youtube.com/watch?v=paQ9klR8DHs,https://www.youtube.com/watch?v=uu7fVYlTrBE,one video is carrying the average; rare uploads; stale channel; low views,True,15,True,True,2026-10-05T18:24:48+00:00
Welsh Ginger Hobo,https://www.youtube.com/@welshgingerhobo,,No,none,food,160,6030,Low,,,,,,,,,UCWOtA3jstVv11KL6-mi3DQg,18,1,117,1.27,0.0265,False,False,,,0.33,manual,https://www.youtube.com/watch?v=6COCTSwocqU,https://www.youtube.com/watch?v=4pSq6tUlSfs,views are low for the subscriber count; no monetization found; no clear niche; low views,True,15,True,True,2026-10-05T18:32:45+00:00
William Crabb,https://www.youtube.com/@WilliamCrabb001,,No,none,travel,426,79,Low,,,,,,,,,UCO_Rcq5hforQApQ5URrG96w,0,4018,116,0.03,5.3924,False,False,,,0.83,manual,https://www.youtube.com/watch?v=LEKr41uoL0k,https://www.youtube.com/watch?v=Zkp9HCYHJAQ,one video is carrying the average; no monetization found; rare uploads; stale channel; low views,True,10,True,True,2026-10-05T17:34:19+00:00
ThePersonalTravelAgents,https://www.youtube.com/@PersonalTravelAgents,,No,none,travel,126,43,Low,,,,,,,,,UCbtssNpXf2feiW-S16VNUog,0,730,113,2.12,2.9302,False,False,,,1.0,manual,https://www.youtube.com/watch?v=7OCSFVToa4U,https://www.youtube.com/watch?v=f7tLE9nP4VE,no monetization found; rare uploads; stale channel; low views,False,14,True,True,2026-10-05T17:10:50+00:00
Travel Agent TV,https://www.youtube.com/@TravelAgentTV,,No,none,travel,313,746,Low,,,,,,,,,UC1HQcPXphtaALYaH3DILjQw,0,1826,110,0.24,0.4196,False,False,,,0.92,manual,https://www.youtube.com/watch?v=GATLA1xabFU,https://www.youtube.com/watch?v=cn-OvA3dwwY,one video is carrying the average; no monetization found; rare uploads; stale channel; low views,True,15,True,True,2026-10-05T17:28:59+00:00
Spoon Drawer,https://www.youtube.com/@DigitalDesignVideo,,No,none,travel,335,149,Low,,,,,,,,,UCQfe5fXiwwyl7t2SLFCatrQ,0,3652,109,1.13,2.2483,False,False,,,1.0,manual,https://www.youtube.com/watch?v=cbDnfS5Tiwg,https://www.youtube.com/watch?v=djy0M7fN1bg,one video is carrying the average; no monetization found; rare uploads; stale channel; low views,True,8,True,True,2026-10-05T16:32:10+00:00
jams3y,https://www.youtube.com/@jams3y,,No,none,travel,222,41,Low,,,,,,,,,UCzvIVozOUt9XU2_fqXpHUJQ,0,1096,107,0.37,5.4146,False,False,,,1.0,manual,https://www.youtube.com/watch?v=UFUj4dVGTNY,https://www.youtube.com/watch?v=t3J4pfuyyHM,one video is carrying the average; no monetization found; rare uploads; stale channel; low views,True,15,True,True,2026-10-05T18:00:53+00:00
Ciarra St. Arnold,https://www.youtube.com/@ciarrast.arnold611,,No,none,travel,1493,1040,Low,,,,,,,,,UCqqKgVM_kOhTehEpW7CNoGQ,0,1096,106,1.62,1.4356,False,False,,,0.33,manual,https://www.youtube.com/watch?v=bAO1eNMUoSo,https://www.youtube.com/watch?v=e9oMxK2g2AI,one video is carrying the average; no monetization found; rare uploads; stale channel; no clear niche; low views,True,15,True,True,2026-10-05T17:46:20+00:00
Paramount Cruises,https://www.youtube.com/@paramountcruises653,,No,none,travel,173,358,Low,,,,,,,,,UC9b03TipqdLBW6mH7M7CXRw,7,3,105,0.35,0.4832,False,False,,,0.5,manual,https://www.youtube.com/watch?v=7hsrC2yi51w,https://www.youtube.com/watch?v=6SV2R14BOqY,no monetization found; no clear niche; low views,False,7,True,True,2026-10-05T18:16:21+00:00
Travelpreneur Dreams With Tyra | A Host Agency,https://www.youtube.com/@TravelpreneurDreamsWithTyra,,No,none,travel,159,7640,Low,,,,,,,,,UCkglSPnf80choUxcf-D7kyA,10,0,102,2.26,0.0208,False,False,,,1.0,manual,https://www.youtube.com/watch?v=uf4lrP5gk5k,https://www.youtube.com/watch?v=jiRj1Yc2kUg,views are low for the subscriber count; no monetization found; low views,True,15,True,True,2026-10-05T17:30:25+00:00
Daily family velogs,https://www.youtube.com/@Aizalbalouch,,No,none,nutrition,127,311,Low,,,,,,,,,UCGHr-OPFIx--aFp4dfaAq3g,30,28,100,1.51,0.4084,False,False,,,0.43,manual,https://www.youtube.com/watch?v=gKVZ3x80HXk,https://www.youtube.com/watch?v=wuy1PP0Plro,no monetization found; no clear niche; low views,False,15,True,True,2026-10-05T16:18:41+00:00
Maritza Solis | Travel Mentor,https://www.youtube.com/@itsmaritza.s,,No,affiliate_only,travel,215,162,Low,,,,,,,,,UC_WEtF-sJmzJM4I1rgW9Zyw,0,365,99,1.7,1.3272,True,False,ebook; affiliate,,0.6,manual,https://www.youtube.com/watch?v=f5V5JtngtkM,https://www.youtube.com/watch?v=9tkCBmizkv8,one video is carrying the average; rare uploads; stale channel; low views,True,15,True,True,2026-10-05T18:00:26+00:00
Iron Beard,https://www.youtube.com/@Ironbeardstrength,,No,none,fitness,118,410,Low,,,,,,,,,UCcRB2fIt6MYtredG6Vjj6iQ,23,9,97,1.65,0.2878,False,False,,,0.86,manual,https://www.youtube.com/watch?v=PpKtT8zA0Yw,https://www.youtube.com/watch?v=qR22Pybdz5I,no monetization found; low views,False,15,True,True,2026-10-05T16:45:46+00:00
Mr Bisht,https://www.youtube.com/@Mrbishtriders,,No,none,lifestyle_vlog,198,12100,Low,,,,,,,,,UCGx653jY2-u2rCgb3Rfi0rw,0,152,97,1.32,0.0164,False,False,,,0.71,manual,https://www.youtube.com/watch?v=CFkAgSVAMNM,https://www.youtube.com/watch?v=CFkAgSVAMNM,one video is carrying the average; views are low for the subscriber count; no monetization found; rare uploads; stale channel; low views,True,15,True,True,2026-10-05T17:03:52+00:00
JustinTime247,https://www.youtube.com/@justintime2472,,No,none,tech,156,1160,Low,,,,,,,,,UChXzUGTHrDiPxMzzC4halBg,5,14,90,0.19,0.1345,False,False,,,0.5,manual,https://www.youtube.com/watch?v=ZJ8SEyZOB_k,https://www.youtube.com/watch?v=ZJ8SEyZOB_k,no monetization found; no clear niche; low views,False,15,True,True,2026-10-05T18:03:33+00:00
The Travel CEO,https://www.youtube.com/@OnlineTravelBoss,,No,none,travel,100,5720,Low,,,,,,,,,UCH-iBbMrOK-fRE0kTMJPWDw,0,213,84,0.47,0.0175,True,False,program; ebook,,1.0,manual,https://www.youtube.com/watch?v=SU2SViInhLA,https://www.youtube.com/watch?v=06zKcScouz4,views are low for the subscriber count; rare uploads; stale channel; low views,True,7,True,True,2026-10-05T17:09:01+00:00
Elease Productions,https://www.youtube.com/@eleaseproductions2675,,No,none,travel,110,102,Low,,,,,,,,,UCKhxMeWeWJ3CPgyBZCVY8Pg,0,1826,80,1.4,1.0784,True,False,ebook,$5,0.5,manual,https://www.youtube.com/watch?v=YTpdbnutg-U,https://www.youtube.com/watch?v=a8q_YbgxUkc,rare uploads; stale channel; no clear niche; low views,False,15,True,True,2026-10-05T17:50:19+00:00
Bespoke China Travel,https://www.youtube.com/@BespokeChinaTravel,,No,none,travel,567,54,Low,,,,,,,,,UCpGoyq2ckFyw4R6NgMrcffQ,0,152,76,,10.5,False,False,,,0.67,manual,https://www.youtube.com/watch?v=cLcK3y5TNvw,https://www.youtube.com/watch?v=g45p21p41k0,one video is carrying the average; no monetization found; rare uploads; stale channel; low views,True,3,True,True,2026-10-05T16:22:38+00:00
Hayleigh Twose,https://www.youtube.com/@hayleightwose,,No,none,travel,152,84,Low,,,,,,,,,UC2NH61-P_VuVd7NFSrvpAQA,8,30,76,2.79,1.8095,False,False,,,1.0,manual,https://www.youtube.com/watch?v=Z2xqxJ0ZEq0,https://www.youtube.com/watch?v=0E5E2ZOSzMM,no monetization found; low views,False,10,True,True,2026-10-05T17:56:39+00:00
Travel Professional NEWS,https://www.youtube.com/@TomOgg,,No,none,travel,73,10300,Low,,,,,,,,,UCzTch3HzN6iD9ZeS5fQG_0A,22,0,73,0.83,0.0071,False,False,,,0.85,manual,https://www.youtube.com/watch?v=RvKCexW0Fm0,https://www.youtube.com/watch?v=ypsck2gKv20,views are low for the subscriber count; no monetization found; low views,True,15,True,True,2026-10-05T17:27:41+00:00
Breakaway Fitness & Performance LLC,https://www.youtube.com/@BreakawayFitnessNC,,No,none,nutrition,78,365,Low,,,,,,,,,UCgJrnvxkassgmE7GCdj2qeg,0,122,71,2.42,0.2137,False,False,,,0.5,manual,https://www.youtube.com/watch?v=XxfxD-zyjCo,https://www.youtube.com/watch?v=FqAK8qga4KQ,no monetization found; rare uploads; stale channel; no clear niche; low views,False,14,True,True,2026-10-05T16:24:00+00:00
Travel with Brett,https://www.youtube.com/@ineed2travel,,No,none,travel,1643,184,Low,,,,,,,,,UCixQD9_cLAbHD1qI6jJG7lg,1,61,71,0.15,8.9293,False,False,,,0.8,manual,https://www.youtube.com/watch?v=aNOpdY7XT94,https://www.youtube.com/watch?v=9EzG706DkAI,one video is carrying the average; no monetization found; rare uploads; stale channel; low views,True,15,True,True,2026-10-05T17:58:53+00:00
Litterini Travel,https://www.youtube.com/@litterinitravel7215,,No,none,travel,328,14,Low,,,,,,,,,UCdz-FXXHw2WFIc9DE7ljjVA,0,1826,68,,23.4286,False,False,,,1.0,manual,https://www.youtube.com/watch?v=PsAHkJIbDZY,https://www.youtube.com/watch?v=yQmvuIaRJN4,one video is carrying the average; no monetization found; rare uploads; stale channel; low views,True,6,True,True,2026-10-05T18:07:53+00:00
Whispers in the Dark,https://www.youtube.com/@TheWhispersInDark,,No,none,travel,110,148,Low,,,,,,,,,UClx5IOpeqlluN7CoAVQEKQg,0,122,66,0.75,0.7432,False,False,,,0.5,manual,https://www.youtube.com/watch?v=VZlFGiWXYwI,https://www.youtube.com/watch?v=CkDz99-06Ho,no monetization found; rare uploads; stale channel; no clear niche; low views,False,15,True,True,2026-10-05T17:25:26+00:00
Kaleigh Kirkpatrick,https://www.youtube.com/@ShamelessTourist,,No,none,travel,73,8,Low,,,,,,,,,UCdm6K6dr1wY4Cxal0hvZc_w,1,61,65,1.04,9.125,False,False,,,1.0,manual,https://www.youtube.com/watch?v=An7V57FpdUA,https://www.youtube.com/watch?v=XghsDbW5oyk,no monetization found; rare uploads; stale channel; low views,False,7,True,True,2026-10-05T17:16:37+00:00
Franchise Business Review,https://www.youtube.com/@FranchiseBusinessReview,,No,none,business,108,593,Low,,,,,,,,,UCewc_mr0GOQXJomJj1es7nA,8,0,62,1.38,0.1821,False,False,,,0.33,manual,https://www.youtube.com/watch?v=0VhGBq6y3E8,https://www.youtube.com/watch?v=E5ZD5FIVCmI,no monetization found; no clear niche; low views,False,15,True,True,2026-10-05T16:39:12+00:00
Michelle Durpetti Events,https://www.youtube.com/@MichelleDurpettiEvents,,No,none,travel,1098,2340,Low,,,,,,,,,UCq-cnZZ4ImTadzFpdQi38xw,0,91,60,0.8,0.4692,True,False,ebook,,0.8,manual,https://www.youtube.com/watch?v=Axq2tB5Yiq4,https://www.youtube.com/watch?v=jAT78L_sIFw,one video is carrying the average; rare uploads; stale channel; low views,True,15,True,True,2026-10-05T17:01:50+00:00
Dbeestory,https://www.youtube.com/@Dbeestory,trialownerror@gmail.com,No,none,travel,67,783,Low,,,,,,,,,UCUW-s-YX-Sprtc1Y0VEMoVQ,14,6,59,1.54,0.0856,False,False,link hub: linktr.ee,,0.67,channel_description,https://www.youtube.com/watch?v=wRPW41t4qac,https://www.youtube.com/watch?v=Q8ejI_yUW4E,no monetization found; low views,False,15,True,True,2026-10-05T16:32:03+00:00
Mix Flix,https://www.youtube.com/@mixflix2874,,No,none,food,155,376,Low,,,,,,,,,UCcPyE4foQDlNLHwexWxHVug,20,1,59,0.64,0.4122,False,False,,,0.33,manual,https://www.youtube.com/watch?v=JjQnT117bVQ,https://www.youtube.com/watch?v=slHgbG2JwB4,one video is carrying the average; no monetization found; no clear niche; low views,True,11,True,True,2026-10-05T18:11:46+00:00
The VIP Nutrition Coach Podcast,https://www.youtube.com/@beyondmacros,,No,none,nutrition,79,1620,Low,,,,,,,,,UC-zvoiDRbhuBcPlH5AYIGHQ,0,1096,56,1.94,0.0488,True,False,coaching; ebook,,0.45,manual,https://www.youtube.com/watch?v=kiw876xJcK4,https://www.youtube.com/watch?v=I3oI0ej3-8Q,rare uploads; stale channel; no clear niche; low views,False,15,True,True,2026-10-05T17:42:58+00:00
Fanceys Treasures,https://www.youtube.com/@fanceystreasures6175,,No,none,food,176,340,Low,,,,,,,,,UCoYz4ahdwZQUSBQwhuBbfzw,0,365,54,0.64,0.5176,False,False,,,1.0,manual,https://www.youtube.com/watch?v=_hP4tYBF-Lg,https://www.youtube.com/watch?v=BTvUFQ4lTBI,one video is carrying the average; no monetization found; rare uploads; stale channel; low views,True,15,True,True,2026-10-05T17:52:51+00:00
Hugo,https://www.youtube.com/@Hugo-hq6je,,No,none,business,312,49,Low,,,,,,,,,UC1rp9hW7zyZ60_A123qjQ-A,0,213,47,0.05,6.3673,False,False,,,0.67,manual,https://www.youtube.com/watch?v=pCuJ8PxRQ48,https://www.youtube.com/watch?v=zWF242wIB8I,one video is carrying the average; no monetization found; rare uploads; stale channel; low views,True,7,True,True,2026-10-05T16:44:09+00:00
Eden Gorrel,https://www.youtube.com/@edengorrel,,No,none,fitness,80,48,Low,,,,,,,,,UClrOK_L0-jdYLzAqCAsNRpw,0,274,46,0.12,1.6667,False,False,,,0.83,manual,https://www.youtube.com/watch?v=ARY0CoG3YmM,https://www.youtube.com/watch?v=epwaH2lE-fI,no monetization found; rare uploads; stale channel; low views,False,10,True,True,2026-10-05T17:50:10+00:00
Nueva Vida,https://www.youtube.com/@NuevaVidaGroup,,No,none,finance,60,20,Low,,,,,,,,,UCxwWVxdBdm2cbn8rhS6mHiQ,0,152,45,2.91,3.0,False,False,,,0.6,manual,https://www.youtube.com/watch?v=8ytEM0Il6I8,https://www.youtube.com/watch?v=f7qSJNesuXg,no monetization found; rare uploads; stale channel; low views,False,15,True,True,2026-10-05T17:07:45+00:00
FitChickGlows,https://www.youtube.com/@FitChickGlows,FitFabnGlowy@gmail.com,No,affiliate_only,martial_arts,61,389,Low,,,,,,,,,UCI_yYCNwWCupu9200RvRqqQ,0,365,44,1.49,0.1568,True,False,course; ebook; affiliate,,0.43,channel_description,https://www.youtube.com/watch?v=_OItUG27VJs,https://www.youtube.com/watch?v=-rX6hgjy0Fs,rare uploads; stale channel; no clear niche; low views,False,15,True,True,2026-10-05T16:37:34+00:00
Leah's Life in Motion,https://www.youtube.com/@leahblake03,,No,none,lifestyle_vlog,197,54,Low,,,,,,,,,UCVOkZhMtBsz_asaHX_gptgw,0,213,42,0.62,3.6481,False,False,,,0.44,manual,https://www.youtube.com/watch?v=vGJgMEe56xI,https://www.youtube.com/watch?v=vs25ZRAt8D8,one video is carrying the average; no monetization found; rare uploads; stale channel; no clear niche; low views,True,15,True,True,2026-10-05T18:06:37+00:00
Travels World Guide,https://www.youtube.com/@travelsworldguidecom,,No,none,travel,40,9,Low,,,,,,,,,UCkj--DiKIM-Uj-HXFsoVPyA,0,730,41,0.86,4.4444,False,False,,,1.0,manual,https://www.youtube.com/watch?v=DVttFljzwT8,https://www.youtube.com/watch?v=nFCmMllRcw0,no monetization found; rare uploads; stale channel; low views,False,15,True,True,2026-10-05T18:30:43+00:00
Toasted Ghost,https://www.youtube.com/@ToastedGhost0027,,No,none,food,72,2780,Low,,,,,,,,,UC2fRN2afrknbyebN9jEpEvA,10,8,39,1.07,0.0259,False,False,link hub: linktr.ee,,0.5,manual,https://www.youtube.com/watch?v=9PDRZVDvGAc,https://www.youtube.com/watch?v=JI1Xk2z_sHk,views are low for the subscriber count; no monetization found; no clear niche; low views,True,15,True,True,2026-10-05T17:27:24+00:00
Life With Kaz,https://www.youtube.com/@lifewithkaz4130,,No,none,lifestyle_vlog,39,710,Low,,,,,,,,,UCRc7POlDhXo26aB9c8eIegw,30,1,39,1.0,0.0549,False,False,,,1.0,manual,https://www.youtube.com/watch?v=dgk-5voVID4,https://www.youtube.com/watch?v=8476PkoF8yc,no monetization found; low views,False,15,True,True,2026-10-05T18:07:21+00:00
Travel Dolce,https://www.youtube.com/@traveldolce5153,,Yes,coaching_or_program,lifestyle_vlog,883,203,Low,,,,,,,,,UCs436QD2zYLCG6NrbArPGnw,0,1096,38,0.8,4.3498,True,False,calendly.com; ebook,,0.83,manual,https://www.youtube.com/watch?v=f9-wyDvNnXU,https://www.youtube.com/watch?v=Ax9exhM24i0,one video is carrying the average; rare uploads; stale channel; low views,True,7,True,True,2026-10-05T18:29:53+00:00
Traveluxepro LuxuryTravel,https://www.youtube.com/@traveluxeproluxurytravel5626,sarin.raj@masonhorvath.com,No,none,travel,387,52,Low,,,,,,,,,UCMGfrOYDvBIvHmsIOpq2gFg,0,1826,37,0.04,7.4423,True,False,ebook,,1.0,channel_description,https://www.youtube.com/watch?v=NiJ1FlzxuQ8,https://www.youtube.com/watch?v=mFbkGR6_0u8,one video is carrying the average; rare uploads; stale channel; low views,True,7,True,True,2026-10-05T18:30:59+00:00
SparkMinds J.S.C,https://www.youtube.com/@SparkMinds-J-S-C,,No,none,tech,46,19,Low,,,,,,,,,UCrUaA2no1wBazE2ZvmKKA7Q,0,122,36,2.25,2.4211,True,False,ebook,,1.0,manual,https://www.youtube.com/watch?v=o_8SxoxiLJs,https://www.youtube.com/watch?v=o_8SxoxiLJs,rare uploads; stale channel; low views,False,15,True,True,2026-10-05T17:18:00+00:00
Nina Jackson Mitchell | Travel • Income • Freedom,https://www.youtube.com/@NinaJacksonMitchellTravelCoach,,Yes,coaching_or_program,travel,56,1790,Low,,,,,,,,,UCTNlTsX3W5nUuYqchN4mlDw,1,61,35,0.57,0.0313,True,False,calendly.com; mentorship,,0.93,manual,https://www.youtube.com/watch?v=mTPzh1e7jNU,https://www.youtube.com/watch?v=9ehI-BSdWj8,rare uploads; stale channel; low views,False,15,True,True,2026-10-05T17:06:45+00:00
SHARPS 47,https://www.youtube.com/@sharps47,,No,none,fitness,76,639,Low,,,,,,,,,UCDvWb1TjBzEPja6dSY9zlkQ,7,14,32,0.72,0.1189,False,False,,,0.5,manual,https://www.youtube.com/watch?v=SUNKwkemAvY,https://www.youtube.com/watch?v=ROzN_cmazMQ,one video is carrying the average; no monetization found; no clear niche; low views,True,15,True,True,2026-10-05T18:21:39+00:00
No Brainer Biz,https://www.youtube.com/@NoBrainerBiz,,No,none,tech,42,594,Low,,,,,,,,,UCF4u-WagKmztUAlpBw3gjLQ,0,183,30,0.77,0.0707,True,False,program,,0.75,manual,https://www.youtube.com/watch?v=eLL6719Wn7g,https://www.youtube.com/watch?v=raGyI6s1kA4,rare uploads; stale channel; low views,False,15,True,True,2026-10-05T17:06:53+00:00
B On A Budget,https://www.youtube.com/@bee-onabudget,,No,none,finance,113,570,Low,,,,,,,,,UCDhJ9BnhIeW7RN-KdQIjNow,0,244,29,0.97,0.1982,False,False,link hub: beacons.ai,,0.71,manual,https://www.youtube.com/watch?v=ZbML2m-sDr4,https://www.youtube.com/watch?v=-iu7rKGCzZs,one video is carrying the average; no monetization found; rare uploads; stale channel; low views,True,15,True,True,2026-10-05T17:41:44+00:00
TRAVEL BOX B2B HOLIDAY EXPERT,https://www.youtube.com/channel/UChwu4PBz5szHzZsQe9lPfHw,,No,none,travel,35,17,Low,,,,,,,,,UChwu4PBz5szHzZsQe9lPfHw,0,213,29,,2.0588,False,False,,,1.0,manual,https://www.youtube.com/watch?v=FJzcrNZ-rks,https://www.youtube.com/watch?v=FJzcrNZ-rks,no monetization found; rare uploads; stale channel; low views,False,5,True,True,2026-10-05T18:35:57+00:00
Tour Guide Jeff TV,https://www.youtube.com/@TourguideJeffTV,opialajeffrey@gmail.com,No,none,travel,59,1870,Low,,,,,,,,,UC2rTNru0JmD_T0MAVX8ALOQ,0,30,28,3.73,0.0316,True,False,ebook,,0.5,channel_description,https://www.youtube.com/watch?v=R5nv15nb6cs,https://www.youtube.com/watch?v=R5nv15nb6cs,one video is carrying the average; rare uploads; no clear niche; low views,True,15,True,True,2026-10-05T17:28:16+00:00
Self Maid with Jason Cleans,https://www.youtube.com/@selfmaidpod,,No,none,business,26,100,Low,,,,,,,,,UCyDM0fUSn-mv9dQfETO8KYQ,17,5,27,1.38,0.26,False,False,,,0.71,manual,https://www.youtube.com/watch?v=z49Fx7N-kAI,https://www.youtube.com/watch?v=qWJ9VUY-FVg,no monetization found; low views,False,15,True,True,2026-10-05T18:21:07+00:00
Kevin Simons,https://www.youtube.com/@kevinsimons2037,,No,none,travel,53,151,Low,,,,,,,,,UCO8WWn-iDJXYbcjhN6jQ2IQ,0,365,24,,0.351,False,False,,,0.5,manual,https://www.youtube.com/watch?v=c-c-tqPhp0U,https://www.youtube.com/watch?v=c-c-tqPhp0U,one video is carrying the average; no monetization found; rare uploads; stale channel; no clear niche; low views,True,6,True,True,2026-10-05T18:04:50+00:00
Halo Holidays UK,https://www.youtube.com/@haloholidaysuk,,No,none,travel,20,36,Low,,,,,,,,,UCxREDaiSYMrL4c1zh1OOjZA,0,365,20,,0.5556,True,False,ebook,,1.0,manual,https://www.youtube.com/watch?v=F5smONVjTMo,https://www.youtube.com/watch?v=F5smONVjTMo,rare uploads; stale channel; low views,False,1,True,True,2026-10-05T17:55:47+00:00
Wanderlust World Travelers,https://www.youtube.com/@WWTLLC,,No,none,travel,17,2,Low,,,,,,,,,UCoYMn4yOFHk1lKKOspuyo9Q,0,730,19,,8.5,False,False,,,0.5,manual,https://www.youtube.com/watch?v=3cSB6P9uVBw,https://www.youtube.com/watch?v=3cSB6P9uVBw,no monetization found; rare uploads; stale channel; no clear niche; low views,False,3,True,True,2026-10-05T17:32:44+00:00
Merging Life and Money,https://www.youtube.com/@merginglifeandmoney,,No,none,finance,35,451,Low,,,,,,,,,UCDOmx_ThReq0hAC3acvMQ9g,0,213,16,0.78,0.0776,True,False,ebook,,0.5,manual,https://www.youtube.com/watch?v=IVJfAVz3lnc,https://www.youtube.com/watch?v=41PmJHH2UCw,one video is carrying the average; rare uploads; stale channel; no clear niche; low views,True,15,True,True,2026-10-05T18:10:26+00:00
Jake,https://www.youtube.com/@LegoJakeProductions,,No,none,travel,30,573,Low,,,,,,,,,UCk4rza_yybO_MS0H7yjqNjw,6,30,15,2.0,0.0524,False,False,,,1.0,manual,https://www.youtube.com/watch?v=VMV1XpUo-LE,https://www.youtube.com/watch?v=PaU3ytlf_Xk,no monetization found; low views,False,15,True,True,2026-10-05T16:56:26+00:00
TTG Media Limited,https://www.youtube.com/@TTGMedia,,No,none,travel,97,763,Low,,,,,,,,,UCtTYf3GOQgtZyxKVZbRXPHg,10,7,15,0.76,0.1271,False,False,,,0.71,manual,https://www.youtube.com/watch?v=SA6hFlMk-Q0,https://www.youtube.com/watch?v=SA6hFlMk-Q0,one video is carrying the average; no monetization found; low views,True,15,True,True,2026-10-05T17:20:10+00:00
HasWings,https://www.youtube.com/channel/UCzLOkHF0r_N9RaNNFisv9ag,,No,none,travel,17,1820,Low,,,,,,,,,UCzLOkHF0r_N9RaNNFisv9ag,0,28,15,0.67,0.0093,False,False,,,1.0,manual,https://www.youtube.com/watch?v=GPDiwAb2fwc,https://www.youtube.com/watch?v=OdUi3m2i0Fw,views are low for the subscriber count; no monetization found; rare uploads; low views,True,15,True,True,2026-10-05T18:36:29+00:00
Small Business TV,https://www.youtube.com/@smallbusinesstv7187,,No,none,fitness,25,23,Low,,,,,,,,,UCkbpOPXCNRyFGlfpiwJLUmg,0,2922,14,0.82,1.087,False,False,,,0.75,manual,https://www.youtube.com/watch?v=UBN7Uiw_raA,https://www.youtube.com/watch?v=kz1MpiEfAyY,no monetization found; rare uploads; stale channel; low views,False,8,True,True,2026-10-05T18:22:07+00:00
Let's Talk Dis,https://www.youtube.com/@LetsTalkDis,,No,none,travel,17,1200,Low,,,,,,,,,UCiX7RLo_GB_6g_gqUAywwyg,13,5,13,1.57,0.0142,False,False,,,1.0,manual,https://www.youtube.com/watch?v=Sii6l-5FVYA,https://www.youtube.com/watch?v=bylVlhsR-u8,views are low for the subscriber count; no monetization found; low views,True,15,True,True,2026-10-05T16:56:46+00:00
Brian Abarca,https://www.youtube.com/@AbarcaFitness,,No,none,fitness,12,1720,Low,,,,,,,,,UCMCwU3lEhPNE-5mgU3U3Grg,0,91,11,0.87,0.007,False,False,link hub: linktr.ee,,1.0,manual,https://www.youtube.com/watch?v=rylxWoTdqPw,https://www.youtube.com/watch?v=E9_uhj-nIX0,views are low for the subscriber count; no monetization found; rare uploads; stale channel; low views,True,15,True,True,2026-10-05T16:17:28+00:00
Cruise Planners - Robert & Kyle,https://www.youtube.com/@cruiseplannersrk,,No,none,travel,52,46,Low,,,,,,,,,UCdSQR8tJlOWjBtQ4rA7cdWQ,0,730,11,0.63,1.1304,True,False,course; ebook,,1.0,manual,https://www.youtube.com/watch?v=Fqgjm2t_rTg,https://www.youtube.com/watch?v=43PmDorvvY4,one video is carrying the average; rare uploads; stale channel; low views,True,15,True,True,2026-10-05T17:47:25+00:00
Travel More,https://www.youtube.com/@travelmorepodcast,contact@travelmorepodcast.com,No,affiliate_only,travel,15,18,Low,,,,,,,,,UC2eC7GbUkih31XvHBaLFDFg,0,274,10,2.88,0.8333,True,True,course; ebook; affiliate; sponsor read,,1.0,video_description,https://www.youtube.com/watch?v=Ix4cHligDXE,https://www.youtube.com/watch?v=jXo-TQ5yHzs,rare uploads; stale channel; low views,False,15,True,True,2026-10-05T18:30:25+00:00
Vloggy Travels,https://www.youtube.com/@vloggytravels,,No,none,travel,17,388,Low,,,,,,,,,UC82Fwjcz7_CStaL_Uzn9fEA,0,730,10,1.5,0.0438,True,False,ebook,,0.9,manual,https://www.youtube.com/watch?v=cKPbm2tbdI4,https://www.youtube.com/watch?v=m7YRqoTITn0,rare uploads; stale channel; low views,False,15,True,True,2026-10-05T18:32:28+00:00
SharksterTravel,https://www.youtube.com/@SharksterTravel,,No,none,travel,56,10,Low,,,,,,,,,UCqAifsjVy_rbgUJBm2PPIMw,0,730,7,2.0,5.6,False,False,,,1.0,manual,https://www.youtube.com/watch?v=7WSSTwXF-pw,https://www.youtube.com/watch?v=u-06edBc9ic,one video is carrying the average; no monetization found; rare uploads; stale channel; low views,True,10,True,True,2026-10-05T17:17:04+00:00
Trips with CK,https://www.youtube.com/@TripswithCK,,No,none,travel,6,4,Low,,,,,,,,,UCBG5QU5GBsf9U_xf1WEWA6A,2,30,6,,1.5,False,False,,,1.0,manual,https://www.youtube.com/watch?v=ngqqdoORRbI,https://www.youtube.com/watch?v=ngqqdoORRbI,no monetization found; rare uploads; low views,False,2,True,True,2026-10-05T17:31:22+00:00
Travel Agents Playbook,https://www.youtube.com/@TravelAgentsPlaybook,,No,affiliate_only,travel,3,194,Low,,,,,,,,,UCyZJOJc3x7vzRAxPahe-Nlw,0,244,4,1.0,0.0155,True,False,course; affiliate,,0.93,manual,https://www.youtube.com/watch?v=bUkquHO8ylk,https://www.youtube.com/watch?v=K9N2hb0mVpM,views are low for the subscriber count; rare uploads; stale channel; low views,True,15,True,True,2026-10-05T17:29:09+00:00
Mickey Guru Travel Company,https://www.youtube.com/@MickeyGuruTravel,,No,none,travel,3,161,Low,,,,,,,,,UCnWDcx9EV9HjSAHRCXvBOFg,30,4,2,2.0,0.0186,False,False,link hub: beacons.ai,,0.89,manual,https://www.youtube.com/watch?v=E3WDQNdEih0,https://www.youtube.com/watch?v=W887dEVcMQc,views are low for the subscriber count; no monetization found; low views,True,15,True,True,2026-10-05T17:01:58+00:00
Alan Thrall (Untamed Strength),https://www.youtube.com/@AlanThrall,,No,none,,0,848000,Low,,,,,,,,,UCRLOLGZl3-QTaJfLmAKgoAw,0,,0,,0.0,False,False,,,0.0,manual,,,views are low for the subscriber count; no monetization found; rare uploads; stale channel; no clear niche; low views,True,0,True,True,2026-10-05T16:18:54+00:00
AllianzTravel,https://www.youtube.com/@AllianzTravelUS,,No,none,,0,4280,Low,,,,,,,,,UC1puPI4_Nrb4W0MzZ_kC2Mg,0,10,0,,0.0,True,False,ebook,,0.0,manual,,,views are low for the subscriber count; rare uploads; no clear niche; low views,True,0,True,True,2026-10-05T16:19:24+00:00
BeignetTravel,https://www.youtube.com/@BeignetTravel,,No,none,,0,229,Low,,,,,,,,,UCy15NsAhWlt2yatBnIXjdBw,0,,0,,0.0,False,False,,,0.0,manual,,,views are low for the subscriber count; no monetization found; rare uploads; stale channel; no clear niche; low views,True,0,True,True,2026-10-05T16:22:14+00:00
CBC News,https://www.youtube.com/@CBCNews,,No,none,,0,4770000,Low,,,,,,,,,UCuFFtHWoLl5fauMMD5Ww2jA,24,0,0,,0.0,False,False,,,0.0,manual,,,views are low for the subscriber count; no monetization found; no clear niche; low views,True,0,True,True,2026-10-05T16:25:15+00:00
Exploreance | Cruise Planners,https://www.youtube.com/@ExploreanceCruisePlanners,,No,none,,0,3,Low,,,,,,,,,UCmSkvPtcyG4MaVP5stQHpZg,0,183,0,,0.0,False,False,,,0.0,manual,,,views are low for the subscriber count; no monetization found; rare uploads; stale channel; no clear niche; low views,True,0,True,True,2026-10-05T16:35:33+00:00
Fletcher Morley,https://www.youtube.com/@FletcherMorley,,No,none,,0,50,Low,,,,,,,,,UCuLJKsbaFtQUfExvDWC9LMw,0,,0,,0.0,True,False,ebook,,0.0,manual,,,views are low for the subscriber count; rare uploads; stale channel; no clear niche; low views,True,0,True,True,2026-10-05T16:38:04+00:00
Jennifer D. Harrington | Travel Agent,https://www.youtube.com/@JenniferDHarrington,,No,none,,0,754,Low,,,,,,,,,UCYaOUzU4eIRBahZt7KB3OQA,0,365,0,,0.0,True,False,ebook; link hub: beacons.ai,,0.0,manual,,,views are low for the subscriber count; rare uploads; stale channel; no clear niche; low views,True,0,True,True,2026-10-05T16:48:46+00:00
Jonathan Logan,https://www.youtube.com/@JonathanLogan-if9tz,,No,none,,0,,Low,,,,,,,,,UCNpzYUm5bCCu2EkD2o3udPQ,0,730,0,,,False,False,,,0.0,manual,,,no monetization found; rare uploads; stale channel; no clear niche; low views,False,0,True,True,2026-10-05T16:51:08+00:00
ZHANG JUN,https://www.youtube.com/@LeidianaBerduo,,No,none,,0,,Low,,,,,,,,,UCt7y3asr7hRMQrRUX0Phiyw,0,91,0,,,False,False,,,0.0,manual,,,no monetization found; rare uploads; stale channel; no clear niche; low views,False,0,True,True,2026-10-05T16:56:30+00:00
Only Provence,https://www.youtube.com/@OnlyProvence,,No,none,,0,3840,Low,,,,,,,,,UCydIleE9xJph-UNQgK6G3gg,0,30,0,,0.0,True,False,ebook,,0.0,manual,,,views are low for the subscriber count; rare uploads; no clear niche; low views,True,0,True,True,2026-10-05T17:09:05+00:00
TripMule,https://www.youtube.com/@TripMule,,No,none,,0,,Low,,,,,,,,,UCa8top8O_K3NxH1CO_OLGWA,0,4018,0,,,False,False,,,0.0,manual,,,no monetization found; rare uploads; stale channel; no clear niche; low views,False,0,True,True,2026-10-05T17:31:14+00:00
Your Custom Journey,https://www.youtube.com/@YourCustomJourney,,No,none,,0,,Low,,,,,,,,,UCUmHvSxmxcre15mRAMOEEcA,0,335,0,,,False,False,,,0.0,manual,,,no monetization found; rare uploads; stale channel; no clear niche; low views,False,0,True,True,2026-10-05T17:35:07+00:00
Baxter Media,https://www.youtube.com/@baxtermedia4145,,No,none,,0,3,Low,,,,,,,,,UCtaXCOH5TB9yQKuTcavC2PQ,0,2192,0,,0.0,False,False,,,0.0,manual,,,views are low for the subscriber count; no monetization found; rare uploads; stale channel; no clear niche; low views,True,0,True,True,2026-10-05T17:41:35+00:00
Crazy Takes,https://www.youtube.com/@crazy-takes,,No,none,,0,90700,Low,,,,,,,,,UCIvCdtlI9a-Ahk6Pl4MMHeA,0,,0,,0.0,False,False,,,0.0,manual,,,views are low for the subscriber count; no monetization found; rare uploads; stale channel; no clear niche; low views,True,0,True,True,2026-10-05T17:47:08+00:00
EscapeLux,https://www.youtube.com/@escapelux3246,,No,none,,0,3,Low,,,,,,,,,UCMHapNLhZWOw9jN-OE20NyQ,0,91,0,,0.0,False,False,,,0.0,manual,,,views are low for the subscriber count; no monetization found; rare uploads; stale channel; no clear niche; low views,True,0,True,True,2026-10-05T17:52:06+00:00
Here to Help,https://www.youtube.com/@heretohelp69,george@vlasyev.com,No,none,,0,11600,Low,,,,,,,,,UC9mrd19dfBDZzY7M0w8GanA,0,274,0,,0.0,False,False,,,0.0,channel_description,,,views are low for the subscriber count; no monetization found; rare uploads; stale channel; no clear niche; low views,True,0,True,True,2026-10-05T17:57:04+00:00
Road To Travel Inc.,https://www.youtube.com/@italiantours,,No,none,,0,1,Low,,,,,,,,,UCGAcd5ToZOJHySkBKSY_RgA,0,2922,0,,0.0,False,False,,,0.0,manual,,,views are low for the subscriber count; no monetization found; rare uploads; stale channel; no clear niche; low views,True,0,True,True,2026-10-05T17:59:51+00:00
Luke Davis,https://www.youtube.com/@luke_davis,,No,none,,0,,Low,,,,,,,,,UCGLKpdsptEDUVDhCSJNJEDg,0,,0,,,False,False,,,0.0,manual,,,no monetization found; rare uploads; stale channel; no clear niche; low views,False,0,True,True,2026-10-05T18:08:22+00:00
Millenium Travel,https://www.youtube.com/@milleniumtravel6715,,No,none,,0,13,Low,,,,,,,,,UCMYPBpzemloudxzpXEfMX7A,0,3287,0,,0.0,False,False,,,0.0,manual,,,views are low for the subscriber count; no monetization found; rare uploads; stale channel; no clear niche; low views,True,0,True,True,2026-10-05T18:11:19+00:00
musicfan1619,https://www.youtube.com/@musicfan1619,,No,none,food,0,11,Low,,,,,,,,,UC3ABdSviapYK6lv6OizrqIQ,0,,0,,0.0,False,False,,,0.67,manual,https://www.youtube.com/watch?v=PL7mKVkrL1Bm7LdTA_omHSqfikTXMxFEel,,views are low for the subscriber count; no monetization found; rare uploads; stale channel; low views,True,15,True,True,2026-10-05T18:12:48+00:00
OutsideAgents.com,https://www.youtube.com/@outsideagents,,No,none,,0,5230,Low,,,,,,,,,UC5UvuhhZG9SX6xL-maMmw0w,30,13,0,,0.0,False,False,,,0.0,manual,,,views are low for the subscriber count; no monetization found; no clear niche; low views,True,0,True,True,2026-10-05T18:16:12+00:00
Pentravel,https://www.youtube.com/@pentravel,,No,none,,0,219,Low,,,,,,,,,UCegvTm3FW91wgVYRgDkkJlw,0,30,0,,0.0,True,False,ebook,,0.0,manual,,,views are low for the subscriber count; rare uploads; no clear niche; low views,True,0,True,True,2026-10-05T18:16:27+00:00
The Sicilian Villa Company,https://www.youtube.com/@thesicilianvillacompany8596,,No,none,,0,2,Low,,,,,,,,,UCRUvjFBTtJtrv5arLzT077A,0,1826,0,,0.0,False,False,,,0.0,manual,,,views are low for the subscriber count; no monetization found; rare uploads; stale channel; no clear niche; low views,True,0,True,True,2026-10-05T18:27:12+00:00
Tuscany Now & More,https://www.youtube.com/@tuscanynowandmore,,No,none,,0,1420,Low,,,,,,,,,UCl_vTLjJxMSaMzl5DLg8zCw,0,4,0,,0.0,True,False,ebook,,0.0,manual,,,views are low for the subscriber count; rare uploads; no clear niche; low views,True,0,True,True,2026-10-05T18:31:37+00:00
Zara Hemmens,https://www.youtube.com/@zarahammens,,No,none,,0,2,Low,,,,,,,,,UCuAFmYxSN0oB8NKu6IN_n_Q,0,4748,0,,0.0,False,False,,,0.0,manual,,,views are low for the subscriber count; no monetization found; rare uploads; stale channel; no clear niche; low views,True,0,True,True,2026-10-05T18:34:32+00:00
Vlog Benidorm,https://www.youtube.com/channel/UCk-EPn3z3XT7DBrJseqMknQ,,No,none,,0,,Low,,,,,,,,,UCk-EPn3z3XT7DBrJseqMknQ,0,,0,,,False,False,,,0.0,manual,,,no monetization found; rare uploads; stale channel; no clear niche; low views,False,0,True,True,2026-10-05T18:36:02+00:00
