Loaded 1024 channels from results/unscored_channels.txt
[1/1024] https://www.youtube.com/@10xTravel
      10xTravel | Mid | 9,530 subs | med 2,100 views | 6 uploads/90d | travel (0.92) | sells=False
[2/1024] https://www.youtube.com/@12NewsAZ
      12 News | Mid | 479,000 subs | med 0 views | 12 uploads/90d | no niche (0.0) | sells=False
[3/1024] https://www.youtube.com/@1Angel4Travel
      Travel Career Academy With Angel | Low | 838 subs | med 543 views | 2 uploads/90d | travel (1.0) | sells=False
[4/1024] https://www.youtube.com/@1stphorm
      1st Phorm | Mid | 224,000 subs | med 10,000 views | 13 uploads/90d | fitness (1.0) | sells=False
[5/1024] https://www.youtube.com/@2Passports1Dream
      2Passports 1Dream | Mid | 304,000 subs | med 133,000 views | 13 uploads/90d | travel (1.0) | sells=False
[6/1024] https://www.youtube.com/@30AndAWakeUp
      30 And A Wake Up | Mid | 115,000 subs | med 18,000 views | 0 uploads/90d | travel (1.0) | sells=False
[7/1024] https://www.youtube.com/@360frankie
      360frankie | Low | 250 subs | med 2,100 views | 1 uploads/90d | finance (1.0) | sells=False
[8/1024] https://www.youtube.com/@3Days3Noches
      3 Days 3 Noches | Mid | 58,700 subs | med 22,000 views | 7 uploads/90d | travel (1.0) | sells=False
[9/1024] https://www.youtube.com/@48NewsOYS
      WAFF 48 News & Weather | Mid | 40,300 subs | med 119 views | 11 uploads/90d | tech (1.0) | sells=False
[10/1024] https://www.youtube.com/@7clouds
      7clouds | Mid | 33,700,000 subs | med 164,500 views | 23 uploads/90d | food (1.0) | sells=False
[11/1024] https://www.youtube.com/@8Ball-adventures
      8Ball Adventures | Low | 235 subs | med 260 views | 6 uploads/90d | running_endurance (0.67) | sells=False
[12/1024] https://www.youtube.com/@A1ADVENTURE
      A1 ADVENTURE | Low | 6,830,000 subs | med 2,100,000 views | 30 uploads/90d | finance (0.5) | sells=False
[13/1024] https://www.youtube.com/@ABTAtravel
      ABTA | Low | 854 subs | med 127 views | 0 uploads/90d | travel (0.75) | sells=False
[14/1024] https://www.youtube.com/@ACoupleTravelers
      A Couple Travelers | Mid | 13,900 subs | med 3,000 views | 4 uploads/90d | travel (1.0) | sells=True
[15/1024] https://www.youtube.com/@ALotofWhatYouFancy
      A Lot of What You Fancy | Low | 891 subs | med 554 views | 0 uploads/90d | lifestyle_vlog (0.5) | sells=False
[16/1024] https://www.youtube.com/@ASMRJonie
      ASMR Jonie | High | 121,000 subs | med 5,200 views | 30 uploads/90d | tech (0.67) | sells=True
[17/1024] https://www.youtube.com/@AbarcaFitness
      Brian Abarca | Low | 1,720 subs | med 11 views | 0 uploads/90d | fitness (1.0) | sells=False
[18/1024] https://www.youtube.com/@AbroadinJapan
      Abroad in Japan | Mid | 3,290,000 subs | med 1,200,000 views | 5 uploads/90d | food (0.44) | sells=True
[19/1024] https://www.youtube.com/@AddictedtotheMouse
      Addicted to the Mouse | High | 26,800 subs | med 4,400 views | 26 uploads/90d | tech (0.62) | sells=True
[20/1024] https://www.youtube.com/@AdventuresofAplusK
      Adventures of A+K | Mid | 298,000 subs | med 125,000 views | 4 uploads/90d | travel (0.73) | sells=True
[21/1024] https://www.youtube.com/@AdventuringWithAnnie
      Adventuring with Annie | Low | 13,000 subs | med 589 views | 11 uploads/90d | tech (0.71) | sells=False
[22/1024] https://www.youtube.com/@AforAdley
      A for Adley - Learning & Fun | Low | 8,720,000 subs | med 1,900,000 views | 17 uploads/90d | tech (0.5) | sells=False
[23/1024] https://www.youtube.com/@AimeeStewart97
      Aimee Stewart | Mid | 386 subs | med 55 views | 5 uploads/90d | martial_arts (0.67) | sells=False
[24/1024] https://www.youtube.com/@AirportNow
      Airport NOW | Low | 38,000 subs | med 970 views | 14 uploads/90d | travel (1.0) | sells=False
[25/1024] https://www.youtube.com/@AirportTipsAndTricks
      Airport Tips And Tricks | Mid | 32,800 subs | med 975 views | 2 uploads/90d | travel (0.91) | sells=False
[26/1024] https://www.youtube.com/@Aizalbalouch
      Daily family velogs | Low | 311 subs | med 100 views | 30 uploads/90d | nutrition (0.43) | sells=False
[27/1024] https://www.youtube.com/@AlanThrall
      Alan Thrall (Untamed Strength) | Low | 848,000 subs | med 0 views | 0 uploads/90d | no niche (0.0) | sells=False
[28/1024] https://www.youtube.com/@AllCentralFlorida
      AllCentralFlorida | Mid | 25,900 subs | med 363 views | 15 uploads/90d | travel (0.71) | sells=True
[29/1024] https://www.youtube.com/@AllEarsNet
      AllEars.net | High | 430,000 subs | med 33,000 views | 30 uploads/90d | travel (0.75) | sells=True
[30/1024] https://www.youtube.com/@AllInclusiveReviews
      All Inclusive Reviews | Mid | 14,200 subs | med 4,800 views | 0 uploads/90d | travel (0.75) | sells=False
[31/1024] https://www.youtube.com/@AllianzTravelUS
      AllianzTravel | Low | 4,280 subs | med 0 views | 0 uploads/90d | no niche (0.0) | sells=False
[32/1024] https://www.youtube.com/@AltexSoft
      AltexSoft | Mid | 73,500 subs | med 867 views | 4 uploads/90d | travel (0.42) | sells=False
[33/1024] https://www.youtube.com/@Amayipernecia
      Amayi Pernecia | Mid | 28,100 subs | med 5,400 views | 18 uploads/90d | lifestyle_vlog (0.88) | sells=False
[34/1024] https://www.youtube.com/@Amethystjuliet
      Amethyst Juliet | Mid | 46,300 subs | med 12,000 views | 22 uploads/90d | lifestyle_vlog (0.86) | sells=False
[35/1024] https://www.youtube.com/@AmexGlobalBusinessTravel
      American Express Global Business Travel | Low | 1,960 subs | med 348 views | 0 uploads/90d | travel (1.0) | sells=False
[36/1024] https://www.youtube.com/@AmiCharlizex
      Ami Charlize | Mid | 434,000 subs | med 38,000 views | 17 uploads/90d | travel (0.67) | sells=False
[37/1024] https://www.youtube.com/@AmyHart
      Amy Hart | Low | 13,900 subs | med 6,500 views | 5 uploads/90d | tech (0.33) | sells=False
[38/1024] https://www.youtube.com/@AngelicaandAileenWanders
      Angelica & Aileen Wanders | Mid | 246,000 subs | med 109,000 views | 4 uploads/90d | travel (0.8) | sells=False
[39/1024] https://www.youtube.com/@AngieHotandFlashy
      HotandFlashy | Mid | 1,230,000 subs | med 72,000 views | 11 uploads/90d | food (0.33) | sells=False
[40/1024] https://www.youtube.com/@AnnaBea
      Anna Bea | Mid | 15,900 subs | med 907 views | 5 uploads/90d | lifestyle_vlog (0.29) | sells=False
[41/1024] https://www.youtube.com/@AprilLauren
      April Lauren | Low | 70,000 subs | med 18,000 views | 0 uploads/90d | travel (0.4) | sells=False
[42/1024] https://www.youtube.com/@Archdigest
      Architectural Digest | Mid | 8,010,000 subs | med 633,000 views | 20 uploads/90d | travel (0.57) | sells=False
[43/1024] https://www.youtube.com/@AshleysayQue
      Ashleysayque | Low | 53,500 subs | med 4,300 views | 0 uploads/90d | fitness (0.36) | sells=False
[44/1024] https://www.youtube.com/@AshtonMyler
      Ashton | Mid | 3,240,000 subs | med 2,900,000 views | 1 uploads/90d | travel (1.0) | sells=True
[45/1024] https://www.youtube.com/@AsiaAubree
      ytInitialData missing, retrying with a longer wait
      ytInitialData missing, retrying with a longer wait
[46/1024] https://www.youtube.com/@AtoZenLife
      A to Zen Life | Mid | 431,000 subs | med 110,000 views | 9 uploads/90d | finance (0.4) | sells=False
[47/1024] https://www.youtube.com/@AvaaDaniels
      Ava Daniels | Mid | 75,800 subs | med 25,000 views | 12 uploads/90d | travel (0.71) | sells=False
[48/1024] https://www.youtube.com/@BYELYK
      ELYK. | Mid | 18,700 subs | med 6,500 views | 4 uploads/90d | lifestyle_vlog (0.8) | sells=False
[49/1024] https://www.youtube.com/@BaileysVlogsUnfiltered
      Bailey Shafer | Mid | 4,250 subs | med 4,400 views | 2 uploads/90d | finance (0.3) | sells=True
[50/1024] https://www.youtube.com/@Beachlife-and-Beyond
      Beachlife and Beyond | High | 5,640 subs | med 3,200 views | 10 uploads/90d | travel (0.83) | sells=True
[51/1024] https://www.youtube.com/@Beardmeatsfood
      BeardMeatsFood | Mid | 6,870,000 subs | med 6,800,000 views | 14 uploads/90d | food (1.0) | sells=False
[52/1024] https://www.youtube.com/@BedrosKeuilian
      Bedros Keuilian | Mid | 871,000 subs | med 4,300 views | 28 uploads/90d | business (0.75) | sells=False
[53/1024] https://www.youtube.com/@BeignetTravel
      BeignetTravel | Low | 229 subs | med 0 views | 0 uploads/90d | no niche (0.0) | sells=False
[54/1024] https://www.youtube.com/@BenAzelart
      Ben Azelart | Mid | 51,500,000 subs | med 116,000,000 views | 1 uploads/90d | food (1.0) | sells=True
[55/1024] https://www.youtube.com/@BenidormbyAna
      Benidorm by Ana | Mid | 25,900 subs | med 5,500 views | 30 uploads/90d | travel (1.0) | sells=False
[56/1024] https://www.youtube.com/@BespokeChinaTravel
      Bespoke China Travel | Low | 54 subs | med 76 views | 0 uploads/90d | travel (0.67) | sells=False
[57/1024] https://www.youtube.com/@BhartiYoga
      Bharti Yoga | Mid | 261,000 subs | med 5,700 views | 4 uploads/90d | fitness (0.86) | sells=False
[58/1024] https://www.youtube.com/@BigtimeMyrtleBeach
      Bigtime Myrtle Beach to Orlando | Low | 4,390 subs | med 410 views | 8 uploads/90d | travel (1.0) | sells=False
[59/1024] https://www.youtube.com/@BlueStarNutraceuticals
      Blue Star Nutraceuticals | Low | 185,000 subs | med 2,600 views | 0 uploads/90d | fitness (0.91) | sells=False
[60/1024] https://www.youtube.com/@BoardiFly
      BoardiFly | Mid | 13,900 subs | med 339 views | 22 uploads/90d | travel (1.0) | sells=False
[61/1024] https://www.youtube.com/@BobandBrad
      Bob & Brad | Mid | 5,480,000 subs | med 33,000 views | 30 uploads/90d | fitness (1.0) | sells=False
[62/1024] https://www.youtube.com/@BonVoyageBrenda
      Bon Voyage Brenda | Mid | 4,820 subs | med 2,800 views | 4 uploads/90d | travel (0.92) | sells=False
[63/1024] https://www.youtube.com/@BradyYourTutor
      BradyYourTutor | Low | 3,320,000 subs | med 462,000 views | 10 uploads/90d | food (0.5) | sells=False
[64/1024] https://www.youtube.com/@Brandonjones_4
      Brandon Jones | Low | 12,700 subs | med 419 views | 0 uploads/90d | fitness (0.43) | sells=False
[65/1024] https://www.youtube.com/@BrandonsTravelGuides
      Brandon’s Travel Guides | Mid | 36,500 subs | med 11,000 views | 4 uploads/90d | travel (0.89) | sells=False
[66/1024] https://www.youtube.com/@BreakawayFitnessNC
      Breakaway Fitness & Performance LLC | Low | 365 subs | med 71 views | 0 uploads/90d | nutrition (0.5) | sells=False
[67/1024] https://www.youtube.com/@BreannaQuan
      Breanna Quan | Mid | 1,480,000 subs | med 352,000 views | 8 uploads/90d | lifestyle_vlog (0.71) | sells=False
[68/1024] https://www.youtube.com/@BreastCancerNowCharity
      Breast Cancer Now | Mid | 4,300 subs | med 321 views | 7 uploads/90d | food (0.33) | sells=False
[69/1024] https://www.youtube.com/@BriannaWoodbine
      Brianna Woodbine | Mid | 22,900 subs | med 7,700 views | 18 uploads/90d | travel (0.47) | sells=False
[70/1024] https://www.youtube.com/@BrightSideTravelHacks
      ytInitialData missing, retrying with a longer wait
      ytInitialData missing, retrying with a longer wait
[71/1024] https://www.youtube.com/@BrightSunTravels
      Bright Sun Travels | Mid | 355,000 subs | med 848,000 views | 3 uploads/90d | travel (0.69) | sells=True
[72/1024] https://www.youtube.com/@Britfam.
      Brit fam 🇬🇧 | Mid | 5,870 subs | med 3,550 views | 6 uploads/90d | travel (0.82) | sells=False
[73/1024] https://www.youtube.com/@Brixglover
      Brix Glover | Mid | 827,000 subs | med 2,000 views | 2 uploads/90d | nutrition (0.5) | sells=True
[74/1024] https://www.youtube.com/@BuiltLeanTV
      BuiltLean® | Mid | 64,099 subs | med 1,400 views | 0 uploads/90d | fitness (0.62) | sells=False
[75/1024] https://www.youtube.com/@ByteSizeCruises
      Byte Size Cruises | Mid | 44,800 subs | med 1,500 views | 30 uploads/90d | travel (0.5) | sells=False
[76/1024] https://www.youtube.com/@CBCNews
      CBC News | Low | 4,770,000 subs | med 0 views | 24 uploads/90d | no niche (0.0) | sells=False
[77/1024] https://www.youtube.com/@COSMarketingAgency
      COSMarketing Agency | Mid | 11,500 subs | med 3,000 views | 6 uploads/90d | business (0.62) | sells=False
[78/1024] https://www.youtube.com/@Caitlin_vernon
      Caitlin Vernon | Mid | 43,900 subs | med 865 views | 3 uploads/90d | nutrition (0.62) | sells=False
[79/1024] https://www.youtube.com/@CalabashTV
      Calabash TV | Mid | 12,600 subs | med 99 views | 30 uploads/90d | travel (1.0) | sells=False
[80/1024] https://www.youtube.com/@CalisthenicsFamily
      CALISTHENICS FAMILY | Mid | 449,000 subs | med 18,000 views | 7 uploads/90d | fitness (0.93) | sells=False
[81/1024] https://www.youtube.com/@CallumsCorner.
      Callums Corner | Mid | 372,000 subs | med 51,000 views | 4 uploads/90d | travel (0.6) | sells=False
[82/1024] https://www.youtube.com/@CallyBrooks
      Cally Brooks | Low | 4,360 subs | med 759 views | 0 uploads/90d | food (0.56) | sells=False
[83/1024] https://www.youtube.com/@CanopyOfStarsTravel
      Canopy of Stars Travel ® | Low | 723 subs | med 650 views | 1 uploads/90d | travel (0.83) | sells=False
[84/1024] https://www.youtube.com/@CanuckParkHopper
      Canuck Park Hopper | Mid | 1,960 subs | med 1,000 views | 19 uploads/90d | travel (0.67) | sells=False
[85/1024] https://www.youtube.com/@CaptainCompassTravel
      Captain Compass Travel Adventures | Mid | 1,220 subs | med 730 views | 4 uploads/90d | food (0.5) | sells=False
[86/1024] https://www.youtube.com/@CareerOneStop
      CareerOneStop | Mid | 43,100 subs | med 880 views | 1 uploads/90d | business (1.0) | sells=False
[87/1024] https://www.youtube.com/@CarterSharer
      Carter Sharer | Mid | 11,200,000 subs | med 1,000,000 views | 7 uploads/90d | travel (1.0) | sells=False
[88/1024] https://www.youtube.com/@CassSpinelli
      Cass Spinelli | Mid | 35,700 subs | med 8,300 views | 5 uploads/90d | travel (0.47) | sells=False
[89/1024] https://www.youtube.com/@Cassiearan
      Cassie Aran | Mid | 178,000 subs | med 99,000 views | 7 uploads/90d | travel (1.0) | sells=False
[90/1024] https://www.youtube.com/@Cessuche
      Princess Uche | Mid | 58,300 subs | med 32,000 views | 7 uploads/90d | travel (0.55) | sells=False
[91/1024] https://www.youtube.com/@CharlotteElise
      Charlotte Elise | Low | 259,000 subs | med 47,000 views | 2 uploads/90d | food (0.5) | sells=False
[92/1024] https://www.youtube.com/@CheckInKlaudiaiMicha%C5%82
      Check In - Klaudia i Michał | Mid | 74,200 subs | med 30,000 views | 13 uploads/90d | travel (0.5) | sells=False
[93/1024] https://www.youtube.com/@CheckedInwithKlasshey
      Checked In with Klasshey | Mid | 5,210 subs | med 2,100 views | 5 uploads/90d | travel (0.86) | sells=False
[94/1024] https://www.youtube.com/@ChelseaTrevor
      Chelsea Trevor | Mid | 839,000 subs | med 19,000 views | 9 uploads/90d | fitness (0.27) | sells=False
[95/1024] https://www.youtube.com/@ChevB
      Chev B. | Mid | 602,000 subs | med 16,000 views | 9 uploads/90d | travel (1.0) | sells=False
[96/1024] https://www.youtube.com/@ChillPovGuyTV
      Chill Pov Guy | Low | 44,500 subs | med 17,000 views | 30 uploads/90d | fitness (0.33) | sells=False
[97/1024] https://www.youtube.com/@ChloeTing
      Chloe Ting | Mid | 26,100,000 subs | med 381,000 views | 4 uploads/90d | fitness (0.87) | sells=True
[98/1024] https://www.youtube.com/@ChrisBumstead
      Chris Bumstead | High | 4,830,000 subs | med 369,000 views | 12 uploads/90d | fitness (0.71) | sells=True
[99/1024] https://www.youtube.com/@ChrissaTravels
      Chrissa Travels | Mid | 57,700 subs | med 3,000 views | 13 uploads/90d | travel (0.75) | sells=False
[100/1024] https://www.youtube.com/@ColinAmazing
      Colin Amazing | Low | 15,100,000 subs | med 16,000,000 views | 3 uploads/90d | no niche (0.0) | sells=False
[101/1024] https://www.youtube.com/@CollinsKey
      Collins Key | Mid | 23,700,000 subs | med 26,000,000 views | 0 uploads/90d | food (1.0) | sells=True
[102/1024] https://www.youtube.com/@ConnorAndLiana
      Connor And Liana | Low | 4,210,000 subs | med 200,000 views | 6 uploads/90d | travel (0.4) | sells=False
[103/1024] https://www.youtube.com/@Consumer-Reviews
      Consumer Reviews | Mid | 24,200 subs | med 772 views | 30 uploads/90d | tech (1.0) | sells=False
[104/1024] https://www.youtube.com/@CoverTrip
      Damian Tysdal, CoverTrip | Mid | 2,660 subs | med 1,900 views | 6 uploads/90d | travel (0.93) | sells=False
[105/1024] https://www.youtube.com/@CreatingtheMagic
      Creating The Magic | Mid | 5,170 subs | med 1,400 views | 28 uploads/90d | travel (0.86) | sells=False
[106/1024] https://www.youtube.com/@CrosbyGraceTravels
      Crosby Grace Travels | Mid | 94,800 subs | med 31,000 views | 0 uploads/90d | travel (0.62) | sells=False
[107/1024] https://www.youtube.com/@CruiseBlogGuide
      Cruise Blog | Mid | 57,100 subs | med 10,000 views | 12 uploads/90d | travel (0.85) | sells=False
[108/1024] https://www.youtube.com/@CruiseCompass25
      Cruise Compass | Mid | 34,700 subs | med 39,000 views | 17 uploads/90d | travel (1.0) | sells=False
[109/1024] https://www.youtube.com/@CruiseInsider
      Cruise Insider | Mid | 61,500 subs | med 18,000 views | 10 uploads/90d | travel (1.0) | sells=False
[110/1024] https://www.youtube.com/@CruisePlanners
      Cruise Planners Headquarters | Low | 1,580 subs | med 242 views | 0 uploads/90d | travel (1.0) | sells=False
[111/1024] https://www.youtube.com/@CruisePlannersFranchise
      Cruise Planners Franchise | Mid | 2,200 subs | med 309 views | 1 uploads/90d | travel (1.0) | sells=False
[112/1024] https://www.youtube.com/@CruiseSpecialists
      Cruise Specialists | Low | 3,130 subs | med 3,500 views | 0 uploads/90d | travel (1.0) | sells=False
[113/1024] https://www.youtube.com/@CruiserTravels
      Cruiser Travels | Mid | 8,640 subs | med 3,800 views | 0 uploads/90d | travel (1.0) | sells=False
[114/1024] https://www.youtube.com/@Cruisewith
      Cruise With Ben and David | High | 342,000 subs | med 175,000 views | 12 uploads/90d | travel (1.0) | sells=True
[115/1024] https://www.youtube.com/@CurlieCrys
      Crystal Nicole | Mid | 266,000 subs | med 29,000 views | 2 uploads/90d | lifestyle_vlog (0.46) | sells=False
[116/1024] https://www.youtube.com/@CyprusScope
      Cyprus Scope | Mid | 28,100 subs | med 3,500 views | 1 uploads/90d | travel (1.0) | sells=False
[117/1024] https://www.youtube.com/@DFBGuide
      DFBGuide | Mid | 1,140,000 subs | med 113,000 views | 30 uploads/90d | food (0.38) | sells=True
[118/1024] https://www.youtube.com/@DHLTravel
      D.H.L. Travel | Low | 334 subs | med 121 views | 0 uploads/90d | travel (1.0) | sells=False
[119/1024] https://www.youtube.com/@DISUnlimited
      DIS Unlimited | Mid | 160,000 subs | med 4,400 views | 30 uploads/90d | travel (0.57) | sells=True
[120/1024] https://www.youtube.com/@DROPOUTSUK
      DROPOUTS | Mid | 274,000 subs | med 47,000 views | 4 uploads/90d | travel (1.0) | sells=False
[121/1024] https://www.youtube.com/@DailyFamilyVlogSikar
      Daily Family Vlogs | Low | 183 subs | med 122 views | 28 uploads/90d | tech (0.71) | sells=False
[122/1024] https://www.youtube.com/@DanTreks
      Dan Treks | Mid | 12,200 subs | med 46,000 views | 1 uploads/90d | travel (0.83) | sells=False
[123/1024] https://www.youtube.com/@DaneAndStacey
      Dane and Stacey | High | 223,000 subs | med 21,000 views | 12 uploads/90d | travel (0.89) | sells=True
[124/1024] https://www.youtube.com/@DaniNicholls
      Dani Nicholls | Mid | 6,730 subs | med 541 views | 12 uploads/90d | travel (0.67) | sells=False
[125/1024] https://www.youtube.com/@Danygotaworldtosee
      Dany Dev | Mid | 437,000 subs | med 35,000 views | 2 uploads/90d | travel (0.67) | sells=False
[126/1024] https://www.youtube.com/@DavidXLasVegas
      David X Las Vegas | Low | 9,430 subs | med 14,000 views | 0 uploads/90d | travel (0.75) | sells=False
[127/1024] https://www.youtube.com/@Dbeestory
      Dbeestory | Low | 783 subs | med 59 views | 14 uploads/90d | travel (0.67) | sells=False
[128/1024] https://www.youtube.com/@DigitalDesignVideo
      Spoon Drawer | Low | 149 subs | med 109 views | 0 uploads/90d | travel (1.0) | sells=False
[129/1024] https://www.youtube.com/@Diordanyelle
      Dior danyelle | Mid | 15,500 subs | med 1,600 views | 3 uploads/90d | lifestyle_vlog (0.83) | sells=False
[130/1024] https://www.youtube.com/@DirtInMyShoes
      Dirt In My Shoes | Mid | 53,300 subs | med 1,900 views | 13 uploads/90d | travel (0.92) | sells=False
[131/1024] https://www.youtube.com/@DisneyTravelProfessionals
      Disney Travel Professionals | Mid | 42,800 subs | med 1,100 views | 2 uploads/90d | travel (1.0) | sells=False
[132/1024] https://www.youtube.com/@DoctorMikeDiamonds
      Doctor Mike Diamonds | Mid | 2,430,000 subs | med 34,000 views | 30 uploads/90d | lifestyle_vlog (0.5) | sells=True
[133/1024] https://www.youtube.com/@DontStopSteven
      Steven Smith | Low | 651 subs | med 153 views | 2 uploads/90d | running_endurance (0.85) | sells=False
[134/1024] https://www.youtube.com/@DotsonaMap
      Dots on a Map | Mid | 223,000 subs | med 426,000 views | 6 uploads/90d | travel (0.67) | sells=False
[135/1024] https://www.youtube.com/@DrSwole
      Dr. Swole | Mid | 311,000 subs | med 6,100 views | 3 uploads/90d | fitness (1.0) | sells=True
[136/1024] https://www.youtube.com/@DreandKenEmpire
      Dre and Ken Empire | Mid | 1,740,000 subs | med 70,000 views | 22 uploads/90d | food (0.43) | sells=False
[137/1024] https://www.youtube.com/@DrivingTestRoutesUK
      Driving Test Routes UK | Low | 7,080 subs | med 816 views | 0 uploads/90d | travel (0.5) | sells=False
[138/1024] https://www.youtube.com/@DubeTravel
      Dube Travel | Low | 272 subs | med 217 views | 0 uploads/90d | travel (1.0) | sells=False
[139/1024] https://www.youtube.com/@EECCTravels
      EECC Travels | High | 208,000 subs | med 55,000 views | 23 uploads/90d | travel (0.86) | sells=True
[140/1024] https://www.youtube.com/@EVERFIK12
      EVERFI K-12 | Low | 2,090 subs | med 150 views | 0 uploads/90d | no niche (0.0) | sells=False
[141/1024] https://www.youtube.com/@EdChapman23
      Ed Chapman | High | 156,000 subs | med 77,000 views | 12 uploads/90d | travel (0.9) | sells=True
[142/1024] https://www.youtube.com/@Ej_jones21
      EJ Jones | Mid | 24,400 subs | med 34,000 views | 1 uploads/90d | no niche (0.0) | sells=False
[143/1024] https://www.youtube.com/@EllaMcFadin
      Ella McFadin | Mid | 46,500 subs | med 16,000 views | 7 uploads/90d | lifestyle_vlog (0.82) | sells=False
[144/1024] https://www.youtube.com/@EmilyBull
      Emily Bull | Mid | 27,100 subs | med 4,400 views | 10 uploads/90d | lifestyle_vlog (0.69) | sells=False
[145/1024] https://www.youtube.com/@EmmaCruises
      Emma Cruises | Mid | 434,000 subs | med 357,500 views | 9 uploads/90d | travel (1.0) | sells=False
[146/1024] https://www.youtube.com/@EmmaTamsin
      Emma Tamsin | Mid | 139,000 subs | med 24,000 views | 7 uploads/90d | lifestyle_vlog (0.92) | sells=True
[147/1024] https://www.youtube.com/@EnglishwithBrittany
      English with Brittany | Mid | 427,000 subs | med 12,000 views | 6 uploads/90d | lifestyle_vlog (0.5) | sells=True
[148/1024] https://www.youtube.com/@EpicExplorationsTVEN
      EpicExplorationsTV EN | Mid | 457,000 subs | med 237,000 views | 9 uploads/90d | travel (1.0) | sells=False
[149/1024] https://www.youtube.com/@ErikTheElectric
      ErikTheElectric | Low | 5,410,000 subs | med 7,900,000 views | 1 uploads/90d | nutrition (0.44) | sells=True
[150/1024] https://www.youtube.com/@ErikaDiane
      Erika Diane | Low | 1,710,000 subs | med 343,000 views | 4 uploads/90d | lifestyle_vlog (0.4) | sells=False
[151/1024] https://www.youtube.com/@EscapeKeyTravelCo
      Destination Weddings | Mexico & the Riviera Maya | Low | 71 subs | med 171 views | 6 uploads/90d | travel (1.0) | sells=False
[152/1024] https://www.youtube.com/@EvanCarmichael
      Evan Carmichael | Mid | 4,660,000 subs | med 50,000 views | 30 uploads/90d | lifestyle_vlog (0.4) | sells=True
[153/1024] https://www.youtube.com/@EvantheWayfarer
      Evan the Wayfarer | Low | 1,760 subs | med 388 views | 7 uploads/90d | travel (0.88) | sells=False
[154/1024] https://www.youtube.com/@ExploreanceCruisePlanners
      Exploreance | Cruise Planners | Low | 3 subs | med 0 views | 0 uploads/90d | no niche (0.0) | sells=False
[155/1024] https://www.youtube.com/@ExploringDisney
      Exploring Disney | Low | 411 subs | med 737 views | 0 uploads/90d | running_endurance (0.5) | sells=False
[156/1024] https://www.youtube.com/@ExpozaTravel
      Expoza Travel | Low | 251,000 subs | med 514 views | 0 uploads/90d | travel (1.0) | sells=False
[157/1024] https://www.youtube.com/@ExtraordinarilyOrdinaryASMR
      Extraordinarily Ordinary ASMR | Mid | 5,350 subs | med 9,100 views | 13 uploads/90d | travel (0.8) | sells=False
[158/1024] https://www.youtube.com/@Eyupben-fifa
      Ben & Fifa - Eyup Vlogs | Mid | 2,700 subs | med 2,100 views | 13 uploads/90d | travel (0.79) | sells=False
[159/1024] https://www.youtube.com/@FING.
      FING | Mid | 1,960,000 subs | med 1,200,000 views | 5 uploads/90d | travel (1.0) | sells=False
[160/1024] https://www.youtube.com/@FamGoTravel
      FamGo Travel | Unofficial DCL Mom | Mid | 2,380 subs | med 1,400 views | 1 uploads/90d | travel (1.0) | sells=False
[161/1024] https://www.youtube.com/@FamilyAtSea
      Family at Sea | Mid | 48,100 subs | med 17,000 views | 26 uploads/90d | travel (1.0) | sells=False
[162/1024] https://www.youtube.com/@FamilyFizz
      Family Fizz | Mid | 2,780,000 subs | med 215,000 views | 8 uploads/90d | food (0.29) | sells=True
[163/1024] https://www.youtube.com/@FamilyPerspective
      Our perspective | Low | 40 subs | med 5,082 views | 0 uploads/90d | travel (1.0) | sells=False
[164/1024] https://www.youtube.com/@FamilywithFour
      Family with Four | Low | 7,850 subs | med 981 views | 10 uploads/90d | travel (1.0) | sells=False
[165/1024] https://www.youtube.com/@FarhanaOberson
      Farhana Oberson | Low | 172,000 subs | med 23,000 views | 0 uploads/90d | lifestyle_vlog (0.54) | sells=False
[166/1024] https://www.youtube.com/@FieldDays
      Field Days | Mid | 2,000,000 subs | med 396,000 views | 6 uploads/90d | food (0.67) | sells=True
[167/1024] https://www.youtube.com/@Finatic
      Finatic | Mid | 948,000 subs | med 288,000 views | 20 uploads/90d | tech (0.5) | sells=False
[168/1024] https://www.youtube.com/@FionaJColes
      Fiona J Coles | Mid | 3,630 subs | med 375 views | 15 uploads/90d | nutrition (0.33) | sells=True
[169/1024] https://www.youtube.com/@FitChickGlows
      FitChickGlows | Low | 389 subs | med 44 views | 0 uploads/90d | martial_arts (0.43) | sells=False
[170/1024] https://www.youtube.com/@FitMediaChannel
      Fit Media Channel | Mid | 2,069,999 subs | med 29,000 views | 6 uploads/90d | fitness (1.0) | sells=False
[171/1024] https://www.youtube.com/@FitTuber
      Fit Tuber | Mid | 8,260,000 subs | med 1,500,000 views | 6 uploads/90d | food (0.67) | sells=False
[172/1024] https://www.youtube.com/@Fitfatherproject
      Fit Father Project - Fitness For Busy Fathers | Mid | 807,000 subs | med 4,100 views | 13 uploads/90d | fitness (0.5) | sells=False
[173/1024] https://www.youtube.com/@FletcherMorley
      Fletcher Morley | Low | 50 subs | med 0 views | 0 uploads/90d | no niche (0.0) | sells=False
[174/1024] https://www.youtube.com/@FlightFormula
      Flight Formula | Mid | 82,400 subs | med 141,000 views | 7 uploads/90d | travel (0.89) | sells=False
[175/1024] https://www.youtube.com/@Florida-mAndrew
      Andrew Platt | Mid | 23,800 subs | med 60,000 views | 5 uploads/90d | travel (0.5) | sells=False
[176/1024] https://www.youtube.com/@FloridaTipsForBrits
      Florida Tips For Brits | Mid | 3,520 subs | med 3,200 views | 0 uploads/90d | lifestyle_vlog (0.6) | sells=False
[177/1024] https://www.youtube.com/@FlowHighPerformance1
      Flow High Performance | Mid | 259,000 subs | med 12,000 views | 11 uploads/90d | fitness (1.0) | sells=False
[178/1024] https://www.youtube.com/@FlowWithMira
      Flow with Mira | Mid | 343,000 subs | med 10,000 views | 14 uploads/90d | fitness (0.75) | sells=False
[179/1024] https://www.youtube.com/@FocusedLucas
      pigmie | Mid | 3,480,000 subs | med 46,000 views | 17 uploads/90d | fitness (0.5) | sells=False
[180/1024] https://www.youtube.com/@Forbes
      Forbes | Mid | 2,190,000 subs | med 0 views | 22 uploads/90d | no niche (0.0) | sells=False
[181/1024] https://www.youtube.com/@FowlerFamAdventures
      Fowler Fam Adventures | Low | 1,900 subs | med 4,500 views | 0 uploads/90d | travel (0.57) | sells=False
[182/1024] https://www.youtube.com/@FranchiseBusinessReview
      Franchise Business Review | Low | 593 subs | med 62 views | 8 uploads/90d | business (0.33) | sells=False
[183/1024] https://www.youtube.com/@FrugalFitMom
      Frugal Fit Mom | Mid | 693,000 subs | med 96,000 views | 14 uploads/90d | finance (0.67) | sells=False
[184/1024] https://www.youtube.com/@GabrielDunkin
      Gabriel Dunkin | Low | 13,600 subs | med 1,100 views | 1 uploads/90d | nutrition (0.38) | sells=True
[185/1024] https://www.youtube.com/@GarageStrength
      Garage Strength | Mid | 686,000 subs | med 16,000 views | 30 uploads/90d | fitness (1.0) | sells=False
[186/1024] https://www.youtube.com/@GatewayTravelagency
      Gateway Travel | Low | 3,290 subs | med 325 views | 0 uploads/90d | travel (1.0) | sells=False
[187/1024] https://www.youtube.com/@GemmaLouiseMiles
      Gemma Louise Miles | Low | 607,000 subs | med 122,000 views | 11 uploads/90d | food (0.43) | sells=False
[188/1024] https://www.youtube.com/@GetYourGuide
      GetYourGuide | Low | 90,300 subs | med 274 views | 10 uploads/90d | travel (1.0) | sells=False
[189/1024] https://www.youtube.com/@GlenAndRhonda
      Glen And Rhonda | Mid | 11,200 subs | med 2,400 views | 8 uploads/90d | travel (0.6) | sells=False
[190/1024] https://www.youtube.com/@GoTravelLife65
      Go Travel Life | Mid | 27,000 subs | med 20,000 views | 11 uploads/90d | travel (0.67) | sells=False
[191/1024] https://www.youtube.com/@GoalGuys
      Goal Guys | Mid | 561,000 subs | med 470,000 views | 3 uploads/90d | fitness (0.25) | sells=False
[192/1024] https://www.youtube.com/@GoofyGetawaysTravelAgency
      Goofy Getaways | Mid | 65 subs | med 50 views | 11 uploads/90d | travel (0.75) | sells=False
[193/1024] https://www.youtube.com/@GreenerGrass
      Jeb Brooks | Mid | 1,040,000 subs | med 512,000 views | 6 uploads/90d | travel (1.0) | sells=False
[194/1024] https://www.youtube.com/@HASfit
      HASfit | High | 2,290,000 subs | med 43,000 views | 19 uploads/90d | fitness (0.93) | sells=True
[195/1024] https://www.youtube.com/@HSpecialSurgery
      Hospital for Special Surgery | Mid | 297,000 subs | med 230 views | 7 uploads/90d | running_endurance (0.25) | sells=False
[196/1024] https://www.youtube.com/@Hafthorjulius
      Hafthor Bjornsson | Mid | 1,060,000 subs | med 49,000 views | 5 uploads/90d | fitness (0.91) | sells=False
[197/1024] https://www.youtube.com/@HannahGraceRiddle
      Hannah Grace | Mid | 6,330 subs | med 203 views | 12 uploads/90d | lifestyle_vlog (0.36) | sells=False
[198/1024] https://www.youtube.com/@HannahRicketts
      Hannah Ricketts | Mid | 518,000 subs | med 225,000 views | 26 uploads/90d | food (0.45) | sells=False
[199/1024] https://www.youtube.com/@HannahandMartinOnTheGlobe
      Hannah and Martin On The Globe | Mid | 2,890 subs | med 4,800 views | 18 uploads/90d | travel (0.43) | sells=False
[200/1024] https://www.youtube.com/@HappilyEverAbby
      Happily Ever Abby | Low | 4,059 subs | med 469 views | 0 uploads/90d | lifestyle_vlog (0.56) | sells=False
[201/1024] https://www.youtube.com/@HardHatEconomics
      Hard Hat Economics | Mid | 17,000 subs | med 4,700 views | 15 uploads/90d | tech (0.67) | sells=False
[202/1024] https://www.youtube.com/@HauteRetreats
      Haute Retreats | Mid | 2,510 subs | med 6,750 views | 1 uploads/90d | travel (0.75) | sells=False
[203/1024] https://www.youtube.com/@HaysTravelLtd
      Hays Travel | Mid | 933 subs | med 350 views | 2 uploads/90d | travel (1.0) | sells=False
[204/1024] https://www.youtube.com/@HeatherHugs
      HeatherHugs | Low | 1,040 subs | med 739 views | 0 uploads/90d | travel (0.46) | sells=False
[205/1024] https://www.youtube.com/@HeatherTravelsXO
      HeatherTravelsXO | Mid | 33,800 subs | med 82,000 views | 2 uploads/90d | travel (0.55) | sells=False
[206/1024] https://www.youtube.com/@Hensleysadventures
      Hensley's Adventures | Mid | 8,470 subs | med 4,300 views | 13 uploads/90d | outdoors (0.86) | sells=False
[207/1024] https://www.youtube.com/@HereBeBarr
      Jon Barr | Mid | 670,000 subs | med 427,000 views | 6 uploads/90d | food (0.91) | sells=True
[208/1024] https://www.youtube.com/@HereBeBarrExtra
      Jon Barr Extra | Mid | 40,000 subs | med 33,000 views | 0 uploads/90d | food (0.67) | sells=True
[209/1024] https://www.youtube.com/@HiddenSpringFarm
      Hidden Spring Farm | Mid | 229,000 subs | med 13,000 views | 30 uploads/90d | lifestyle_vlog (0.67) | sells=False
[210/1024] https://www.youtube.com/@HighLifeWorkout
      Brandon Carter | Mid | 1,270,000 subs | med 13,000 views | 30 uploads/90d | nutrition (0.25) | sells=False
[211/1024] https://www.youtube.com/@HighSeasCruisingBlog
      High Seas Cruising | Mid | 572 subs | med 748 views | 3 uploads/90d | travel (1.0) | sells=False
[212/1024] https://www.youtube.com/@HoffmanHappyTravels
      Hoffman Happy Travels | Mid | 30,600 subs | med 817 views | 9 uploads/90d | travel (1.0) | sells=True
[213/1024] https://www.youtube.com/@HoltandAshley
      Holt & Ashley | Low | 28,400 subs | med 2,300 views | 0 uploads/90d | travel (0.5) | sells=False
[214/1024] https://www.youtube.com/@HomePropertyManagement
      Home Sales and Property Management | Mid | 1,180 subs | med 70 views | 3 uploads/90d | travel (1.0) | sells=False
[215/1024] https://www.youtube.com/@HoneymoonAlways
      Honeymoon Always | Mid | 17,300 subs | med 26,000 views | 3 uploads/90d | travel (0.7) | sells=False
[216/1024] https://www.youtube.com/@Honeymoons
      Honeymoons | Low | 4,120 subs | med 2,200 views | 0 uploads/90d | travel (0.75) | sells=False
[217/1024] https://www.youtube.com/@HotSmartRich
      Hot Smart Rich | Mid | 51,000 subs | med 22,000 views | 15 uploads/90d | finance (0.43) | sells=False
[218/1024] https://www.youtube.com/@HubermanLabClips
      Huberman Lab Clips | Mid | 1,490,000 subs | med 19,000 views | 30 uploads/90d | no niche (0.0) | sells=False
[219/1024] https://www.youtube.com/@Hugo-hq6je
      Hugo | Low | 49 subs | med 47 views | 0 uploads/90d | business (0.67) | sells=False
[220/1024] https://www.youtube.com/@HungryPassport
      Hungry Passport | Mid | 280,000 subs | med 267,000 views | 0 uploads/90d | travel (1.0) | sells=False
[221/1024] https://www.youtube.com/@Hussein.fht1
      Hussein | Mid | 615,000 subs | med 50,000 views | 4 uploads/90d | fitness (1.0) | sells=False
[222/1024] https://www.youtube.com/@HuubVlogs
      Huub Vlogs | Mid | 202,000 subs | med 47,000 views | 9 uploads/90d | running_endurance (1.0) | sells=True
[223/1024] https://www.youtube.com/@IAmMattg
      ItsMattG | Low | 8,570 subs | med 1,000 views | 2 uploads/90d | tech (0.44) | sells=False
[224/1024] https://www.youtube.com/@IanthiaSmith
      Ianthia Ferguson | Low | 4,830 subs | med 425 views | 1 uploads/90d | running_endurance (0.3) | sells=False
[225/1024] https://www.youtube.com/@ImAbbySigua
      ABBY | Mid | 109,000 subs | med 16,000 views | 3 uploads/90d | lifestyle_vlog (0.8) | sells=False
[226/1024] https://www.youtube.com/@Immaculatemicheals
      ytInitialData missing, retrying with a longer wait
      ytInitialData missing, retrying with a longer wait
[227/1024] https://www.youtube.com/@ImogenWolff
      Imogen Wolff | Low | 2,980 subs | med 14,000 views | 0 uploads/90d | travel (0.67) | sells=False
[228/1024] https://www.youtube.com/@Imogenhorton.
      Imogen Horton | Mid | 410,000 subs | med 12,000 views | 11 uploads/90d | travel (1.0) | sells=False
[229/1024] https://www.youtube.com/@InsiderTravelReport
      Insider Travel Report | Mid | 9,290 subs | med 77 views | 27 uploads/90d | travel (0.6) | sells=False
[230/1024] https://www.youtube.com/@IrelandBoysProductions
      Ireland Boys Productions | Mid | 5,570,000 subs | med 323,000 views | 7 uploads/90d | travel (1.0) | sells=True
[231/1024] https://www.youtube.com/@Ironbeardstrength
      Iron Beard | Low | 410 subs | med 97 views | 23 uploads/90d | fitness (0.86) | sells=False
[232/1024] https://www.youtube.com/@Isawellypilates
      IsaWelly Pilates | Mid | 518,000 subs | med 63,000 views | 7 uploads/90d | fitness (1.0) | sells=False
[233/1024] https://www.youtube.com/@IslandHopperTV
      Island Hopper TV | Mid | 537,000 subs | med 32,000 views | 15 uploads/90d | travel (1.0) | sells=False
[234/1024] https://www.youtube.com/@ItsMckenzieMack
      Mckenzie Mack | Low | 54,800 subs | med 18,500 views | 0 uploads/90d | finance (0.75) | sells=False
[235/1024] https://www.youtube.com/@Itsa_jackslife
      It’s a Jack’s Life | Mid | 6,670 subs | med 1,950 views | 14 uploads/90d | travel (0.8) | sells=True
[236/1024] https://www.youtube.com/@IvanaChapman
      Ivana Chapman | Mid | 79,600 subs | med 1,500 views | 3 uploads/90d | fitness (0.4) | sells=False
[237/1024] https://www.youtube.com/@JSHIPLIFE
      The Shiplife | High | 346,000 subs | med 50,000 views | 29 uploads/90d | travel (0.93) | sells=True
[238/1024] https://www.youtube.com/@JackDoesTravel
      Jack Does Travel | Mid | 878 subs | med 1,100 views | 5 uploads/90d | travel (1.0) | sells=False
[239/1024] https://www.youtube.com/@JackRhysEdwards
      Jack Edwards | Mid | 550 subs | med 1,500 views | 2 uploads/90d | travel (0.82) | sells=False
[240/1024] https://www.youtube.com/@Jaeho_Fitness
      Jae-ho - Trainer & Physical Therapist | Mid | 799,000 subs | med 44,000 views | 8 uploads/90d | fitness (1.0) | sells=False
[241/1024] https://www.youtube.com/@JamesSmithBusiness
      James Smith | Mid | 61,600 subs | med 7,900 views | 13 uploads/90d | fitness (0.33) | sells=False
[242/1024] https://www.youtube.com/@JamieWolfer
      Jamie Wolfer | Mid | 171,000 subs | med 42,000 views | 13 uploads/90d | running_endurance (0.67) | sells=False
[243/1024] https://www.youtube.com/@JanandAnn
      Jan and Ann | Mid | 245,000 subs | med 112,000 views | 6 uploads/90d | travel (0.67) | sells=False
[244/1024] https://www.youtube.com/@JapanandMoreTours
      Japan and More | Mid | 5,210 subs | med 1,800 views | 2 uploads/90d | travel (1.0) | sells=False
[245/1024] https://www.youtube.com/@JasmineBoateng
      Jasmine Boateng | Low | 112,000 subs | med 37,000 views | 2 uploads/90d | lifestyle_vlog (0.78) | sells=False
[246/1024] https://www.youtube.com/@JasmineWinnJ4
      Jasmine Winn | Low | 35,100 subs | med 6,300 views | 1 uploads/90d | lifestyle_vlog (0.67) | sells=False
[247/1024] https://www.youtube.com/@JasonLiLifts
      Jason Li | Mid | 16,100 subs | med 2,900 views | 1 uploads/90d | nutrition (0.33) | sells=True
[248/1024] https://www.youtube.com/@JasonPhillips
      Jason Phillips | Low | 9,320 subs | med 580 views | 2 uploads/90d | business (0.55) | sells=False
[249/1024] https://www.youtube.com/@JayGetsAbout
      Jay Gets About | Low | 71 subs | med 206 views | 1 uploads/90d | travel (0.83) | sells=False
[250/1024] https://www.youtube.com/@JazzyinTransit
      Jazzy In Transit | Low | 637 subs | med 490 views | 1 uploads/90d | travel (1.0) | sells=True
[251/1024] https://www.youtube.com/@JeanieMarie
      Jeanie Marie | Low | 51,600 subs | med 4,500 views | 0 uploads/90d | travel (0.5) | sells=False
[252/1024] https://www.youtube.com/@JeffNippard
      Jeff Nippard | Mid | 8,700,000 subs | med 6,200,000 views | 2 uploads/90d | fitness (0.8) | sells=False
[253/1024] https://www.youtube.com/@JenLauren
      Jen Lauren | Mid | 27,900 subs | med 1,500 views | 8 uploads/90d | lifestyle_vlog (0.18) | sells=False
[254/1024] https://www.youtube.com/@JenniferDHarrington
      Jennifer D. Harrington | Travel Agent | Low | 754 subs | med 0 views | 0 uploads/90d | no niche (0.0) | sells=False
[255/1024] https://www.youtube.com/@Jennyandryantravel
      Jenny and Ryan Travel | Mid | 337 subs | med 864 views | 3 uploads/90d | travel (0.8) | sells=False
[256/1024] https://www.youtube.com/@JeremyEthier
      Jeremy Ethier | Mid | 7,950,000 subs | med 3,600,000 views | 6 uploads/90d | fitness (0.67) | sells=False
[257/1024] https://www.youtube.com/@JesseJamesWest
      Jesse James West | Mid | 11,200,000 subs | med 9,200,000 views | 6 uploads/90d | fitness (0.67) | sells=True
[258/1024] https://www.youtube.com/@JessicaJayneTurner
      Jessica Jayne | Mid | 44,100 subs | med 15,000 views | 8 uploads/90d | travel (0.5) | sells=False
[259/1024] https://www.youtube.com/@JessicaRichburg
      Jess Yoga | Mid | 948,000 subs | med 734,000 views | 3 uploads/90d | lifestyle_vlog (0.83) | sells=False
[260/1024] https://www.youtube.com/@Jessicasvalant
      Jessica Valant | High | 1,160,000 subs | med 22,000 views | 12 uploads/90d | fitness (0.89) | sells=True
[261/1024] https://www.youtube.com/@JesssFam
      JesssFam | Mid | 2,940,000 subs | med 71,000 views | 4 uploads/90d | lifestyle_vlog (0.43) | sells=True
[262/1024] https://www.youtube.com/@JesuisLou
      Je suis Lou | Mid | 183,000 subs | med 25,000 views | 26 uploads/90d | travel (0.86) | sells=False
[263/1024] https://www.youtube.com/@Jet-Set-Genius
      Jet Set Genius | Mid | 64,400 subs | med 2,100 views | 30 uploads/90d | travel (1.0) | sells=False
[264/1024] https://www.youtube.com/@JihansSeoulOvertime
      Jihan's Seoul Overtime | Low | 10,800 subs | med 231,000 views | 6 uploads/90d | lifestyle_vlog (0.5) | sells=False
[265/1024] https://www.youtube.com/@Jodie_Mo
      Jodie M | Mid | 8,510 subs | med 4,800 views | 28 uploads/90d | travel (0.67) | sells=False
[266/1024] https://www.youtube.com/@JoeDelaneyy
      Joe Delaney | Mid | 836,000 subs | med 184,000 views | 3 uploads/90d | fitness (0.57) | sells=False
[267/1024] https://www.youtube.com/@JoeSbiti
      Joe Sbiti | Mid | 87,900 subs | med 36,000 views | 1 uploads/90d | finance (1.0) | sells=True
[268/1024] https://www.youtube.com/@JoelHansen
      Joel Hansen | High | 1,170,000 subs | med 102,000 views | 21 uploads/90d | food (0.78) | sells=True
[269/1024] https://www.youtube.com/@Joel_Emilia
      Joel and Emilia | Mid | 405,000 subs | med 189,000 views | 8 uploads/90d | travel (1.0) | sells=False
[270/1024] https://www.youtube.com/@JoeyContino2
      Joey Contino | Mid | 74,100 subs | med 1,300 views | 10 uploads/90d | travel (1.0) | sells=True
[271/1024] https://www.youtube.com/@Joeymiuccio
      Joey Miuccio | Mid | 224,000 subs | med 20,000 views | 12 uploads/90d | travel (0.43) | sells=True
[272/1024] https://www.youtube.com/@JonathanLogan-if9tz
      Jonathan Logan | Low | 0 subs | med 0 views | 0 uploads/90d | no niche (0.0) | sells=False
[273/1024] https://www.youtube.com/@Joolzguides
      Joolz Guides - London History Walks - Travel Films | Mid | 330,000 subs | med 161,000 views | 2 uploads/90d | food (1.0) | sells=True
[274/1024] https://www.youtube.com/@JordanahMeshe
      Jordanah Meshe | Low | 46,700 subs | med 8,700 views | 1 uploads/90d | travel (0.67) | sells=False
[275/1024] https://www.youtube.com/@JosieIrons
      Josie | Mid | 604,000 subs | med 79,000 views | 27 uploads/90d | travel (0.7) | sells=False
[276/1024] https://www.youtube.com/@JoyceYeo
      Joyce Yeo | Mid | 157,000 subs | med 1,600 views | 0 uploads/90d | business (0.82) | sells=False
[277/1024] https://www.youtube.com/@JuiceandToya
      Juice & Toya | Mid | 2,630,000 subs | med 243,000 views | 8 uploads/90d | fitness (1.0) | sells=True
[278/1024] https://www.youtube.com/@JuliaBedell
      Julia Bedell | Mid | 366,000 subs | med 14,000 views | 15 uploads/90d | lifestyle_vlog (0.54) | sells=False
[279/1024] https://www.youtube.com/@JulienAzelart
      Julien Azelart | Low | 1,310,000 subs | med 2,000,000 views | 0 uploads/90d | food (1.0) | sells=False
[280/1024] https://www.youtube.com/@JumpingPlaces
      Jumping Places | High | 492,000 subs | med 67,000 views | 14 uploads/90d | travel (1.0) | sells=True
[281/1024] https://www.youtube.com/@JustBookItTravelOfficial
      Just Book It Travel | Mid | 143 subs | med 176 views | 1 uploads/90d | travel (1.0) | sells=False
[282/1024] https://www.youtube.com/@KHMTravelGroup
      KHM Travel Group | Mid | 15,900 subs | med 231 views | 1 uploads/90d | travel (0.86) | sells=False
[283/1024] https://www.youtube.com/@Kajelly101
      Kaj0000 | Low | 364 subs | med 545 views | 5 uploads/90d | travel (0.83) | sells=False
[284/1024] https://www.youtube.com/@KaleighStrength
      Kaleigh Cohen Strength | High | 553,000 subs | med 44,000 views | 28 uploads/90d | fitness (1.0) | sells=True
[285/1024] https://www.youtube.com/@KamariyaMcDonald
      Kamariya | Mid | 23,500 subs | med 1,800 views | 9 uploads/90d | lifestyle_vlog (0.5) | sells=False
[286/1024] https://www.youtube.com/@KamsOdyssey
      ytInitialData missing, retrying with a longer wait
      ytInitialData missing, retrying with a longer wait
[287/1024] https://www.youtube.com/@KaraandNate
      Kara and Nate | Mid | 4,540,000 subs | med 1,400,000 views | 9 uploads/90d | travel (0.75) | sells=False
[288/1024] https://www.youtube.com/@KarlaEspinosa
      Karla Espinosa | Mid | 352,000 subs | med 83,000 views | 10 uploads/90d | lifestyle_vlog (0.64) | sells=False
[289/1024] https://www.youtube.com/@KatherineMichelleYT
      Katherine Michelle | Low | 1,510 subs | med 165 views | 0 uploads/90d | travel (0.85) | sells=False
[290/1024] https://www.youtube.com/@Kathyftravels
      Katherine Ferreira | Mid | 579 subs | med 8,800 views | 1 uploads/90d | travel (0.91) | sells=False
[291/1024] https://www.youtube.com/@Katieehopkins
      Katie Lynn Hopkins | Low | 21,700 subs | med 863 views | 11 uploads/90d | lifestyle_vlog (0.36) | sells=False
[292/1024] https://www.youtube.com/@KatinaEatsKilos
      Katina Eats Kilos | Mid | 1,180,000 subs | med 570,000 views | 7 uploads/90d | food (0.88) | sells=False
[293/1024] https://www.youtube.com/@KayNorthrup
      Kay Northrup - Destination Wedding Planner | Low | 1,780 subs | med 3,000 views | 0 uploads/90d | travel (1.0) | sells=False
[294/1024] https://www.youtube.com/@KeepRidinCoasters
      Theme Park Brandon | High | 55,400 subs | med 17,000 views | 30 uploads/90d | travel (0.75) | sells=True
[295/1024] https://www.youtube.com/@KeepYourDaydream
      Keep Your Daydream | High | 568,000 subs | med 119,000 views | 13 uploads/90d | travel (0.7) | sells=True
[296/1024] https://www.youtube.com/@KeithandDev
      Keith & Dev | Mid | 29,100 subs | med 6,200 views | 11 uploads/90d | food (0.82) | sells=False
[297/1024] https://www.youtube.com/@KenAbroad
      Ken Abroad | Mid | 709,000 subs | med 353,000 views | 10 uploads/90d | tech (0.5) | sells=True
[298/1024] https://www.youtube.com/@KennaMarie
      Kenna Marie | Mid | 869,000 subs | med 74,000 views | 6 uploads/90d | lifestyle_vlog (0.6) | sells=False
[299/1024] https://www.youtube.com/@KishaAlejandra
      Kisha Alejandra | Mid | 462,000 subs | med 52,000 views | 9 uploads/90d | lifestyle_vlog (0.79) | sells=False
[300/1024] https://www.youtube.com/@KrielJan
      Kriel Jan | Mid | 65,600 subs | med 14,000 views | 30 uploads/90d | travel (0.5) | sells=False
[301/1024] https://www.youtube.com/@KrisHui
      Kris Hui | Low | 410,000 subs | med 33,000 views | 7 uploads/90d | lifestyle_vlog (0.36) | sells=False
[302/1024] https://www.youtube.com/@Kristi_OConnell
      Kristi O'Connell | Mid | 173,000 subs | med 18,000 views | 1 uploads/90d | fitness (0.54) | sells=False
[303/1024] https://www.youtube.com/@Kyajeubicequeen
      Kya & Micah | Mid | 3,010,000 subs | med 30,000 views | 0 uploads/90d | nutrition (1.0) | sells=False
[304/1024] https://www.youtube.com/@KylePalIo
      Kyle Pallo | High | 253,000 subs | med 39,000 views | 30 uploads/90d | travel (0.71) | sells=True
[305/1024] https://www.youtube.com/@LEX18NEWS
      LEX News | Mid | 50,000 subs | med 0 views | 9 uploads/90d | no niche (0.0) | sells=False
[306/1024] https://www.youtube.com/@LaLidoLoca
      La Lido Loca | High | 318,000 subs | med 77,000 views | 30 uploads/90d | travel (1.0) | sells=True
[307/1024] https://www.youtube.com/@LaidlowSam
      Sam Laidlow - Triathlete | Mid | 41,800 subs | med 52,000 views | 1 uploads/90d | running_endurance (0.56) | sells=False
[308/1024] https://www.youtube.com/@LaraJoannaJarvis
      Lara Joanna Jarvis | Mid | 77,900 subs | med 4,600 views | 4 uploads/90d | lifestyle_vlog (0.36) | sells=False
[309/1024] https://www.youtube.com/@LauriPesur
      Lauri Pesur | Mid | 1,320 subs | med 1,700 views | 9 uploads/90d | tech (0.78) | sells=False
[310/1024] https://www.youtube.com/@LeahShutkever
      Leah Shutkever | Mid | 671,000 subs | med 156,000 views | 11 uploads/90d | food (0.55) | sells=False
[311/1024] https://www.youtube.com/@LegacyMillionaire
      Legacy Millionaire | Low | 723 subs | med 1,500 views | 0 uploads/90d | travel (1.0) | sells=False
[312/1024] https://www.youtube.com/@LegoJakeProductions
      Jake | Low | 573 subs | med 15 views | 6 uploads/90d | travel (1.0) | sells=False
[313/1024] https://www.youtube.com/@LeidianaBerduo
      ZHANG JUN | Low | 0 subs | med 0 views | 0 uploads/90d | no niche (0.0) | sells=False
[314/1024] https://www.youtube.com/@Leilahannoun
      ytInitialData missing, retrying with a longer wait
      ytInitialData missing, retrying with a longer wait
[315/1024] https://www.youtube.com/@LetsTalkDis
      Let's Talk Dis | Low | 1,200 subs | med 13 views | 13 uploads/90d | travel (1.0) | sells=False
[316/1024] https://www.youtube.com/@LexieLimitless
      Lexie Limitless | Mid | 756,000 subs | med 57,000 views | 1 uploads/90d | travel (0.8) | sells=False
[317/1024] https://www.youtube.com/@LexusC
      Lexus C | Mid | 6,800 subs | med 1,000 views | 3 uploads/90d | lifestyle_vlog (0.6) | sells=False
[318/1024] https://www.youtube.com/@LiamBrown
      Liam Brown | Mid | 203,000 subs | med 87,000 views | 4 uploads/90d | travel (0.5) | sells=True
[319/1024] https://www.youtube.com/@LianeLippert98
      Liane Lippert | Low | 21,600 subs | med 41,000 views | 1 uploads/90d | fitness (0.67) | sells=False
[320/1024] https://www.youtube.com/@LifeWellCruised
      Life Well Cruised | High | 523,000 subs | med 96,000 views | 30 uploads/90d | travel (1.0) | sells=True
[321/1024] https://www.youtube.com/@Life_with_Jessie
      Jessie Hall | Mid | 937 subs | med 286 views | 4 uploads/90d | travel (1.0) | sells=False
[322/1024] https://www.youtube.com/@Lifewithlils07
      Lily Pritchett | Low | 196 subs | med 363 views | 2 uploads/90d | travel (0.8) | sells=False
[323/1024] https://www.youtube.com/@Liftwsarah
      Liftwsarah | Mid | 276,000 subs | med 48,000 views | 7 uploads/90d | fitness (0.7) | sells=True
[324/1024] https://www.youtube.com/@LillySabri
      Lilly Sabri | Mid | 6,820,000 subs | med 114,000 views | 26 uploads/90d | fitness (0.89) | sells=False
[325/1024] https://www.youtube.com/@Lily.phillips
      Lily Phillips | Low | 3,300 subs | med 2,900 views | 0 uploads/90d | travel (0.69) | sells=False
[326/1024] https://www.youtube.com/@LisaAndJosh
      Lisa and Josh | Mid | 170,000 subs | med 377,000 views | 1 uploads/90d | finance (1.0) | sells=True
[327/1024] https://www.youtube.com/@Liztess
      Aliza | Low | 44,700 subs | med 18,000 views | 0 uploads/90d | fitness (0.86) | sells=False
[328/1024] https://www.youtube.com/@LoeppkysLife
      Loeppkys Life | High | 457,000 subs | med 67,000 views | 11 uploads/90d | food (0.67) | sells=True
[329/1024] https://www.youtube.com/@LottieRainbow
      Lottie Rainbow | Low | 45,900 subs | med 4,000 views | 0 uploads/90d | travel (0.5) | sells=False
[330/1024] https://www.youtube.com/@LouiseEmma
      Louise Emma | Mid | 8,790 subs | med 2,600 views | 17 uploads/90d | lifestyle_vlog (0.8) | sells=False
[331/1024] https://www.youtube.com/@LouiseUsher
      ytInitialData missing, retrying with a longer wait
      ytInitialData missing, retrying with a longer wait
[332/1024] https://www.youtube.com/@LucindaStrafford
      Lucinda Strafford | Mid | 78,300 subs | med 17,000 views | 7 uploads/90d | travel (0.67) | sells=False
[333/1024] https://www.youtube.com/@LucyDavisFit
      Lucy Davis Fit | Low | 309,000 subs | med 25,000 views | 12 uploads/90d | fitness (0.4) | sells=False
[334/1024] https://www.youtube.com/@LuisaZhou
      Luisa Zhou | Mid | 43,700 subs | med 1,100 views | 13 uploads/90d | business (0.67) | sells=False
[335/1024] https://www.youtube.com/@LurgsHowToGuides
      Lurgs How To Guides | Mid | 139,000 subs | med 671 views | 10 uploads/90d | tech (0.5) | sells=True
[336/1024] https://www.youtube.com/@Luxscapes
      Luxscape | Mid | 41,200 subs | med 10,000 views | 10 uploads/90d | travel (1.0) | sells=False
[337/1024] https://www.youtube.com/@MHFamilyAdventures
      MH Family Adventures (Cruise Travel) | Mid | 43,400 subs | med 13,000 views | 30 uploads/90d | travel (1.0) | sells=False
[338/1024] https://www.youtube.com/@MacsAdventureTV
      Macs Adventure | Mid | 5,080 subs | med 2,388 views | 0 uploads/90d | travel (0.33) | sells=False
[339/1024] https://www.youtube.com/@MadFit
      MadFit | Mid | 11,700,000 subs | med 256,000 views | 12 uploads/90d | fitness (0.93) | sells=False
[340/1024] https://www.youtube.com/@MadisonPracht
      Madison Pracht | Mid | 22,100 subs | med 24,000 views | 12 uploads/90d | lifestyle_vlog (0.5) | sells=False
[341/1024] https://www.youtube.com/@MaggieWithTheDogs
      Maggie With The Dogs | Low | 28,400 subs | med 858 views | 0 uploads/90d | travel (0.67) | sells=False
[342/1024] https://www.youtube.com/@Mammoth_Club
      Mammoth Club | Mid | 309,000 subs | med 130,000 views | 30 uploads/90d | travel (0.75) | sells=False
[343/1024] https://www.youtube.com/@ManifestingOurWay
      Manifesting Our Way | Mid | 24,900 subs | med 6,500 views | 0 uploads/90d | travel (0.79) | sells=False
[344/1024] https://www.youtube.com/@Marciodisney
      Marcio Disney | Low | 11,000 subs | med 8,000 views | 0 uploads/90d | travel (0.5) | sells=True
[345/1024] https://www.youtube.com/@MariaOliviaTravel
      Maria & Olivia | Mid | 9,410 subs | med 8,400 views | 3 uploads/90d | travel (0.9) | sells=False
[346/1024] https://www.youtube.com/@MarkFerris1
      Mark Ferris | Low | 671,000 subs | med 40,000 views | 3 uploads/90d | travel (0.5) | sells=False
[347/1024] https://www.youtube.com/@MarketingfortravelagentsTV
      Marketing For Travel Agents | Low | 9,700 subs | med 488 views | 0 uploads/90d | travel (0.92) | sells=False
[348/1024] https://www.youtube.com/@MattsTravelTips
      Matt's Travel Tips | Mid | 192,000 subs | med 1,200,000 views | 0 uploads/90d | travel (0.85) | sells=False
[349/1024] https://www.youtube.com/@MaxCraftYT
      MaxCraft | Low | 2,069,999 subs | med 948,000 views | 5 uploads/90d | no niche (0.0) | sells=False
[350/1024] https://www.youtube.com/@MeganMoves
      Megan Moves | Mid | 75,300 subs | med 2,100 views | 29 uploads/90d | travel (0.88) | sells=True
[351/1024] https://www.youtube.com/@MichaelaBento
      Michaela Bento | Mid | 338,000 subs | med 65,000 views | 14 uploads/90d | lifestyle_vlog (0.67) | sells=False
[352/1024] https://www.youtube.com/@MichelJanse
      Michel Janse | Mid | 285,000 subs | med 30,000 views | 24 uploads/90d | lifestyle_vlog (0.83) | sells=False
[353/1024] https://www.youtube.com/@MichelleDurpettiEvents
      Michelle Durpetti Events | Low | 2,340 subs | med 60 views | 0 uploads/90d | travel (0.8) | sells=False
[354/1024] https://www.youtube.com/@MickeyGuruTravel
      Mickey Guru Travel Company | Low | 161 subs | med 2 views | 30 uploads/90d | travel (0.89) | sells=False
[355/1024] https://www.youtube.com/@MikeThurston
      Mike Thurston | Mid | 1,650,000 subs | med 181,000 views | 5 uploads/90d | fitness (0.57) | sells=False
[356/1024] https://www.youtube.com/@MillerWilson
      Miller Wilson | Low | 1,610,000 subs | med 133,000 views | 7 uploads/90d | travel (0.36) | sells=False
[357/1024] https://www.youtube.com/@MissCharli
      Miss Charli | Mid | 761,000 subs | med 124,000 views | 11 uploads/90d | lifestyle_vlog (0.67) | sells=False
[358/1024] https://www.youtube.com/@MissMaryMak
      Miss Mary Mak | Mid | 1,280 subs | med 109 views | 4 uploads/90d | lifestyle_vlog (0.5) | sells=False
[359/1024] https://www.youtube.com/@MomswithMouseEars
      Moms with Mouse Ears | Mid | 4,650 subs | med 497 views | 23 uploads/90d | travel (0.7) | sells=True
[360/1024] https://www.youtube.com/@MoreJStu
      JStu | Low | 8,620,000 subs | med 1,500,000 views | 0 uploads/90d | travel (1.0) | sells=False
[361/1024] https://www.youtube.com/@MorganTaylorLove
      Morgan Taylor | Low | 250,000 subs | med 5,300 views | 2 uploads/90d | lifestyle_vlog (0.75) | sells=False
[362/1024] https://www.youtube.com/@MorganYatesVids
      Morgan Yates | Low | 363,000 subs | med 12,000 views | 0 uploads/90d | travel (0.42) | sells=False
[363/1024] https://www.youtube.com/@MoveWithNicole
      Move With Nicole | Mid | 6,210,000 subs | med 1,600,000 views | 2 uploads/90d | fitness (0.92) | sells=False
[364/1024] https://www.youtube.com/@MrBallen
      MrBallen | High | 11,300,000 subs | med 1,600,000 views | 30 uploads/90d | travel (0.6) | sells=True
[365/1024] https://www.youtube.com/@MrBeast
      MrBeast | Mid | 519,000,000 subs | med 168,000,000 views | 6 uploads/90d | tech (1.0) | sells=True
[366/1024] https://www.youtube.com/@MrBeast2
      MrBeast 2 | Mid | 62,300,000 subs | med 22,000,000 views | 2 uploads/90d | tech (1.0) | sells=True
[367/1024] https://www.youtube.com/@MrCreepyPasta
      MrCreepyPasta | Mid | 1,720,000 subs | med 22,000 views | 28 uploads/90d | business (0.5) | sells=True
[368/1024] https://www.youtube.com/@Mrbishtriders
      Mr Bisht | Low | 12,100 subs | med 97 views | 0 uploads/90d | lifestyle_vlog (0.71) | sells=False
[369/1024] https://www.youtube.com/@Mrwhosetheboss
      Mrwhosetheboss | Mid | 23,000,000 subs | med 4,099,999 views | 12 uploads/90d | running_endurance (0.33) | sells=False
[370/1024] https://www.youtube.com/@MummyOfFourDoesDisney
      Magical Adventures With Rhi - Mummy Of Four | Mid | 19,700 subs | med 3,400 views | 23 uploads/90d | travel (0.82) | sells=False
[371/1024] https://www.youtube.com/@MummyofFourUK
      Rhiannan Morgan - Mummy of Four | Mid | 39,100 subs | med 1,500 views | 18 uploads/90d | lifestyle_vlog (0.5) | sells=True
[372/1024] https://www.youtube.com/@My6MonthTransformation
      My 6 Month Transformation Challenge | Low | 367,000 subs | med 897,000 views | 0 uploads/90d | fitness (1.0) | sells=False
[373/1024] https://www.youtube.com/@MySphereCard
      SphereCard Studio | Mid | 4,180 subs | med 2,495 views | 1 uploads/90d | business (0.38) | sells=False
[374/1024] https://www.youtube.com/@MyTeamGetPaid
      Team Get Paid | Low | 333 subs | med 199 views | 0 uploads/90d | travel (0.89) | sells=False
[375/1024] https://www.youtube.com/@NBCNews
      NBC News | Mid | 12,100,000 subs | med 0 views | 14 uploads/90d | no niche (0.0) | sells=False
[376/1024] https://www.youtube.com/@NDL
      NDL | Mid | 4,670,000 subs | med 2,400,000 views | 12 uploads/90d | travel (1.0) | sells=False
[377/1024] https://www.youtube.com/@NHS
      NHS | Low | 249,000 subs | med 3,900 views | 2 uploads/90d | food (0.6) | sells=False
[378/1024] https://www.youtube.com/@NaseyFamily
      Nasey Family | Mid | 395,000 subs | med 15,000 views | 4 uploads/90d | lifestyle_vlog (0.6) | sells=False
[379/1024] https://www.youtube.com/@NatalieZacek
      Natalie Zacek | Mid | 426,000 subs | med 92,000 views | 12 uploads/90d | travel (0.75) | sells=False
[380/1024] https://www.youtube.com/@NateMurphy
      Nate Murphy | Mid | 478,000 subs | med 6,300 views | 10 uploads/90d | travel (0.43) | sells=False
[381/1024] https://www.youtube.com/@NathalyCuevas
      Nathaly Cuevas | Mid | 1,390,000 subs | med 290,000 views | 9 uploads/90d | nutrition (0.33) | sells=False
[382/1024] https://www.youtube.com/@NathanandGrace
      Nathan and Grace | Low | 13,800 subs | med 1,000 views | 1 uploads/90d | travel (0.64) | sells=False
[383/1024] https://www.youtube.com/@Nessia_bojanini
      Nessia Bojanini | Mid | 83 subs | med 1,800 views | 0 uploads/90d | travel (1.0) | sells=True
[384/1024] https://www.youtube.com/@NewEntryYT
      German With Qamar | Low | 30,300 subs | med 1,700 views | 30 uploads/90d | food (0.5) | sells=False
[385/1024] https://www.youtube.com/@NiamhMackinnon
      Niamh Mackinnon | Mid | 179,000 subs | med 25,000 views | 7 uploads/90d | travel (0.83) | sells=False
[386/1024] https://www.youtube.com/@NickManningAuthor
      Nick Manning Author | Mid | 5,730 subs | med 12,500 views | 0 uploads/90d | finance (1.0) | sells=False
[387/1024] https://www.youtube.com/@NicklasRossnerPT
      Nicklas Rossner | Mid | 232,000 subs | med 70,000 views | 13 uploads/90d | running_endurance (0.83) | sells=False
[388/1024] https://www.youtube.com/@NicoleLaeno
      Nicole Laeno | Low | 3,740,000 subs | med 306,000 views | 16 uploads/90d | lifestyle_vlog (0.5) | sells=False
[389/1024] https://www.youtube.com/@Nikolaspilates
      nikola’s pilates | High | 3,960,000 subs | med 780,000 views | 12 uploads/90d | fitness (1.0) | sells=True
[390/1024] https://www.youtube.com/@NinaJacksonMitchellTravelCoach
      Nina Jackson Mitchell | Travel • Income • Freedom | Low | 1,790 subs | med 35 views | 1 uploads/90d | travel (0.93) | sells=True
[391/1024] https://www.youtube.com/@NoBrainerBiz
      No Brainer Biz | Low | 594 subs | med 30 views | 0 uploads/90d | tech (0.75) | sells=False
[392/1024] https://www.youtube.com/@NoelDeyzel
      Noel Deyzel | Mid | 7,770,000 subs | med 221,000 views | 12 uploads/90d | fitness (0.6) | sells=False
[393/1024] https://www.youtube.com/@NomacGuides
      Nomac Guides | Mid | 66,800 subs | med 55,000 views | 13 uploads/90d | travel (0.88) | sells=False
[394/1024] https://www.youtube.com/@NonstopDanVlogs
      Nonstop Dan Vlogs | Mid | 30,600 subs | med 86,000 views | 3 uploads/90d | travel (0.86) | sells=True
[395/1024] https://www.youtube.com/@NoraDunn
      Nora Dunn (The Professional Hobo) | Mid | 112,000 subs | med 30,000 views | 0 uploads/90d | travel (0.75) | sells=False
[396/1024] https://www.youtube.com/@NotEnoughNelsons
      Not Enough Nelsons | Mid | 5,600,000 subs | med 1,000,000 views | 13 uploads/90d | lifestyle_vlog (0.83) | sells=False
[397/1024] https://www.youtube.com/@NuevaVidaGroup
      Nueva Vida | Low | 20 subs | med 45 views | 0 uploads/90d | finance (0.6) | sells=False
[398/1024] https://www.youtube.com/@Nurse.alyssaperry
      Alyssa Perry | Mid | 23,500 subs | med 2,700 views | 7 uploads/90d | lifestyle_vlog (0.44) | sells=False
[399/1024] https://www.youtube.com/@OPEXFitness
      OPEX Fitness | Mid | 39,600 subs | med 259 views | 5 uploads/90d | fitness (0.75) | sells=False
[400/1024] https://www.youtube.com/@OTMTravelServices
      OTM Travel Services | Low | 2,370 subs | med 200 views | 0 uploads/90d | travel (1.0) | sells=False
[401/1024] https://www.youtube.com/@ObiVincent
      Obi Vincent | Mid | 866,000 subs | med 17,000 views | 7 uploads/90d | fitness (0.45) | sells=False
[402/1024] https://www.youtube.com/@OliviaJarvis
      Olivia Jarvis | Mid | 220,000 subs | med 8,500 views | 10 uploads/90d | fitness (0.5) | sells=False
[403/1024] https://www.youtube.com/@Olympics
      Olympic Games | Mid | 16,700,000 subs | med 40,000 views | 20 uploads/90d | fitness (1.0) | sells=False
[404/1024] https://www.youtube.com/@OnBoardHD
      OnBoardHD | Mid | 163,000 subs | med 76,000 views | 6 uploads/90d | travel (1.0) | sells=False
[405/1024] https://www.youtube.com/@OnPointFresh
      OnPointFresh | Low | 656,000 subs | med 292,000 views | 1 uploads/90d | lifestyle_vlog (0.4) | sells=False
[406/1024] https://www.youtube.com/@OnlineTravelBoss
      The Travel CEO | Low | 5,720 subs | med 84 views | 0 uploads/90d | travel (1.0) | sells=False
[407/1024] https://www.youtube.com/@OnlyProvence
      Only Provence | Low | 3,840 subs | med 0 views | 0 uploads/90d | no niche (0.0) | sells=False
[408/1024] https://www.youtube.com/@OutdoorBoys
      Outdoor Boys | Mid | 20,700,000 subs | med 19,000,000 views | 0 uploads/90d | outdoors (0.85) | sells=False
[409/1024] https://www.youtube.com/@OzzieForKids
      Ozzie – Educational Videos For Kids | Mid | 151,000 subs | med 8,400 views | 17 uploads/90d | finance (0.5) | sells=True
[410/1024] https://www.youtube.com/@OzzyVanLife
      Ozzy Van Life | Mid | 6,810 subs | med 4,200 views | 12 uploads/90d | outdoors (0.5) | sells=False
[411/1024] https://www.youtube.com/@PAX_NEWS
      Pax Global Media | Low | 375 subs | med 198 views | 1 uploads/90d | business (1.0) | sells=False
[412/1024] https://www.youtube.com/@POURTHEWINEITSROMCOMTIME
      POUR THE WINE, IT'S ROM-COM TIME | Mid | 270 subs | med 65 views | 27 uploads/90d | tech (0.7) | sells=False
[413/1024] https://www.youtube.com/@PTVlogsUK
      PT Vlogs UK | Mid | 19,500 subs | med 3,700 views | 19 uploads/90d | lifestyle_vlog (0.43) | sells=False
[414/1024] https://www.youtube.com/@PackHacker
      Pack Hacker | Mid | 346,000 subs | med 87,000 views | 13 uploads/90d | travel (1.0) | sells=False
[415/1024] https://www.youtube.com/@ParisHedger
      Paris Hedger | Mid | 14,700 subs | med 2,100 views | 1 uploads/90d | travel (0.5) | sells=False
[416/1024] https://www.youtube.com/@PassengerParamvir
      Passenger Paramvir | Mid | 2,860,000 subs | med 1,000,000 views | 10 uploads/90d | food (0.33) | sells=False
[417/1024] https://www.youtube.com/@Passports2Places
      Passports2Places | Mid | 868 subs | med 626 views | 4 uploads/90d | travel (1.0) | sells=False
[418/1024] https://www.youtube.com/@PaulRevelia
      Paul Revelia | Mid | 743,000 subs | med 29,000 views | 17 uploads/90d | fitness (0.44) | sells=False
[419/1024] https://www.youtube.com/@Pear
      Pear | Low | 274,000 subs | med 2,400,000 views | 0 uploads/90d | no niche (0.0) | sells=False
[420/1024] https://www.youtube.com/@PersonalTravelAgents
      ThePersonalTravelAgents | Low | 43 subs | med 113 views | 0 uploads/90d | travel (1.0) | sells=False
[421/1024] https://www.youtube.com/@PetwayTravel
      Stress Free Cruising | Mid | 3,510 subs | med 1,100 views | 11 uploads/90d | travel (0.79) | sells=False
[422/1024] https://www.youtube.com/@PictureFit
      PictureFit | Mid | 1,320,000 subs | med 33,000 views | 0 uploads/90d | fitness (0.64) | sells=False
[423/1024] https://www.youtube.com/@Pixiedustadventures
      Pixie Dust Adventures | Mid | 3,780 subs | med 438 views | 1 uploads/90d | travel (0.86) | sells=False
[424/1024] https://www.youtube.com/@ProfMelissa
      Professor Melissa | Mid | 90,900 subs | med 21,000 views | 13 uploads/90d | travel (0.9) | sells=False
[425/1024] https://www.youtube.com/@ProwalkTours
      Prowalk Tours | Mid | 766,000 subs | med 39,000 views | 11 uploads/90d | travel (0.5) | sells=True
[426/1024] https://www.youtube.com/@PurpleStars02
      PurpleStars02 | Mid | 8,350,000 subs | med 279,500 views | 28 uploads/90d | tech (0.33) | sells=True
[427/1024] https://www.youtube.com/@PyroMoe
      PyroMoe | Mid | 9,110 subs | med 955 views | 25 uploads/90d | no niche (0.0) | sells=False
[428/1024] https://www.youtube.com/@RACHEL_B
      Rachel B | Low | 1,610 subs | med 389 views | 1 uploads/90d | lifestyle_vlog (0.43) | sells=False
[429/1024] https://www.youtube.com/@RAJBTRAVELS
      RAJ B TRAVELS | Low | 1,480 subs | med 293 views | 0 uploads/90d | tech (0.4) | sells=False
[430/1024] https://www.youtube.com/@RJTTravels
      RJT Travels | Mid | 7,300 subs | med 611 views | 14 uploads/90d | travel (1.0) | sells=False
[431/1024] https://www.youtube.com/@RVMiles
      RV Miles | Mid | 135,000 subs | med 24,000 views | 30 uploads/90d | travel (0.57) | sells=False
[432/1024] https://www.youtube.com/@RVingwithAndrewSteele
      RVing with Andrew Steele | Mid | 336,000 subs | med 20,000 views | 30 uploads/90d | running_endurance (1.0) | sells=False
[433/1024] https://www.youtube.com/@RenaissancePeriodization
      Renaissance Periodization | Mid | 3,900,000 subs | med 764,000 views | 29 uploads/90d | fitness (0.75) | sells=False
[434/1024] https://www.youtube.com/@Requestedreads
      Requested Reads | Low | 1,040,000 subs | med 10,000 views | 30 uploads/90d | food (0.5) | sells=False
[435/1024] https://www.youtube.com/@ResortTV1
      ResortTV1 | High | 218,000 subs | med 5,500 views | 19 uploads/90d | food (0.67) | sells=True
[436/1024] https://www.youtube.com/@RetirementUnlocked07
      Retirement Unlocked | Low | 9,710 subs | med 777 views | 23 uploads/90d | finance (0.45) | sells=False
[437/1024] https://www.youtube.com/@RickStevesEuropeOfficial
      Rick Steves' Europe | Mid | 2,089,999 subs | med 13,000 views | 27 uploads/90d | travel (1.0) | sells=False
[438/1024] https://www.youtube.com/@RoamTwo
      RoamTwo | Low | 2,310 subs | med 958 views | 0 uploads/90d | travel (1.0) | sells=False
[439/1024] https://www.youtube.com/@RoamingwithRhysandHayley
      Roaming with Rhys and Hayley | Low | 188 subs | med 323 views | 2 uploads/90d | travel (0.91) | sells=False
[440/1024] https://www.youtube.com/@RoamingwiththeBarrys
      Roaming with the Barrys | Low | 6,550 subs | med 5,800 views | 8 uploads/90d | travel (0.36) | sells=False
[441/1024] https://www.youtube.com/@RobCadenElkins
      Rob Caden-Elkins | Mid | 3,810 subs | med 1,800 views | 11 uploads/90d | travel (0.64) | sells=False
[442/1024] https://www.youtube.com/@RobertasGym
      ytInitialData missing, retrying with a longer wait
      ytInitialData missing, retrying with a longer wait
[443/1024] https://www.youtube.com/@Robynw05
      Robyn🌟 | Low | 8,050 subs | med 3,000 views | 0 uploads/90d | outdoors (0.5) | sells=False
[444/1024] https://www.youtube.com/@RohitSoniyaVlogs
      Rohit Soniya Vlogs | Low | 881,000 subs | med 224,000 views | 0 uploads/90d | tech (0.33) | sells=False
[445/1024] https://www.youtube.com/@RomanticsTravel
      Romantics Travel | Low | 71 subs | med 77,000 views | 0 uploads/90d | travel (1.0) | sells=False
[446/1024] https://www.youtube.com/@RosieGraham444
      Rosie Graham | Mid | 1,150,000 subs | med 4,000 views | 30 uploads/90d | fitness (1.0) | sells=False
[447/1024] https://www.youtube.com/@RosieRyan_x
      Rosie Ryan | Low | 366 subs | med 149 views | 11 uploads/90d | lifestyle_vlog (0.5) | sells=False
[448/1024] https://www.youtube.com/@RowanRow
      Rowan Row | Mid | 2,330,000 subs | med 60,000 views | 12 uploads/90d | fitness (1.0) | sells=False
[449/1024] https://www.youtube.com/@RoyalCaribbeanBlog
      Royal Caribbean Blog | Mid | 407,000 subs | med 36,000 views | 30 uploads/90d | travel (1.0) | sells=False
[450/1024] https://www.youtube.com/@RoyalSmithofficial
      Blitzz_Royal | Low | 1,070 subs | med 292 views | 9 uploads/90d | lifestyle_vlog (1.0) | sells=False
[451/1024] https://www.youtube.com/@Runswithemily
      Runs with Emily | Mid | 21,100 subs | med 6,000 views | 8 uploads/90d | running_endurance (0.87) | sells=False
[452/1024] https://www.youtube.com/@SHAWSTRENGTH
      SHAWSTRENGTH | Mid | 2,310,000 subs | med 126,000 views | 16 uploads/90d | fitness (0.57) | sells=False
[453/1024] https://www.youtube.com/@SOTYFamily
      SOTY Family | Mid | 495,000 subs | med 75,000 views | 24 uploads/90d | travel (0.5) | sells=True
[454/1024] https://www.youtube.com/@SSSniperWolf
      SSSniperWolf | High | 35,000,000 subs | med 315,000 views | 30 uploads/90d | food (1.0) | sells=True
[455/1024] https://www.youtube.com/@STRIQfit
      STRIQfit | Mid | 303,000 subs | med 7,400 views | 7 uploads/90d | fitness (0.92) | sells=True
[456/1024] https://www.youtube.com/@SamanthaEliza_beth
      Samantha J Mitchell | Low | 13,200 subs | med 10,600 views | 0 uploads/90d | lifestyle_vlog (0.55) | sells=False
[457/1024] https://www.youtube.com/@SarahsDay
      Sarahs Day | Mid | 1,550,000 subs | med 251,000 views | 6 uploads/90d | lifestyle_vlog (0.5) | sells=False
[458/1024] https://www.youtube.com/@ScottBurnhard
      Scott Burnhard | Mid | 568,000 subs | med 5,500 views | 14 uploads/90d | food (0.5) | sells=True
[459/1024] https://www.youtube.com/@SeanKaleponi
      HawaiianTraveler | Sean Kaleponi | Mid | 93,300 subs | med 176,000 views | 2 uploads/90d | food (0.8) | sells=False
[460/1024] https://www.youtube.com/@Serenitygirlmom
      Serenity | Low | 210,000 subs | med 72,000 views | 2 uploads/90d | lifestyle_vlog (0.6) | sells=False
[461/1024] https://www.youtube.com/@SethFeroceOfficial
      Seth Feroce | Mid | 749,000 subs | med 59,000 views | 8 uploads/90d | fitness (0.57) | sells=False
[462/1024] https://www.youtube.com/@ShamelessTourist
      Kaleigh Kirkpatrick | Low | 8 subs | med 65 views | 1 uploads/90d | travel (1.0) | sells=False
[463/1024] https://www.youtube.com/@ShannanLorraine
      ShannanLorraine | Low | 4,130 subs | med 534 views | 7 uploads/90d | travel (0.33) | sells=False
[464/1024] https://www.youtube.com/@Shanteldebonsu
      Shantel De Bonsu | Low | 5,950 subs | med 595 views | 0 uploads/90d | lifestyle_vlog (0.43) | sells=False
[465/1024] https://www.youtube.com/@SharksterTravel
      SharksterTravel | Low | 10 subs | med 7 views | 0 uploads/90d | travel (1.0) | sells=False
[466/1024] https://www.youtube.com/@ShaunAcademy
      Shaun Academy | Low | 67,700 subs | med 279 views | 1 uploads/90d | business (1.0) | sells=False
[467/1024] https://www.youtube.com/@ShrinkingAllison
      Shrinking Allison | Low | 2,860 subs | med 3,400 views | 0 uploads/90d | lifestyle_vlog (0.38) | sells=False
[468/1024] https://www.youtube.com/@SideHustleMasteryTV
      Side Hustle Mastery | Mid | 4,800 subs | med 236 views | 22 uploads/90d | finance (0.33) | sells=False
[469/1024] https://www.youtube.com/@SierraSchultzzie
      Sierra Schultzzie | Low | 1,110,000 subs | med 133,000 views | 0 uploads/90d | tech (0.4) | sells=False
[470/1024] https://www.youtube.com/@SimonWilson12
      Simon Wilson | Mid | 2,230,000 subs | med 1,900,000 views | 3 uploads/90d | travel (0.89) | sells=True
[471/1024] https://www.youtube.com/@SimplyZaryee
      SimplyZaryee | Mid | 70,700 subs | med 40,000 views | 5 uploads/90d | travel (0.6) | sells=False
[472/1024] https://www.youtube.com/@SparkMinds-J-S-C
      SparkMinds J.S.C | Low | 19 subs | med 36 views | 0 uploads/90d | tech (1.0) | sells=False
[473/1024] https://www.youtube.com/@SpeeedCo
      Speeed | Mid | 2,600,000 subs | med 1,900,000 views | 8 uploads/90d | outdoors (1.0) | sells=True
[474/1024] https://www.youtube.com/@StayWild-
      Stay Wild | Mid | 25,700,000 subs | med 23,000,000 views | 12 uploads/90d | business (0.5) | sells=True
[475/1024] https://www.youtube.com/@SteMcGrath
      Ste McGrath | Mid | 11,800 subs | med 412 views | 15 uploads/90d | business (0.5) | sells=True
[476/1024] https://www.youtube.com/@Steleo
      Steleo - Educational Videos for Kids | Mid | 860,000 subs | med 112,000 views | 3 uploads/90d | outdoors (1.0) | sells=False
[477/1024] https://www.youtube.com/@StephBohrer
      Steph Bohrer | Mid | 821,000 subs | med 63,000 views | 7 uploads/90d | lifestyle_vlog (0.62) | sells=False
[478/1024] https://www.youtube.com/@StephandJeffDJs
      Nick & Kate Storey (Steph & Jeff DJs) | Low | 56 subs | med 350 views | 0 uploads/90d | travel (1.0) | sells=False
[479/1024] https://www.youtube.com/@SuitcaseMonkey
      Suitcase Monkey | Mid | 395,000 subs | med 151,000 views | 3 uploads/90d | travel (0.75) | sells=True
[480/1024] https://www.youtube.com/@Summersfamilytravel
      The Summers Family Travel | Mid | 1,010 subs | med 1,000 views | 7 uploads/90d | travel (0.62) | sells=False
[481/1024] https://www.youtube.com/@SurRonster
      Sur Ronster | Mid | 4,570,000 subs | med 3,800,000 views | 13 uploads/90d | food (1.0) | sells=False
[482/1024] https://www.youtube.com/@SusieJTodd
      SusieJTodd | Mid | 956,000 subs | med 127,000 views | 5 uploads/90d | lifestyle_vlog (0.5) | sells=False
[483/1024] https://www.youtube.com/@Swara_Singh
      Swara Singh | Mid | 11,000,000 subs | med 364,000 views | 8 uploads/90d | lifestyle_vlog (0.6) | sells=False
[484/1024] https://www.youtube.com/@SydneySerena
      Sydney Serena | Mid | 3,920,000 subs | med 229,000 views | 8 uploads/90d | lifestyle_vlog (0.86) | sells=False
[485/1024] https://www.youtube.com/@TEDx
      TEDx Talks | Mid | 44,700,000 subs | med 0 views | 30 uploads/90d | no niche (0.0) | sells=False
[486/1024] https://www.youtube.com/@TPD
      TPD TV | Mid | 232,000 subs | med 115,000 views | 11 uploads/90d | tech (0.5) | sells=True
[487/1024] https://www.youtube.com/@TTGMedia
      TTG Media Limited | Low | 763 subs | med 15 views | 10 uploads/90d | travel (0.71) | sells=False
[488/1024] https://www.youtube.com/@TamKaurVlogs
      Tam Kaur Vlogs | Mid | 232,000 subs | med 93,000 views | 6 uploads/90d | lifestyle_vlog (0.67) | sells=True
[489/1024] https://www.youtube.com/@TarMarz
      Tar Mar | Mid | 156,000 subs | med 12,000 views | 5 uploads/90d | lifestyle_vlog (1.0) | sells=False
[490/1024] https://www.youtube.com/@Tattooed.Tourists
      Tattooed Tourists | Mid | 4,150 subs | med 5,300 views | 6 uploads/90d | lifestyle_vlog (0.67) | sells=False
[491/1024] https://www.youtube.com/@TatyanaLopez
      Tatyana Lopez | Mid | 283,000 subs | med 4,000 views | 6 uploads/90d | fitness (0.78) | sells=False
[492/1024] https://www.youtube.com/@TaylorAtwoodpl
      Taylor Atwood | Mid | 20,200 subs | med 7,200 views | 0 uploads/90d | fitness (0.83) | sells=False
[493/1024] https://www.youtube.com/@TaylorBell
      Taylor Bell | Mid | 956,000 subs | med 271,000 views | 6 uploads/90d | business (0.43) | sells=False
[494/1024] https://www.youtube.com/@TayyLiz
      TayyLiz | Mid | 30,900 subs | med 12,000 views | 13 uploads/90d | lifestyle_vlog (0.64) | sells=False
[495/1024] https://www.youtube.com/@TeamJesser
      Team Jesser | Low | 6,270,000 subs | med 756,000 views | 11 uploads/90d | food (0.5) | sells=False
[496/1024] https://www.youtube.com/@TheB1M
      The B1M | High | 4,080,000 subs | med 971,000 views | 18 uploads/90d | travel (1.0) | sells=True
[497/1024] https://www.youtube.com/@TheBioneer
      The Bioneer | Mid | 959,000 subs | med 62,000 views | 12 uploads/90d | fitness (1.0) | sells=False
[498/1024] https://www.youtube.com/@TheColdMash
      Cold Mash | Low | 242,000 subs | med 511,000 views | 12 uploads/90d | fitness (0.4) | sells=False
[499/1024] https://www.youtube.com/@TheDandylion5
      TheDandylion5 | Mid | 9,380 subs | med 4,300 views | 28 uploads/90d | travel (0.6) | sells=False
[500/1024] https://www.youtube.com/@TheHadwinsTV
      The Hadwins | Mid | 14,500 subs | med 32,000 views | 2 uploads/90d | travel (0.36) | sells=False
[501/1024] https://www.youtube.com/@TheInfographicsShow
      The Infographics Show | Mid | 15,500,000 subs | med 752,000 views | 30 uploads/90d | tech (0.67) | sells=False
[502/1024] https://www.youtube.com/@TheInghamFamily
      The Ingham Family | Mid | 1,380,000 subs | med 33,000 views | 29 uploads/90d | tech (0.67) | sells=False
[503/1024] https://www.youtube.com/@TheJayWay5
      The Jay Way | Mid | 66,800 subs | med 120,000 views | 5 uploads/90d | travel (0.62) | sells=False
[504/1024] https://www.youtube.com/@TheJuicyVlog
      The Juicy Vlog | Mid | 589,000 subs | med 45,000 views | 13 uploads/90d | travel (0.5) | sells=False
[505/1024] https://www.youtube.com/@TheKellySchaefer
      The Concierge Academy | Low | 9,360 subs | med 735 views | 0 uploads/90d | business (0.82) | sells=False
[506/1024] https://www.youtube.com/@TheKershawsAdventures
      The Kershaws Adventures | Mid | 19,000 subs | med 8,600 views | 11 uploads/90d | travel (0.5) | sells=False
[507/1024] https://www.youtube.com/@TheKingdomInsider
      The Kingdom Insider | Mid | 4,100 subs | med 454 views | 4 uploads/90d | travel (0.75) | sells=False
[508/1024] https://www.youtube.com/@TheKnightStrider
      The Knightstrider | Mid | 117,000 subs | med 37,000 views | 30 uploads/90d | food (0.4) | sells=False
[509/1024] https://www.youtube.com/@TheLaurenNorris
      Lauren Norris | Mid | 343,000 subs | med 29,000 views | 24 uploads/90d | travel (0.56) | sells=False
[510/1024] https://www.youtube.com/@TheMacMaster
      The MacMaster | High | 248,000 subs | med 37,000 views | 30 uploads/90d | travel (1.0) | sells=True
[511/1024] https://www.youtube.com/@TheMackenzieBorg
      Mackenzie Borg | Mid | 8,000 subs | med 2,200 views | 6 uploads/90d | travel (0.58) | sells=False
[512/1024] https://www.youtube.com/@TheMagicInTheMusic
      The Magic In The Music | Low | 12,300 subs | med 849 views | 1 uploads/90d | travel (0.92) | sells=False
[513/1024] https://www.youtube.com/@TheMovementSystem
      The Movement System | Mid | 247,000 subs | med 11,000 views | 6 uploads/90d | fitness (1.0) | sells=False
[514/1024] https://www.youtube.com/@TheParkProdigy
      The Park Prodigy | Mid | 29,900 subs | med 9,600 views | 28 uploads/90d | travel (0.57) | sells=False
[515/1024] https://www.youtube.com/@TheRamseyShow
      The Ramsey Show Highlights | Mid | 4,600,000 subs | med 128,000 views | 30 uploads/90d | finance (1.0) | sells=False
[516/1024] https://www.youtube.com/@TheResortReportReviews
      The Resort Report | Low | 716 subs | med 16,000 views | 1 uploads/90d | travel (1.0) | sells=False
[517/1024] https://www.youtube.com/@TheStewartFam
      The Stewart Fam | Mid | 356,000 subs | med 121,000 views | 11 uploads/90d | travel (0.6) | sells=False
[518/1024] https://www.youtube.com/@TheTravelDash
      Travel Dash | Mid | 3,430 subs | med 3,700 views | 21 uploads/90d | tech (0.62) | sells=False
[519/1024] https://www.youtube.com/@TheUnchartedFamily
      The Uncharted Family | Mid | 208,000 subs | med 83,000 views | 6 uploads/90d | travel (0.7) | sells=False
[520/1024] https://www.youtube.com/@TheWanderlustWayisback
      The Wanderlust Way | Mid | 41,500 subs | med 16,500 views | 14 uploads/90d | food (1.0) | sells=False
[521/1024] https://www.youtube.com/@TheWeekendCruiser
      The Weekend Cruiser | Mid | 27,500 subs | med 4,100 views | 0 uploads/90d | travel (0.6) | sells=False
[522/1024] https://www.youtube.com/@TheWhispersInDark
      Whispers in the Dark | Low | 148 subs | med 66 views | 0 uploads/90d | travel (0.5) | sells=False
[523/1024] https://www.youtube.com/@TheYardPodcast
      The Yard | High | 454,000 subs | med 102,000 views | 26 uploads/90d | food (1.0) | sells=True
[524/1024] https://www.youtube.com/@The_Roaming_Routes
      Roaming Routes | Low | 1,280 subs | med 2,000 views | 0 uploads/90d | travel (0.93) | sells=False
[525/1024] https://www.youtube.com/@Theendlessadventure
      The Endless Adventure | Mid | 671,000 subs | med 99,000 views | 9 uploads/90d | travel (1.0) | sells=True
[526/1024] https://www.youtube.com/@Thefamilyfudge
      The Family Fudge | Mid | 2,049,999 subs | med 192,000 views | 7 uploads/90d | travel (0.29) | sells=False
[527/1024] https://www.youtube.com/@Thehotelandtakeawayhunter
      The hotel & hunter | Low | 16,300 subs | med 10,000 views | 1 uploads/90d | travel (0.92) | sells=False
[528/1024] https://www.youtube.com/@ThemeParkWorldwide
      Theme Park Worldwide | Mid | 463,000 subs | med 70,000 views | 20 uploads/90d | lifestyle_vlog (0.56) | sells=False
[529/1024] https://www.youtube.com/@ThemeParksforGrownUps
      Theme Parks for Grown-Ups | Low | 4,080 subs | med 2,200 views | 0 uploads/90d | travel (0.45) | sells=False
[530/1024] https://www.youtube.com/@Theroyaltyadventure
      The Royalty Adventure | Mid | 14,000 subs | med 5,900 views | 28 uploads/90d | travel (0.91) | sells=False
[531/1024] https://www.youtube.com/@ThisIsGoTravel
      Go Travel | Low | 2,050 subs | med 1,500 views | 1 uploads/90d | travel (0.89) | sells=False
[532/1024] https://www.youtube.com/@ThroughMyLens
      Through My Lens | High | 492,000 subs | med 89,000 views | 19 uploads/90d | travel (0.7) | sells=True
[533/1024] https://www.youtube.com/@ThulifeinVietNam
      Thu's Life | Low | 52,900 subs | med 231,000 views | 13 uploads/90d | lifestyle_vlog (0.44) | sells=False
[534/1024] https://www.youtube.com/@TierraTravelsCo.
      Tierra Travels | Low | 439 subs | med 282 views | 0 uploads/90d | travel (1.0) | sells=False
[535/1024] https://www.youtube.com/@TimmyTakeout
      Timmy's Takeout | Mid | 1,600,000 subs | med 152,000 views | 13 uploads/90d | food (0.62) | sells=False
[536/1024] https://www.youtube.com/@ToastedGhost0027
      Toasted Ghost | Low | 2,780 subs | med 39 views | 10 uploads/90d | food (0.5) | sells=False
[537/1024] https://www.youtube.com/@TomBeckles
      Tom Beckles | Mid | 542,000 subs | med 13,000 views | 5 uploads/90d | nutrition (0.33) | sells=True
[538/1024] https://www.youtube.com/@TomOgg
      Travel Professional NEWS | Low | 10,300 subs | med 73 views | 22 uploads/90d | travel (0.85) | sells=False
[539/1024] https://www.youtube.com/@Top5s
      Top5s | Mid | 3,440,000 subs | med 136,000 views | 30 uploads/90d | no niche (0.0) | sells=True
[540/1024] https://www.youtube.com/@TopFlightFamily
      Carmen Van Kerckhove | Mid | 132,000 subs | med 23,000 views | 0 uploads/90d | travel (0.82) | sells=False
[541/1024] https://www.youtube.com/@ToucanTravellers
      Toucan Travellers | Mid | 19,600 subs | med 81,000 views | 7 uploads/90d | travel (1.0) | sells=False
[542/1024] https://www.youtube.com/@TourguideJeffTV
      Tour Guide Jeff TV | Low | 1,870 subs | med 28 views | 0 uploads/90d | travel (0.5) | sells=False
[543/1024] https://www.youtube.com/@TouringWithRiva
      Touring With Riva | Mid | 14,700 subs | med 8,700 views | 16 uploads/90d | travel (0.5) | sells=False
[544/1024] https://www.youtube.com/@TourismTeacher
      Dr Hayley Stainton | Tourism Teacher | Mid | 46,000 subs | med 7,500 views | 0 uploads/90d | travel (1.0) | sells=True
[545/1024] https://www.youtube.com/@TouristKate
      Tourist Kat | Mid | 1,850 subs | med 5,900 views | 10 uploads/90d | travel (1.0) | sells=False
[546/1024] https://www.youtube.com/@TraveLike
      TraveLike | Low | 35,100 subs | med 31,000 views | 0 uploads/90d | lifestyle_vlog (0.67) | sells=False
[547/1024] https://www.youtube.com/@TravelAgentTV
      Travel Agent TV | Low | 746 subs | med 110 views | 0 uploads/90d | travel (0.92) | sells=False
[548/1024] https://www.youtube.com/@TravelAgentsPlaybook
      Travel Agents Playbook | Low | 194 subs | med 4 views | 0 uploads/90d | travel (0.93) | sells=False
[549/1024] https://www.youtube.com/@TravelByKaitlynReifsteck
      Kaitlyn Renee | Mid | 10,900 subs | med 2,200 views | 10 uploads/90d | tech (0.29) | sells=True
[550/1024] https://www.youtube.com/@TravelDanceLife
      Travel Dance Life | Low | 2,080 subs | med 2,500 views | 1 uploads/90d | travel (1.0) | sells=False
[551/1024] https://www.youtube.com/@TravelLemming
      Travel Lemming | Mid | 8,060 subs | med 1,600 views | 1 uploads/90d | travel (0.92) | sells=False
[552/1024] https://www.youtube.com/@TravelMarketReport
      Travel Market Report | Mid | 3,130 subs | med 86 views | 7 uploads/90d | travel (1.0) | sells=False
[553/1024] https://www.youtube.com/@TravelSprings
      Travel Springs | Low | 11,800 subs | med 1,900 views | 0 uploads/90d | travel (0.88) | sells=False
[554/1024] https://www.youtube.com/@TravelTipsbyLaurie
      Travel Tips by Laurie | Mid | 449,000 subs | med 65,000 views | 14 uploads/90d | travel (1.0) | sells=False
[555/1024] https://www.youtube.com/@TravellingLightLisa
      Travelling Light | Mid | 13,000 subs | med 9,600 views | 14 uploads/90d | travel (0.83) | sells=False
[556/1024] https://www.youtube.com/@TravellingwithBruce
      Travelling with Bruce | Mid | 60,200 subs | med 1,600 views | 0 uploads/90d | travel (0.9) | sells=True
[557/1024] https://www.youtube.com/@TravelpreneurDreamsWithTyra
      Travelpreneur Dreams With Tyra | A Host Agency | Low | 7,640 subs | med 102 views | 10 uploads/90d | travel (1.0) | sells=False
[558/1024] https://www.youtube.com/@TravelsMeTCB
      Travels, Me & TCB | Mid | 975 subs | med 182 views | 5 uploads/90d | travel (0.8) | sells=False
[559/1024] https://www.youtube.com/@TravisNguyen0
      Travis Nguyen | Mid | 13,200 subs | med 423 views | 7 uploads/90d | fitness (0.6) | sells=False
[560/1024] https://www.youtube.com/@Trektrendy
      Trek Trendy | Mid | 1,460,000 subs | med 1,700,000 views | 4 uploads/90d | travel (1.0) | sells=False
[561/1024] https://www.youtube.com/@TriathlonTaren
      Taren's MōTTIV Method | Mid | 192,000 subs | med 20,000 views | 0 uploads/90d | running_endurance (0.67) | sells=False
[562/1024] https://www.youtube.com/@TripAstute
      Trip Astute | Mid | 41,700 subs | med 9,100 views | 0 uploads/90d | travel (1.0) | sells=False
[563/1024] https://www.youtube.com/@TripMule
      TripMule | Low | 0 subs | med 0 views | 0 uploads/90d | no niche (0.0) | sells=False
[564/1024] https://www.youtube.com/@TripswithCK
      Trips with CK | Low | 4 subs | med 6 views | 2 uploads/90d | travel (1.0) | sells=False
[565/1024] https://www.youtube.com/@Twoforthewinpodcast
      ytInitialData missing, retrying with a longer wait
      ytInitialData missing, retrying with a longer wait
[566/1024] https://www.youtube.com/@UltimateTravelists
      UltimateTravelists | Mid | 6,760 subs | med 4,300 views | 3 uploads/90d | travel (1.0) | sells=False
[567/1024] https://www.youtube.com/@UmarTazkeer
      Umar Tazkeer | Mid | 624,000 subs | med 9,900 views | 30 uploads/90d | tech (0.5) | sells=False
[568/1024] https://www.youtube.com/@UnspeakableStudios
      Unspeakable Studios | Mid | 4,590,000 subs | med 534,000 views | 30 uploads/90d | lifestyle_vlog (0.5) | sells=True
[569/1024] https://www.youtube.com/@UpUpOurWay
      Up Up & Our Way | Mid | 58,000 subs | med 19,000 views | 10 uploads/90d | travel (0.83) | sells=False
[570/1024] https://www.youtube.com/@VIP_Travel
      VIP Travel | Low | 9,060 subs | med 55,000 views | 1 uploads/90d | travel (1.0) | sells=False
[571/1024] https://www.youtube.com/@VedaASMR
      Veda ASMR | Low | 55,200 subs | med 71,000 views | 0 uploads/90d | food (0.5) | sells=False
[572/1024] https://www.youtube.com/@Villarentalsinc
      Villa Rentals Inc | Low | 133 subs | med 236 views | 0 uploads/90d | travel (1.0) | sells=False
[573/1024] https://www.youtube.com/@WBTVNews
      WBTV News - Charlotte | Mid | 59,200 subs | med 0 views | 13 uploads/90d | no niche (0.0) | sells=False
[574/1024] https://www.youtube.com/@WWTLLC
      Wanderlust World Travelers | Low | 2 subs | med 19 views | 0 uploads/90d | travel (0.5) | sells=False
[575/1024] https://www.youtube.com/@WakeNBite
      Wake'N'Bite | Mid | 6,750,000 subs | med 68,000 views | 30 uploads/90d | food (0.5) | sells=False
[576/1024] https://www.youtube.com/@Walesadventures
      Wales Adventures | Mid | 3,530 subs | med 483 views | 17 uploads/90d | travel (1.0) | sells=True
[577/1024] https://www.youtube.com/@WalkWithMeTim
      Walk With Me Tim | High | 1,060,000 subs | med 856,000 views | 13 uploads/90d | travel (1.0) | sells=True
[578/1024] https://www.youtube.com/@WalkWithNiamh
      Walk With Niamh | Low | 5,850 subs | med 2,400 views | 0 uploads/90d | travel (0.9) | sells=False
[579/1024] https://www.youtube.com/@WanderingandBeyond
      Wandering and Beyond | Mid | 6,860 subs | med 9,900 views | 26 uploads/90d | travel (1.0) | sells=False
[580/1024] https://www.youtube.com/@WeightliftingHouse
      Weightlifting House | Mid | 396,000 subs | med 30,000 views | 17 uploads/90d | fitness (0.85) | sells=False
[581/1024] https://www.youtube.com/@WendallExplores
      Wendall | Mid | 205,000 subs | med 119,000 views | 9 uploads/90d | travel (0.88) | sells=False
[582/1024] https://www.youtube.com/@Wendoverproductions
      Wendover Productions | Mid | 4,920,000 subs | med 1,100,000 views | 6 uploads/90d | travel (0.83) | sells=True
[583/1024] https://www.youtube.com/@WheresWalterTravel
      Where's Walter Travel | Mid | 8,360 subs | med 1,100 views | 1 uploads/90d | travel (1.0) | sells=False
[584/1024] https://www.youtube.com/@WillTennyson
      Will Tennyson | Mid | 5,450,000 subs | med 6,000,000 views | 7 uploads/90d | fitness (0.56) | sells=False
[585/1024] https://www.youtube.com/@WilliamCrabb001
      William Crabb | Low | 79 subs | med 116 views | 0 uploads/90d | travel (0.83) | sells=False
[586/1024] https://www.youtube.com/@WorkoutPlanner
      Workout Planner | Mid | 5,740 subs | med 2,150 views | 0 uploads/90d | fitness (1.0) | sells=False
[587/1024] https://www.youtube.com/@WorldWide_Dom
      WorldWide Dom | High | 35,700 subs | med 21,000 views | 14 uploads/90d | travel (0.75) | sells=True
[588/1024] https://www.youtube.com/@YellowProductions
      Yellow Productions | Mid | 436,000 subs | med 9,250 views | 26 uploads/90d | travel (0.5) | sells=True
[589/1024] https://www.youtube.com/@YouTube-Seany_Boyy_
      Seany Boyy | Mid | 7,380 subs | med 16,000 views | 4 uploads/90d | travel (0.73) | sells=False
[590/1024] https://www.youtube.com/@Youngentrepreneursforum
      Young Entrepreneurs Forum | Mid | 906,000 subs | med 2,400 views | 15 uploads/90d | business (0.64) | sells=False
[591/1024] https://www.youtube.com/@YourCustomJourney
      Your Custom Journey | Low | 0 subs | med 0 views | 0 uploads/90d | no niche (0.0) | sells=False
[592/1024] https://www.youtube.com/@YourGuidesAbroad
      Your Guides Abroad | Mid | 33,600 subs | med 7,600 views | 6 uploads/90d | travel (0.67) | sells=False
[593/1024] https://www.youtube.com/@YousraHere
      Yousra | Mid | 30,600 subs | med 3,400 views | 13 uploads/90d | travel (0.5) | sells=False
[594/1024] https://www.youtube.com/@ZNSDigital
      The ZNS Network | Mid | 88,300 subs | med 0 views | 16 uploads/90d | no niche (0.0) | sells=False
[595/1024] https://www.youtube.com/@ZacJonesYouTube
      Zac Jones | Mid | 32,100 subs | med 4,700 views | 3 uploads/90d | travel (1.0) | sells=False
[596/1024] https://www.youtube.com/@ZacPernaShow
      Zac Perna Show | Mid | 4,700 subs | med 998 views | 28 uploads/90d | fitness (0.54) | sells=False
[597/1024] https://www.youtube.com/@ZachKing
      Zach King | Mid | 43,500,000 subs | med 3,800,000 views | 1 uploads/90d | food (0.5) | sells=False
[598/1024] https://www.youtube.com/@ZachusTravel
      ZachusTravel | Mid | 3,830 subs | med 843 views | 3 uploads/90d | travel (0.56) | sells=False
[599/1024] https://www.youtube.com/@ZakkColburn
      Zakk Colburn | Mid | 12,100 subs | med 263 views | 2 uploads/90d | fitness (0.6) | sells=False
[600/1024] https://www.youtube.com/@aIanagrace
      AlanaGrace | Mid | 2,830 subs | med 1,600 views | 6 uploads/90d | lifestyle_vlog (0.58) | sells=False
[601/1024] https://www.youtube.com/@aadarshdandriyal
      Aadarsh Dandriyal | Mid | 286,000 subs | med 14,000 views | 6 uploads/90d | nutrition (0.78) | sells=False
[602/1024] https://www.youtube.com/@abbiedennisonfit
      Abbie Dennison | Mid | 25,900 subs | med 15,000 views | 6 uploads/90d | fitness (0.69) | sells=False
[603/1024] https://www.youtube.com/@abbs.journey
      abbs.journey | Mid | 1,130 subs | med 1,200 views | 0 uploads/90d | lifestyle_vlog (0.69) | sells=False
[604/1024] https://www.youtube.com/@abby.joselyn
      Abby Joselyn | Low | 101,000 subs | med 26,000 views | 0 uploads/90d | travel (0.78) | sells=False
[605/1024] https://www.youtube.com/@abzelpearl
      abzel pearl | Mid | 10,900 subs | med 15,500 views | 11 uploads/90d | lifestyle_vlog (1.0) | sells=False
[606/1024] https://www.youtube.com/@adellecerna
      Adelle | Mid | 88,200 subs | med 7,500 views | 14 uploads/90d | travel (0.5) | sells=False
[607/1024] https://www.youtube.com/@adellepetros
      Adelle Petropoulos | Mid | 5,290 subs | med 1,700 views | 9 uploads/90d | lifestyle_vlog (0.67) | sells=False
[608/1024] https://www.youtube.com/@adventurewithemon
      Adventure with Emon | Low | 931 subs | med 255 views | 0 uploads/90d | travel (1.0) | sells=False
[609/1024] https://www.youtube.com/@affordableholidays
      Affordable Holidays | Mid | 3,460 subs | med 1,500 views | 23 uploads/90d | travel (0.57) | sells=False
[610/1024] https://www.youtube.com/@aglimpseofgoodtravels
      A Glimpse of Good Travel Tips | Mid | 3,170 subs | med 3,100 views | 14 uploads/90d | travel (0.91) | sells=False
[611/1024] https://www.youtube.com/@aishaelainee
      Aisha Elainee | Low | 2,960 subs | med 2,000 views | 0 uploads/90d | lifestyle_vlog (0.83) | sells=False
[612/1024] https://www.youtube.com/@alex_sears
      Alex Sears | Low | 61,600 subs | med 3,800 views | 0 uploads/90d | tech (0.29) | sells=False
[613/1024] https://www.youtube.com/@alexdoesdigital
      Alex Does Digital | Mid | 2,320 subs | med 185 views | 16 uploads/90d | tech (0.6) | sells=True
[614/1024] https://www.youtube.com/@aliviadandrea
      Alivia D'Andrea | Mid | 2,360,000 subs | med 1,800,000 views | 1 uploads/90d | lifestyle_vlog (0.2) | sells=False
[615/1024] https://www.youtube.com/@allofdestiny
      allofdestiny | Mid | 393,000 subs | med 25,000 views | 11 uploads/90d | lifestyle_vlog (0.73) | sells=False
[616/1024] https://www.youtube.com/@allyduhrey
      Ally Purugganan | Mid | 1,110,000 subs | med 409,000 views | 6 uploads/90d | lifestyle_vlog (0.6) | sells=False
[617/1024] https://www.youtube.com/@allyiahsface
      AllyiahsFace | Mid | 934,000 subs | med 265,000 views | 7 uploads/90d | lifestyle_vlog (0.6) | sells=False
[618/1024] https://www.youtube.com/@alyssaahoward
      Alyssa Howard | Mid | 344,000 subs | med 29,000 views | 7 uploads/90d | travel (0.45) | sells=False
[619/1024] https://www.youtube.com/@anakhodus
      Ana Khodus | Low | 2,890 subs | med 995 views | 0 uploads/90d | lifestyle_vlog (0.4) | sells=False
[620/1024] https://www.youtube.com/@annabelleronnfeldt
      Annabelle Ronnfeldt | Mid | 62,600 subs | med 40,000 views | 9 uploads/90d | fitness (0.73) | sells=False
[621/1024] https://www.youtube.com/@annadawnphillips
      Anna Klem | Mid | 18,600 subs | med 5,800 views | 8 uploads/90d | travel (0.75) | sells=False
[622/1024] https://www.youtube.com/@annaliviahynds23
      Annalivia Hynds | Low | 23,700 subs | med 59,000 views | 2 uploads/90d | lifestyle_vlog (0.78) | sells=False
[623/1024] https://www.youtube.com/@annikasleaf
      annika's leaf | Mid | 1,090,000 subs | med 122,000 views | 8 uploads/90d | lifestyle_vlog (0.54) | sells=False
[624/1024] https://www.youtube.com/@apple.cheeks
      Apple Cheeks | Mid | 230,000 subs | med 39,000 views | 4 uploads/90d | travel (0.42) | sells=True
[625/1024] https://www.youtube.com/@ashknowstravel
      Ash Knows Travel | Mid | 14,200 subs | med 176 views | 15 uploads/90d | travel (0.93) | sells=False
[626/1024] https://www.youtube.com/@asiaodysseytravelstories
      Asia Odyssey Travel Stories | Low | 311 subs | med 1,100 views | 0 uploads/90d | travel (1.0) | sells=False
[627/1024] https://www.youtube.com/@askarealtravelexpert
      Ask a Real Travel Expert - RTE Travel Talk | Mid | 31,600 subs | med 768 views | 13 uploads/90d | travel (0.93) | sells=False
[628/1024] https://www.youtube.com/@athleanx
      ATHLEAN-X™ | Mid | 14,300,000 subs | med 609,000 views | 15 uploads/90d | fitness (0.75) | sells=False
[629/1024] https://www.youtube.com/@austinmcconnell
      AustinMcConnell | Mid | 1,440,000 subs | med 105,000 views | 4 uploads/90d | food (0.5) | sells=True
[630/1024] https://www.youtube.com/@avarae
      ava rae | Low | 477,000 subs | med 102,000 views | 8 uploads/90d | travel (0.56) | sells=False
[631/1024] https://www.youtube.com/@aviationcinematics
      Aviation Cinematics | Low | 6,650 subs | med 304 views | 7 uploads/90d | food (0.5) | sells=False
[632/1024] https://www.youtube.com/@awkwardlykim
      Awkwardly Kim | Low | 1,100 subs | med 126 views | 0 uploads/90d | travel (0.93) | sells=False
[633/1024] https://www.youtube.com/@baileydedrick
      Bailey Dedrick | Mid | 843,000 subs | med 38,000 views | 8 uploads/90d | lifestyle_vlog (0.5) | sells=False
[634/1024] https://www.youtube.com/@baileyobrienn
      Bailey O'Brien | Mid | 13,400 subs | med 9,700 views | 17 uploads/90d | fitness (0.7) | sells=False
[635/1024] https://www.youtube.com/@baristiworkout
      BaristiWorkout | Mid | 314,000 subs | med 69,000 views | 0 uploads/90d | fitness (0.83) | sells=False
[636/1024] https://www.youtube.com/@barsonlyCalisthenics
      BarsOnly | High | 33,300 subs | med 7,600 views | 30 uploads/90d | fitness (1.0) | sells=True
[637/1024] https://www.youtube.com/@baxtermedia4145
      Baxter Media | Low | 3 subs | med 0 views | 0 uploads/90d | no niche (0.0) | sells=False
[638/1024] https://www.youtube.com/@bee-onabudget
      B On A Budget | Low | 570 subs | med 29 views | 0 uploads/90d | finance (0.71) | sells=False
[639/1024] https://www.youtube.com/@beelinefox
      Beeline Fox | Low | 6,690 subs | med 1,900 views | 0 uploads/90d | outdoors (0.43) | sells=False
[640/1024] https://www.youtube.com/@bellabosifbbpro
      Bella Bos | Mid | 1,030 subs | med 3,050 views | 2 uploads/90d | lifestyle_vlog (0.67) | sells=False
[641/1024] https://www.youtube.com/@bellarosablog
      maria rosa | Low | 4,160 subs | med 1,500 views | 0 uploads/90d | lifestyle_vlog (0.5) | sells=False
[642/1024] https://www.youtube.com/@benhbader
      Ben Bader | Low | 25,900 subs | med 9,800 views | 0 uploads/90d | business (0.56) | sells=False
[643/1024] https://www.youtube.com/@benidormandbeyond2445
      BENIDORM AND BEYOND | Mid | 12,300 subs | med 1,800 views | 30 uploads/90d | travel (1.0) | sells=False
[644/1024] https://www.youtube.com/@benmorris
      Ben Morris | Mid | 1,050,000 subs | med 510,000 views | 3 uploads/90d | travel (1.0) | sells=False
[645/1024] https://www.youtube.com/@beourguestvacations
      Be Our Guest Vacations | Low | 174 subs | med 199 views | 0 uploads/90d | travel (1.0) | sells=False
[646/1024] https://www.youtube.com/@bethjade__
      Beth Jade | Low | 1,390 subs | med 241 views | 1 uploads/90d | lifestyle_vlog (0.57) | sells=False
[647/1024] https://www.youtube.com/@beyondmacros
      The VIP Nutrition Coach Podcast | Low | 1,620 subs | med 56 views | 0 uploads/90d | nutrition (0.45) | sells=False
[648/1024] https://www.youtube.com/@bigbendstrength
      Big Bend Strength | Mid | 9,490 subs | med 919 views | 13 uploads/90d | fitness (1.0) | sells=False
[649/1024] https://www.youtube.com/@birtahlin
      Birta Hlin | Mid | 529,000 subs | med 110,000 views | 4 uploads/90d | food (0.38) | sells=False
[650/1024] https://www.youtube.com/@bodybuildingcom
      Bodybuilding.com | Mid | 6,050,000 subs | med 5,300 views | 13 uploads/90d | fitness (0.78) | sells=False
[651/1024] https://www.youtube.com/@brettconti
      Brett Conti | Mid | 1,040,000 subs | med 130,000 views | 5 uploads/90d | travel (1.0) | sells=False
[652/1024] https://www.youtube.com/@brezscales
      Brez | Mid | 586,000 subs | med 215,000 views | 6 uploads/90d | business (0.5) | sells=False
[653/1024] https://www.youtube.com/@brinyabain
      Brinya | Low | 13,000 subs | med 329 views | 0 uploads/90d | lifestyle_vlog (0.54) | sells=False
[654/1024] https://www.youtube.com/@brodieshredz
      Brodie Falgoust | Mid | 2,630,000 subs | med 83,000 views | 8 uploads/90d | nutrition (0.67) | sells=False
[655/1024] https://www.youtube.com/@brookewellss
      Brooke Wells | Mid | 47,600 subs | med 97,000 views | 1 uploads/90d | fitness (1.0) | sells=False
[656/1024] https://www.youtube.com/@buffalo8moviechannel
      Buffalo 8 Movie Channel | Low | 37,400 subs | med 683 views | 26 uploads/90d | travel (0.6) | sells=False
[657/1024] https://www.youtube.com/@buildthedream77
      Build The Dream | Mid | 52,000 subs | med 27,000 views | 8 uploads/90d | travel (0.87) | sells=True
[658/1024] https://www.youtube.com/@buildyourmoxie
      Build Your Moxie | Mid | 118,000 subs | med 33,000 views | 0 uploads/90d | travel (0.86) | sells=False
[659/1024] https://www.youtube.com/@caitiejunefit
      Caitie June | Mid | 204,000 subs | med 7,200 views | 19 uploads/90d | fitness (0.75) | sells=False
[660/1024] https://www.youtube.com/@calimove
      Calisthenicmovement | Mid | 4,270,000 subs | med 162,000 views | 1 uploads/90d | fitness (0.8) | sells=False
[661/1024] https://www.youtube.com/@candice.coppola
      Candice Coppola | Low | 2,490 subs | med 199 views | 0 uploads/90d | business (0.38) | sells=False
[662/1024] https://www.youtube.com/@caricakes
      cari cakes | Low | 440,000 subs | med 62,000 views | 9 uploads/90d | lifestyle_vlog (0.57) | sells=False
[663/1024] https://www.youtube.com/@caseykellyfit
      Casey Kelly | Mid | 626,000 subs | med 427,000 views | 6 uploads/90d | nutrition (0.5) | sells=False
[664/1024] https://www.youtube.com/@cathodememory
      Cathode Memory | Low | 180 subs | med 1,700 views | 0 uploads/90d | travel (1.0) | sells=False
[665/1024] https://www.youtube.com/@channonmooney
      channonmooney | Mid | 118,000 subs | med 39,000 views | 23 uploads/90d | travel (1.0) | sells=False
[666/1024] https://www.youtube.com/@chirayumalikshorts2930
      Malik Fitness | Low | 3,900,000 subs | med 51,000 views | 1 uploads/90d | tech (0.75) | sells=False
[667/1024] https://www.youtube.com/@chloethompsonfit
      Chloe Thompson | Low | 1,480 subs | med 831 views | 0 uploads/90d | fitness (0.5) | sells=False
[668/1024] https://www.youtube.com/@chloewhitthread
      Chloe Whitthread | Low | 13,700 subs | med 7,000 views | 4 uploads/90d | travel (0.54) | sells=False
[669/1024] https://www.youtube.com/@christineleeee
      Christine Le | Mid | 346,000 subs | med 52,000 views | 3 uploads/90d | travel (0.54) | sells=False
[670/1024] https://www.youtube.com/@ciarrast.arnold611
      Ciarra St. Arnold | Low | 1,040 subs | med 106 views | 0 uploads/90d | travel (0.33) | sells=False
[671/1024] https://www.youtube.com/@clarisseintheclouds
      clarisseintheclouds | Mid | 268,000 subs | med 24,000 views | 7 uploads/90d | lifestyle_vlog (0.55) | sells=False
[672/1024] https://www.youtube.com/@coachjms
      Mr Free Value Highlights | Mid | 1,860 subs | med 728 views | 1 uploads/90d | fitness (1.0) | sells=False
[673/1024] https://www.youtube.com/@cojustudio
      CoJu Studio | Low | 579 subs | med 143 views | 0 uploads/90d | no niche (0.0) | sells=False
[674/1024] https://www.youtube.com/@colehershner
      Cole Hershner | Low | 9,160 subs | med 330 views | 1 uploads/90d | food (0.67) | sells=False
[675/1024] https://www.youtube.com/@coraltidetravel
      Destination Weddings (Mexico & The Caribbean) | Mid | 1,000 subs | med 1,200 views | 4 uploads/90d | travel (1.0) | sells=False
[676/1024] https://www.youtube.com/@crazy-takes
      Crazy Takes | Low | 90,700 subs | med 0 views | 0 uploads/90d | no niche (0.0) | sells=False
[677/1024] https://www.youtube.com/@crossfit
      CrossFit | Mid | 1,790,000 subs | med 5,700 views | 19 uploads/90d | fitness (1.0) | sells=False
[678/1024] https://www.youtube.com/@cruiseplannersrk
      Cruise Planners - Robert & Kyle | Low | 46 subs | med 11 views | 0 uploads/90d | travel (1.0) | sells=False
[679/1024] https://www.youtube.com/@dadlifewithriver
      Dad Life - Parent Humour and Family Travel | Low | 23,200 subs | med 2,100 views | 0 uploads/90d | travel (0.83) | sells=False
[680/1024] https://www.youtube.com/@dailyroutine4051
      Daily Routine | Mid | 385,000 subs | med 6,800 views | 21 uploads/90d | lifestyle_vlog (0.78) | sells=False
[681/1024] https://www.youtube.com/@daishansacker
      Daishan Sacker | Low | 688 subs | med 145 views | 4 uploads/90d | travel (0.71) | sells=False
[682/1024] https://www.youtube.com/@danchurchillcooks
      Dan Churchill | Mid | 299,000 subs | med 92,000 views | 7 uploads/90d | fitness (0.86) | sells=False
[683/1024] https://www.youtube.com/@dannystreetworkout
      Danny Street Workout | Mid | 31,200 subs | med 9,700 views | 15 uploads/90d | fitness (0.93) | sells=False
[684/1024] https://www.youtube.com/@dannyvlogstravels
      DannyVlogsTravels | Mid | 12,400 subs | med 11,000 views | 27 uploads/90d | lifestyle_vlog (0.67) | sells=False
[685/1024] https://www.youtube.com/@dazeouttravel
      DazeOut: Travel With Tony | Mid | 760 subs | med 449 views | 13 uploads/90d | travel (0.75) | sells=True
[686/1024] https://www.youtube.com/@dearmikaila
      Dear Mikaila | Mid | 3,950 subs | med 3,500 views | 7 uploads/90d | fitness (0.5) | sells=False
[687/1024] https://www.youtube.com/@deeppocketmonster
      Deep Pocket Monster | Mid | 2,400,000 subs | med 2,700,000 views | 2 uploads/90d | travel (1.0) | sells=False
[688/1024] https://www.youtube.com/@dejahlanay
      Dejah Lanay | Mid | 530,000 subs | med 4,900 views | 18 uploads/90d | lifestyle_vlog (0.38) | sells=False
[689/1024] https://www.youtube.com/@discoverydestination
      Discovery Destination | Mid | 20,800 subs | med 2,800 views | 20 uploads/90d | travel (1.0) | sells=False
[690/1024] https://www.youtube.com/@dreamsushi_
      DreamSushi | Mid | 356,000 subs | med 51,000 views | 7 uploads/90d | lifestyle_vlog (0.91) | sells=False
[691/1024] https://www.youtube.com/@drmarcmorris
      Dr. Marc Morris | Mid | 14,900 subs | med 167 views | 26 uploads/90d | nutrition (0.5) | sells=False
[692/1024] https://www.youtube.com/@drmattshiver
      Dr. Matt Shiver | Mid | 23,100 subs | med 1,900 views | 21 uploads/90d | business (0.5) | sells=False
[693/1024] https://www.youtube.com/@dudelifeofficial
      Dude Life | Low | 1,160,000 subs | med 567,000 views | 13 uploads/90d | outdoors (0.5) | sells=False
[694/1024] https://www.youtube.com/@earsandideasextras814
      Ears and Ideas Extras | Mid | 253 subs | med 240 views | 7 uploads/90d | travel (1.0) | sells=False
[695/1024] https://www.youtube.com/@eatsleepdisneyparks
      Eat Sleep Disney | Mid | 37,200 subs | med 11,000 views | 13 uploads/90d | travel (0.8) | sells=False
[696/1024] https://www.youtube.com/@echoesofjen
      jenevieve | Mid | 1,960 subs | med 4,800 views | 8 uploads/90d | lifestyle_vlog (0.33) | sells=False
[697/1024] https://www.youtube.com/@edengorrel
      Eden Gorrel | Low | 48 subs | med 46 views | 0 uploads/90d | fitness (0.83) | sells=False
[698/1024] https://www.youtube.com/@eleaseproductions2675
      Elease Productions | Low | 102 subs | med 80 views | 0 uploads/90d | travel (0.5) | sells=False
[699/1024] https://www.youtube.com/@eliteftsofficial
      elitefts | Mid | 225,000 subs | med 11,000 views | 30 uploads/90d | fitness (1.0) | sells=False
[700/1024] https://www.youtube.com/@elizaandshania
      Eliza and Shania | Mid | 16,300 subs | med 7,700 views | 7 uploads/90d | travel (0.55) | sells=False
[701/1024] https://www.youtube.com/@elizabeth.wisebourt
      Elizabeth Wisebourt | Low | 2,490 subs | med 1,900 views | 0 uploads/90d | lifestyle_vlog (0.55) | sells=False
[702/1024] https://www.youtube.com/@elle_garenne
      Elle Garenne | Low | 44,300 subs | med 20,000 views | 12 uploads/90d | finance (0.3) | sells=False
[703/1024] https://www.youtube.com/@elleswift
      Elle Swift | Low | 585,000 subs | med 73,000 views | 12 uploads/90d | lifestyle_vlog (0.55) | sells=False
[704/1024] https://www.youtube.com/@ellieV
      ellieV | High | 2,990,000 subs | med 96,000 views | 30 uploads/90d | tech (1.0) | sells=True
[705/1024] https://www.youtube.com/@emilypaulichi
      Emily Paulichi | Mid | 1,040,000 subs | med 126,000 views | 9 uploads/90d | lifestyle_vlog (1.0) | sells=False
[706/1024] https://www.youtube.com/@emilyylifts
      Emily George | Low | 1,650 subs | med 3,600 views | 0 uploads/90d | lifestyle_vlog (0.64) | sells=False
[707/1024] https://www.youtube.com/@emmachamberlain
      emma chamberlain | Low | 12,000,000 subs | med 4,600,000 views | 0 uploads/90d | no niche (0.0) | sells=False
[708/1024] https://www.youtube.com/@empireblueprintcorp
      Brandon Clark Business | Mid | 3,490 subs | med 2,400 views | 30 uploads/90d | running_endurance (0.25) | sells=False
[709/1024] https://www.youtube.com/@erin.killeen
      Erin Killeen | Low | 122,000 subs | med 20,000 views | 0 uploads/90d | fitness (0.43) | sells=False
[710/1024] https://www.youtube.com/@erinrdavila
      Erin Davila | Mid | 7,760 subs | med 4,900 views | 15 uploads/90d | travel (0.73) | sells=False
[711/1024] https://www.youtube.com/@escapelux3246
      EscapeLux | Low | 3 subs | med 0 views | 0 uploads/90d | no niche (0.0) | sells=False
[712/1024] https://www.youtube.com/@evolve
      Evolve Functional Fitness Workouts | Mid | 85,400 subs | med 14,500 views | 0 uploads/90d | fitness (1.0) | sells=False
[713/1024] https://www.youtube.com/@fabandell
      Fab and Ell | Mid | 71,000 subs | med 54,000 views | 12 uploads/90d | lifestyle_vlog (0.6) | sells=False
[714/1024] https://www.youtube.com/@fafali_reigna.x
      Fafali Reigna | Low | 3,850 subs | med 1,900 views | 0 uploads/90d | lifestyle_vlog (0.5) | sells=False
[715/1024] https://www.youtube.com/@famviatravel
      Famvia Travel | Low | 5,930 subs | med 3,200 views | 0 uploads/90d | travel (0.8) | sells=False
[716/1024] https://www.youtube.com/@fanceystreasures6175
      Fanceys Treasures | Low | 340 subs | med 54 views | 0 uploads/90d | food (1.0) | sells=False
[717/1024] https://www.youtube.com/@fitbymik
      fitbymik | Mid | 1,360,000 subs | med 271,000 views | 8 uploads/90d | fitness (0.93) | sells=False
[718/1024] https://www.youtube.com/@fitsarax
      FITSARA | Mid | 24,300 subs | med 12,000 views | 8 uploads/90d | fitness (0.69) | sells=False
[719/1024] https://www.youtube.com/@flyingthenest
      Flying The Nest | High | 1,250,000 subs | med 73,000 views | 12 uploads/90d | travel (1.0) | sells=True
[720/1024] https://www.youtube.com/@frank_medrano
      Frank Medrano | Mid | 1,830,000 subs | med 3,700 views | 7 uploads/90d | fitness (0.85) | sells=False
[721/1024] https://www.youtube.com/@fredolsencruiselines
      Fred. Olsen Cruise Lines | Low | 6,600 subs | med 933 views | 0 uploads/90d | travel (1.0) | sells=False
[722/1024] https://www.youtube.com/@fromlumi
      fromlumi | Low | 152,000 subs | med 37,000 views | 0 uploads/90d | fitness (0.43) | sells=False
[723/1024] https://www.youtube.com/@fromsabyang
      Sab Yang | Mid | 415,000 subs | med 181,000 views | 13 uploads/90d | lifestyle_vlog (0.64) | sells=False
[724/1024] https://www.youtube.com/@fudge_factor
      Fudge Factor | High | 13,600 subs | med 7,300 views | 13 uploads/90d | travel (0.67) | sells=True
[725/1024] https://www.youtube.com/@gabandbren
      Gab and Bren | Mid | 13,700 subs | med 4,700 views | 13 uploads/90d | tech (1.0) | sells=False
[726/1024] https://www.youtube.com/@gabbitomlinson
      Gabbi Tomlinson | Mid | 5,550 subs | med 85,000 views | 3 uploads/90d | fitness (0.67) | sells=False
[727/1024] https://www.youtube.com/@gcn
      Global Cycling Network | Mid | 3,640,000 subs | med 191,000 views | 30 uploads/90d | running_endurance (0.57) | sells=False
[728/1024] https://www.youtube.com/@gdanielsfitness
      Georgia Daniels | Mid | 14,600 subs | med 4,100 views | 1 uploads/90d | fitness (0.56) | sells=False
[729/1024] https://www.youtube.com/@georgiaskye5542
      Georgia Skye | Mid | 2,870 subs | med 3,800 views | 5 uploads/90d | lifestyle_vlog (0.7) | sells=False
[730/1024] https://www.youtube.com/@giftedtravelnetwork
      Gifted Travel Network | Mid | 1,990 subs | med 97 views | 15 uploads/90d | travel (0.67) | sells=False
[731/1024] https://www.youtube.com/@girlvsglobe
      Girl vs Globe | Mid | 274,000 subs | med 14,000 views | 0 uploads/90d | travel (1.0) | sells=False
[732/1024] https://www.youtube.com/@gordenmarthadove122
      Gorden & Martha Dove | Mid | 625,000 subs | med 10,000 views | 4 uploads/90d | lifestyle_vlog (0.43) | sells=False
[733/1024] https://www.youtube.com/@growingannanas
      growingannanas | Mid | 8,210,000 subs | med 217,000 views | 16 uploads/90d | fitness (0.93) | sells=False
[734/1024] https://www.youtube.com/@gtn
      Global Triathlon Network | Mid | 1,100,000 subs | med 45,000 views | 30 uploads/90d | running_endurance (0.83) | sells=False
[735/1024] https://www.youtube.com/@haleycordova
      Haley Cordova | Mid | 21,800 subs | med 10,000 views | 11 uploads/90d | fitness (0.64) | sells=False
[736/1024] https://www.youtube.com/@haloholidaysuk
      Halo Holidays UK | Low | 36 subs | med 20 views | 0 uploads/90d | travel (1.0) | sells=False
[737/1024] https://www.youtube.com/@hannahmarshx
      Hannah Marsh | Mid | 21,100 subs | med 26,000 views | 9 uploads/90d | lifestyle_vlog (0.75) | sells=True
[738/1024] https://www.youtube.com/@hannanoelle
      hanna noelle | Mid | 102,000 subs | med 46,000 views | 14 uploads/90d | travel (0.42) | sells=False
[739/1024] https://www.youtube.com/@haotang
      BESVISOR | Low | 12,300 subs | med 21,000 views | 1 uploads/90d | travel (0.73) | sells=False
[740/1024] https://www.youtube.com/@harryjaggardvlogs
      Harry Jaggard Vlogs | Mid | 654,000 subs | med 101,000 views | 12 uploads/90d | travel (0.7) | sells=False
[741/1024] https://www.youtube.com/@havea676
      Havea676 | Low | 89,600 subs | med 36,000 views | 13 uploads/90d | travel (0.5) | sells=False
[742/1024] https://www.youtube.com/@hayleightwose
      Hayleigh Twose | Low | 84 subs | med 76 views | 8 uploads/90d | travel (1.0) | sells=False
[743/1024] https://www.youtube.com/@helainezhao
      Helaine Zhao | Mid | 299,000 subs | med 88,000 views | 7 uploads/90d | lifestyle_vlog (0.77) | sells=False
[744/1024] https://www.youtube.com/@hellofora
      Fora | Low | 9,160 subs | med 499 views | 1 uploads/90d | travel (0.5) | sells=True
[745/1024] https://www.youtube.com/@heretohelp69
      Here to Help | Low | 11,600 subs | med 0 views | 0 uploads/90d | no niche (0.0) | sells=False
[746/1024] https://www.youtube.com/@heyashleynoel
      Ashley Porter | Mid | 298,000 subs | med 9,400 views | 4 uploads/90d | food (0.5) | sells=True
[747/1024] https://www.youtube.com/@heynadine
      Hey Nadine | Mid | 510,000 subs | med 14,000 views | 0 uploads/90d | travel (0.86) | sells=False
[748/1024] https://www.youtube.com/@holidayexpertscrete
      HOLIDAY EXPERTS | Mid | 3,870 subs | med 1,700 views | 4 uploads/90d | travel (1.0) | sells=False
[749/1024] https://www.youtube.com/@holidayexpertshow
      The Holiday Expert Show | Mid | 1,750 subs | med 7,150 views | 13 uploads/90d | travel (1.0) | sells=False
[750/1024] https://www.youtube.com/@honestplaces
      Honest Places | High | 121,000 subs | med 78,000 views | 10 uploads/90d | travel (1.0) | sells=True
[751/1024] https://www.youtube.com/@honeybud
      honey's home | Low | 26,000 subs | med 15,000 views | 0 uploads/90d | business (0.33) | sells=False
[752/1024] https://www.youtube.com/@iamchelsiejanea809
      IAMCHELSIEJANEA | Mid | 113,000 subs | med 24,000 views | 30 uploads/90d | lifestyle_vlog (0.86) | sells=False
[753/1024] https://www.youtube.com/@iamjaylee7207
      IAMJAYLEE | Low | 395 subs | med 219 views | 4 uploads/90d | lifestyle_vlog (0.88) | sells=False
[754/1024] https://www.youtube.com/@iamsamanthahammond
      Samantha Hammond | Low | 3,110 subs | med 188 views | 2 uploads/90d | travel (0.93) | sells=False
[755/1024] https://www.youtube.com/@ian.and.ana.
      Ian and Ana | Mid | 347,000 subs | med 43,000 views | 0 uploads/90d | travel (0.86) | sells=False
[756/1024] https://www.youtube.com/@imaginetravel2479
      Imagine Travel | Low | 344 subs | med 736 views | 0 uploads/90d | travel (1.0) | sells=True
[757/1024] https://www.youtube.com/@imtaramichelle
      Tara Michelle | Mid | 1,290,000 subs | med 110,000 views | 26 uploads/90d | lifestyle_vlog (0.75) | sells=False
[758/1024] https://www.youtube.com/@ineed2travel
      Travel with Brett | Low | 184 subs | med 71 views | 1 uploads/90d | travel (0.8) | sells=False
[759/1024] https://www.youtube.com/@insidejapantours
      InsideJapan Tours | Low | 2,470 subs | med 3,150 views | 0 uploads/90d | travel (0.5) | sells=False
[760/1024] https://www.youtube.com/@insightvacations
      Insight Vacations | Mid | 4,750 subs | med 2,650 views | 0 uploads/90d | travel (1.0) | sells=False
[761/1024] https://www.youtube.com/@interactiveWDW
      interactiveWDW | Low | 5,310 subs | med 6,900 views | 0 uploads/90d | travel (1.0) | sells=False
[762/1024] https://www.youtube.com/@internetshaquille
      Internet Shaquille | Mid | 850,000 subs | med 178,000 views | 4 uploads/90d | food (0.75) | sells=True
[763/1024] https://www.youtube.com/@isabelle_jada
      isabelle | Low | 223 subs | med 383 views | 5 uploads/90d | travel (0.5) | sells=False
[764/1024] https://www.youtube.com/@islashepherd
      Isla Davison | Low | 149 subs | med 258 views | 0 uploads/90d | lifestyle_vlog (0.5) | sells=False
[765/1024] https://www.youtube.com/@italiantours
      Road To Travel Inc. | Low | 1 subs | med 0 views | 0 uploads/90d | no niche (0.0) | sells=False
[766/1024] https://www.youtube.com/@itmisf
      itmisf | Mid | 1,620 subs | med 1,500 views | 0 uploads/90d | fitness (1.0) | sells=False
[767/1024] https://www.youtube.com/@itserinconfortini
      Erin Confortini | Mid | 29,100 subs | med 5,800 views | 0 uploads/90d | finance (0.64) | sells=True
[768/1024] https://www.youtube.com/@itsjxylxn
      itsjxylxn | Low | 5,000 subs | med 264 views | 7 uploads/90d | travel (0.4) | sells=False
[769/1024] https://www.youtube.com/@itsmaritza.s
      Maritza Solis | Travel Mentor | Low | 162 subs | med 99 views | 0 uploads/90d | travel (0.6) | sells=False
[770/1024] https://www.youtube.com/@itsthedonnellys
      It's The Donnellys | Mid | 1,140,000 subs | med 47,000 views | 9 uploads/90d | travel (0.7) | sells=True
[771/1024] https://www.youtube.com/@jackschmidt98
      Jack Schmidt | Low | 3,200 subs | med 123,000 views | 0 uploads/90d | travel (1.0) | sells=False
[772/1024] https://www.youtube.com/@jams3y
      jams3y | Low | 41 subs | med 107 views | 0 uploads/90d | travel (1.0) | sells=False
[773/1024] https://www.youtube.com/@jarrettjamaldavis
      Jarrett-Jamal Davis | Low | 12,400 subs | med 713 views | 0 uploads/90d | travel (1.0) | sells=True
[774/1024] https://www.youtube.com/@jathaly
      Jathaly | Low | 557,000 subs | med 255,000 views | 3 uploads/90d | travel (0.55) | sells=False
[775/1024] https://www.youtube.com/@jazturner16
      Jaz Turner | Mid | 210,000 subs | med 24,000 views | 9 uploads/90d | lifestyle_vlog (0.5) | sells=True
[776/1024] https://www.youtube.com/@jclicerio
      JC Licerio | Low | 1,210 subs | med 213 views | 0 uploads/90d | fitness (1.0) | sells=False
[777/1024] https://www.youtube.com/@jereshiasaid
      Jereshia Said | Low | 3,450 subs | med 300 views | 2 uploads/90d | business (1.0) | sells=False
[778/1024] https://www.youtube.com/@jhousevlogs
      J House Vlogs | Mid | 3,560,000 subs | med 155,000 views | 6 uploads/90d | travel (0.67) | sells=True
[779/1024] https://www.youtube.com/@jillcanning
      Jill Canning | Mid | 2,350 subs | med 722 views | 2 uploads/90d | travel (0.9) | sells=False
[780/1024] https://www.youtube.com/@jmcontrol6667
      JM Control | Mid | 19,800 subs | med 4,800 views | 0 uploads/90d | fitness (1.0) | sells=False
[781/1024] https://www.youtube.com/@johnnyfied1
      Johnnyfied | Mid | 4,740 subs | med 11,000 views | 1 uploads/90d | travel (0.83) | sells=False
[782/1024] https://www.youtube.com/@johnwolfe6311
      john wolfe | Low | 20 subs | med 354 views | 0 uploads/90d | no niche (0.0) | sells=False
[783/1024] https://www.youtube.com/@jonathanxiangg
      Jonathan Xiang | Mid | 453 subs | med 764 views | 3 uploads/90d | lifestyle_vlog (0.5) | sells=False
[784/1024] https://www.youtube.com/@jordanmatter
      Jordan Matter | Mid | 38,200,000 subs | med 27,000,000 views | 12 uploads/90d | tech (0.25) | sells=True
[785/1024] https://www.youtube.com/@jordanmatterphotochallenges
      Jordan Matter Photo Challenges | Low | 855,000 subs | med 5,400,000 views | 0 uploads/90d | food (0.5) | sells=False
[786/1024] https://www.youtube.com/@jordanmattertopvideos
      Jordan Matter Top Videos | Low | 1,220,000 subs | med 982,000 views | 26 uploads/90d | no niche (0.0) | sells=False
[787/1024] https://www.youtube.com/@journeys_with_jen
      Journeys With Jen | Mid | 9,170 subs | med 331 views | 9 uploads/90d | travel (0.91) | sells=False
[788/1024] https://www.youtube.com/@julia.reppel
      mobility by julia reppel | Mid | 477,000 subs | med 34,000 views | 30 uploads/90d | fitness (0.5) | sells=False
[789/1024] https://www.youtube.com/@juliahuynh
      Julia Huynh | Mid | 462,000 subs | med 58,000 views | 13 uploads/90d | travel (0.33) | sells=False
[790/1024] https://www.youtube.com/@julyandraph
      July and Raph | Low | 2,290 subs | med 781 views | 0 uploads/90d | nutrition (0.45) | sells=False
[791/1024] https://www.youtube.com/@justintime2472
      JustinTime247 | Low | 1,160 subs | med 90 views | 5 uploads/90d | tech (0.5) | sells=False
[792/1024] https://www.youtube.com/@juttaleerdam
      Jutta Leerdam | Low | 14,800 subs | med 396,000 views | 2 uploads/90d | no niche (0.0) | sells=False
[793/1024] https://www.youtube.com/@kailynnino
      Kailyn Nino | Low | 6,180 subs | med 501 views | 7 uploads/90d | travel (0.67) | sells=False
[794/1024] https://www.youtube.com/@kaitylately
      Kaitlyn Mason | Low | 21 subs | med 284 views | 1 uploads/90d | travel (1.0) | sells=False
[795/1024] https://www.youtube.com/@kathy_jo
      Kathy Jo | Mid | 42,100 subs | med 1,500 views | 5 uploads/90d | travel (0.4) | sells=False
[796/1024] https://www.youtube.com/@kayleighhale
      Lee Hale | Low | 2 subs | med 1,600 views | 0 uploads/90d | travel (1.0) | sells=False
[797/1024] https://www.youtube.com/@kayymrose
      Kay Rose | Mid | 3,750 subs | med 1,500 views | 4 uploads/90d | lifestyle_vlog (0.57) | sells=False
[798/1024] https://www.youtube.com/@kellylmatthews
      Kelly Matthews | Low | 297,000 subs | med 46,000 views | 10 uploads/90d | running_endurance (0.33) | sells=False
[799/1024] https://www.youtube.com/@kenyacitizentv
      Citizen TV Kenya | Mid | 6,700,000 subs | med 0 views | 10 uploads/90d | no niche (0.0) | sells=False
[800/1024] https://www.youtube.com/@kevinsimons2037
      Kevin Simons | Low | 151 subs | med 24 views | 0 uploads/90d | travel (0.5) | sells=False
[801/1024] https://www.youtube.com/@kirktoristory
      KirkToriStory | Mid | 13,900 subs | med 3,400 views | 14 uploads/90d | travel (1.0) | sells=False
[802/1024] https://www.youtube.com/@kirstyskingdom
      Kirsty’s Kingdom | Low | 917 subs | med 1,200 views | 0 uploads/90d | lifestyle_vlog (0.8) | sells=False
[803/1024] https://www.youtube.com/@kweenkathy
      Kathy Elisabet | Low | 4,700 subs | med 974 views | 0 uploads/90d | nutrition (0.38) | sells=False
[804/1024] https://www.youtube.com/@kyratraveltrainer
      Kyra Dolifka | Low | 340 subs | med 968 views | 0 uploads/90d | business (0.5) | sells=False
[805/1024] https://www.youtube.com/@lakemaker
      Lakemaker | Low | 6,030 subs | med 7,400 views | 0 uploads/90d | travel (0.92) | sells=False
[806/1024] https://www.youtube.com/@lani_mick
      Lani & Mick | Low | 2,140 subs | med 313 views | 7 uploads/90d | lifestyle_vlog (0.54) | sells=False
[807/1024] https://www.youtube.com/@laraponle
      LARA PONLE | Mid | 27,500 subs | med 14,000 views | 3 uploads/90d | travel (0.67) | sells=True
[808/1024] https://www.youtube.com/@lauren_fisher
      Lauren Fisher | Low | 30,100 subs | med 2,100 views | 0 uploads/90d | fitness (0.4) | sells=False
[809/1024] https://www.youtube.com/@laurenkimofficial
      Lauren Kim | Mid | 608,000 subs | med 87,000 views | 11 uploads/90d | travel (0.78) | sells=False
[810/1024] https://www.youtube.com/@laurensnyder
      Lauren Snyder | Mid | 368,000 subs | med 26,000 views | 18 uploads/90d | lifestyle_vlog (0.93) | sells=False
[811/1024] https://www.youtube.com/@layluv
      lay luv | Mid | 830,000 subs | med 36,000 views | 14 uploads/90d | lifestyle_vlog (0.83) | sells=False
[812/1024] https://www.youtube.com/@leahblake03
      Leah's Life in Motion | Low | 54 subs | med 42 views | 0 uploads/90d | lifestyle_vlog (0.44) | sells=False
[813/1024] https://www.youtube.com/@leannescott5317
      Leanne Chapman | Mid | 113 subs | med 50,000 views | 0 uploads/90d | travel (1.0) | sells=False
[814/1024] https://www.youtube.com/@lenalifts
      LenaLifts | Mid | 1,530,000 subs | med 226,000 views | 10 uploads/90d | lifestyle_vlog (0.75) | sells=False
[815/1024] https://www.youtube.com/@lidiavmera
      Lidia Mera | Mid | 2,330,000 subs | med 133,000 views | 17 uploads/90d | fitness (0.8) | sells=False
[816/1024] https://www.youtube.com/@lifeoftimbo2507
      Life of Timbo | Low | 403 subs | med 857 views | 1 uploads/90d | lifestyle_vlog (0.82) | sells=False
[817/1024] https://www.youtube.com/@lifewithkaz4130
      Life With Kaz | Low | 710 subs | med 39 views | 30 uploads/90d | lifestyle_vlog (1.0) | sells=False
[818/1024] https://www.youtube.com/@lindasunyt
      Linda Sun | Mid | 1,600,000 subs | med 272,000 views | 6 uploads/90d | food (0.3) | sells=False
[819/1024] https://www.youtube.com/@lindsaydollinger
      Lindsay Dollinger | Mid | 345 subs | med 34 views | 29 uploads/90d | travel (0.73) | sells=False
[820/1024] https://www.youtube.com/@lisajemide
      LisaJemide | Mid | 48,900 subs | med 3,300 views | 4 uploads/90d | lifestyle_vlog (0.83) | sells=False
[821/1024] https://www.youtube.com/@litterinitravel7215
      Litterini Travel | Low | 14 subs | med 68 views | 0 uploads/90d | travel (1.0) | sells=False
[822/1024] https://www.youtube.com/@lostlevlog
      ytInitialData missing, retrying with a longer wait
      ytInitialData missing, retrying with a longer wait
[823/1024] https://www.youtube.com/@lovesiphiwe
      Love, Siphiwé | Low | 592 subs | med 1,000 views | 0 uploads/90d | travel (0.8) | sells=False
[824/1024] https://www.youtube.com/@lucywyndhamread
      Lucy Wyndham-Read | Mid | 2,850,000 subs | med 68,000 views | 26 uploads/90d | fitness (1.0) | sells=False
[825/1024] https://www.youtube.com/@luke_davis
      Luke Davis | Low | 0 subs | med 0 views | 0 uploads/90d | no niche (0.0) | sells=False
[826/1024] https://www.youtube.com/@luxuryconciergetravel
      Luxury Concierge Travel | Mid | 10 subs | med 6 views | 1 uploads/90d | travel (1.0) | sells=False
[827/1024] https://www.youtube.com/@luxurytravelexpert
      Luxury Travel Expert | Mid | 1,400,000 subs | med 59,000 views | 13 uploads/90d | travel (0.85) | sells=False
[828/1024] https://www.youtube.com/@luxurytravelhost
      Luxury Travel Host | Mid | 96,000 subs | med 215,000 views | 11 uploads/90d | travel (0.67) | sells=False
[829/1024] https://www.youtube.com/@lwelouise.s
      life with elouise | Low | 5,840 subs | med 4,600 views | 6 uploads/90d | tech (0.33) | sells=False
[830/1024] https://www.youtube.com/@magicalfam
      Magical Fam | Mid | 6,630 subs | med 1,000 views | 15 uploads/90d | travel (0.86) | sells=False
[831/1024] https://www.youtube.com/@magnus_method
      Magnus Method | Low | 311,000 subs | med 15,000 views | 0 uploads/90d | fitness (0.56) | sells=False
[832/1024] https://www.youtube.com/@mahaselena
      Maha Selena | Low | 7,200 subs | med 4,850 views | 0 uploads/90d | fitness (0.6) | sells=False
[833/1024] https://www.youtube.com/@makemoneytravelblogging
      Make Money Travel Blogging w/ Jessie on a Journey | Mid | 2,290 subs | med 540 views | 16 uploads/90d | travel (0.88) | sells=False
[834/1024] https://www.youtube.com/@makerichmoney1997
      Make Rich Money - Personal Finance | Mid | 22,100 subs | med 1,300 views | 0 uploads/90d | finance (0.75) | sells=False
[835/1024] https://www.youtube.com/@mandys_iphone
      Mandy's iPhone | Low | 438,000 subs | med 242,000 views | 8 uploads/90d | no niche (0.0) | sells=False
[836/1024] https://www.youtube.com/@margartitaatira
      Rita Atira | Low | 8,740 subs | med 775 views | 2 uploads/90d | travel (0.38) | sells=False
[837/1024] https://www.youtube.com/@maricelflores
      Shai•diary | Low | 12,600 subs | med 2,900 views | 2 uploads/90d | lifestyle_vlog (1.0) | sells=False
[838/1024] https://www.youtube.com/@mattdavella
      Matt D'Avella | Mid | 4,050,000 subs | med 560,000 views | 3 uploads/90d | fitness (0.4) | sells=False
[839/1024] https://www.youtube.com/@merginglifeandmoney
      Merging Life and Money | Low | 451 subs | med 16 views | 0 uploads/90d | finance (0.5) | sells=False
[840/1024] https://www.youtube.com/@miakhannn
      Mia Bibi | Mid | 45,300 subs | med 7,000 views | 7 uploads/90d | lifestyle_vlog (0.6) | sells=False
[841/1024] https://www.youtube.com/@miawootton
      Mia Wootton | Mid | 24,100 subs | med 8,200 views | 15 uploads/90d | lifestyle_vlog (0.55) | sells=False
[842/1024] https://www.youtube.com/@micahleia
      Mícah Leia | Mid | 82,700 subs | med 2,200 views | 2 uploads/90d | travel (0.67) | sells=False
[843/1024] https://www.youtube.com/@michaelthetravelguy
      Michael The Travel Guy - Travelmation | Mid | 248 subs | med 128 views | 8 uploads/90d | travel (0.92) | sells=False
[844/1024] https://www.youtube.com/@michellereedg
      Michelle Reed | Mid | 501,000 subs | med 47,000 views | 11 uploads/90d | nutrition (0.33) | sells=False
[845/1024] https://www.youtube.com/@mildredsauce
      millie liao | Mid | 538,000 subs | med 244,000 views | 6 uploads/90d | lifestyle_vlog (0.8) | sells=False
[846/1024] https://www.youtube.com/@milleniumtravel6715
      Millenium Travel | Low | 13 subs | med 0 views | 0 uploads/90d | no niche (0.0) | sells=False
[847/1024] https://www.youtube.com/@milliejanerichardson
      Millie Jane Richardson | Low | 1,400 subs | med 3,000 views | 0 uploads/90d | travel (0.67) | sells=False
[848/1024] https://www.youtube.com/@mindbodyprime
      MindBodyPrime | Mid | 6,350 subs | med 1,100 views | 1 uploads/90d | fitness (0.9) | sells=False
[849/1024] https://www.youtube.com/@mixflix2874
      Mix Flix | Low | 376 subs | med 59 views | 20 uploads/90d | food (0.33) | sells=False
[850/1024] https://www.youtube.com/@moinpeach
      moinpeach | Mid | 188,000 subs | med 43,000 views | 2 uploads/90d | martial_arts (0.57) | sells=False
[851/1024] https://www.youtube.com/@morgantpete
      Morgan Peterson | Mid | 47,200 subs | med 35,000 views | 9 uploads/90d | lifestyle_vlog (0.47) | sells=False
[852/1024] https://www.youtube.com/@movetooahu
      Moving to O'ahu - Relocation Network | Mid | 108 subs | med 286 views | 24 uploads/90d | travel (0.6) | sells=True
[853/1024] https://www.youtube.com/@mrignite2296
      Mr ignite | Mid | 338,000 subs | med 40,000 views | 10 uploads/90d | finance (0.62) | sells=False
[854/1024] https://www.youtube.com/@mrsemilynorris
      Emily Norris | Mid | 889,000 subs | med 52,000 views | 9 uploads/90d | lifestyle_vlog (0.6) | sells=False
[855/1024] https://www.youtube.com/@multido1598
      Multi DO | Mid | 2,290,000 subs | med 74,000 views | 30 uploads/90d | food (0.92) | sells=False
[856/1024] https://www.youtube.com/@musicfan1619
      musicfan1619 | Low | 11 subs | med 0 views | 0 uploads/90d | food (0.67) | sells=False
[857/1024] https://www.youtube.com/@my.ali.travels
      My Ali Travels | Mid | 7,190 subs | med 18,000 views | 2 uploads/90d | travel (0.45) | sells=False
[858/1024] https://www.youtube.com/@mydelicate10
      𝓶𝓪𝔂𝓪  ♡ | Low | 320,000 subs | med 170,000 views | 0 uploads/90d | lifestyle_vlog (1.0) | sells=False
[859/1024] https://www.youtube.com/@myfamilydiarytelugu3144
      My family diary telugu | Low | 68,400 subs | med 24,000 views | 30 uploads/90d | lifestyle_vlog (0.43) | sells=False
[860/1024] https://www.youtube.com/@myfamilyvlog1484
      My Family Vlog | Mid | 386,000 subs | med 367,000 views | 30 uploads/90d | nutrition (1.0) | sells=False
[861/1024] https://www.youtube.com/@nadianardini8716
      Nadia Nardini | Low | 874 subs | med 155 views | 0 uploads/90d | travel (1.0) | sells=False
[862/1024] https://www.youtube.com/@naj_ibra
      Naj Ibra | Low | 787 subs | med 171 views | 4 uploads/90d | tech (0.23) | sells=False
[863/1024] https://www.youtube.com/@nataliejion
      nataliejion | Mid | 20,000 subs | med 13,000 views | 9 uploads/90d | lifestyle_vlog (0.86) | sells=False
[864/1024] https://www.youtube.com/@naturallynegeen
      ytInitialData missing, retrying with a longer wait
      ytInitialData missing, retrying with a longer wait
[865/1024] https://www.youtube.com/@neverendingtravels6545
      Never Ending Travels | Low | 6,680 subs | med 1,500 views | 2 uploads/90d | travel (0.43) | sells=False
[866/1024] https://www.youtube.com/@newtravelescapes
      New Travel Escapes | High | 13,800 subs | med 5,500 views | 13 uploads/90d | travel (0.9) | sells=True
[867/1024] https://www.youtube.com/@nickandcarmen3885
      Nick and Carmen | Low | 861 subs | med 1,900 views | 0 uploads/90d | tech (0.44) | sells=False
[868/1024] https://www.youtube.com/@nickbarefitness
      Nick Bare | Mid | 1,530,000 subs | med 238,000 views | 14 uploads/90d | fitness (0.5) | sells=False
[869/1024] https://www.youtube.com/@nickgray
      Nick Gray | Mid | 18,900 subs | med 9,200 views | 2 uploads/90d | travel (0.9) | sells=False
[870/1024] https://www.youtube.com/@nicolaboyle_
      Nicola Boyle | Low | 3,790 subs | med 3,000 views | 2 uploads/90d | travel (0.6) | sells=False
[871/1024] https://www.youtube.com/@nicolasberndt
      Nicolas Berndt | Low | 531,000 subs | med 438,000 views | 1 uploads/90d | fitness (0.6) | sells=False
[872/1024] https://www.youtube.com/@nicoleandmico
      Nicole and Mico | Mid | 83,300 subs | med 18,000 views | 0 uploads/90d | travel (0.67) | sells=False
[873/1024] https://www.youtube.com/@nicosheri
      nico🫶 | Mid | 34,300 subs | med 19,000 views | 2 uploads/90d | fitness (0.55) | sells=False
[874/1024] https://www.youtube.com/@norrisnuts
      The Norris Nuts | Mid | 8,029,999 subs | med 632,000 views | 13 uploads/90d | lifestyle_vlog (0.25) | sells=True
[875/1024] https://www.youtube.com/@nourishmovelove
      nourishmovelove | Mid | 1,210,000 subs | med 151,000 views | 17 uploads/90d | fitness (1.0) | sells=False
[876/1024] https://www.youtube.com/@okayasmin
      okayasmin | Low | 68,400 subs | med 8,700 views | 2 uploads/90d | travel (0.36) | sells=False
[877/1024] https://www.youtube.com/@okbrinty
      okbrinty | Mid | 5,890 subs | med 4,300 views | 3 uploads/90d | running_endurance (0.58) | sells=True
[878/1024] https://www.youtube.com/@oliverscott4865
      Oliver Scott | Mid | 759 subs | med 11,000 views | 0 uploads/90d | tech (0.73) | sells=False
[879/1024] https://www.youtube.com/@ontarioroadtripping
      Ontario Road Tripping | Mid | 19,200 subs | med 5,200 views | 14 uploads/90d | travel (0.8) | sells=False
[880/1024] https://www.youtube.com/@operanewskenya1447
      Opera News Kenya | Mid | 3,700 subs | med 5,100 views | 0 uploads/90d | business (0.6) | sells=False
[881/1024] https://www.youtube.com/@outsideagents
      OutsideAgents.com | Low | 5,230 subs | med 0 views | 30 uploads/90d | no niche (0.0) | sells=False
[882/1024] https://www.youtube.com/@paramountcruises653
      Paramount Cruises | Low | 358 subs | med 105 views | 7 uploads/90d | travel (0.5) | sells=False
[883/1024] https://www.youtube.com/@pentravel
      Pentravel | Low | 219 subs | med 0 views | 0 uploads/90d | no niche (0.0) | sells=False
[884/1024] https://www.youtube.com/@perla_ceron
      Perla Ceron | Low | 869 subs | med 263 views | 1 uploads/90d | travel (0.5) | sells=False
[885/1024] https://www.youtube.com/@piqtourjapan
      PiQtour Japan | Mid | 80,900 subs | med 55,000 views | 11 uploads/90d | travel (0.9) | sells=False
[886/1024] https://www.youtube.com/@pixie-latte
      Pixie-Latte | Low | 28 subs | med 121 views | 0 uploads/90d | travel (1.0) | sells=False
[887/1024] https://www.youtube.com/@polkadotsandpixiedust
      Polka Dots & Pixie Dust | Mid | 1,140 subs | med 4,500 views | 5 uploads/90d | travel (1.0) | sells=False
[888/1024] https://www.youtube.com/@propertiarealestate
      PROPERTIA REAL ESTATE | Mid | 84,500 subs | med 2,300 views | 11 uploads/90d | finance (0.5) | sells=False
[889/1024] https://www.youtube.com/@pursuitforadventure
      Pursuit For Adventure | Mid | 3,730 subs | med 2,800 views | 10 uploads/90d | travel (0.29) | sells=False
[890/1024] https://www.youtube.com/@qudasia
      QuDasia | Low | 1,210 subs | med 208 views | 10 uploads/90d | lifestyle_vlog (0.57) | sells=False
[891/1024] https://www.youtube.com/@rachel_muse
      Rachel Muse | Low | 77,900 subs | med 38,500 views | 0 uploads/90d | travel (0.67) | sells=False
[892/1024] https://www.youtube.com/@raleyadventures
      Raley Adventures | Mid | 1,950 subs | med 988 views | 11 uploads/90d | running_endurance (1.0) | sells=True
[893/1024] https://www.youtube.com/@randumbfitness
      Randumb Fitness | Mid | 246,000 subs | med 93,000 views | 1 uploads/90d | fitness (1.0) | sells=True
[894/1024] https://www.youtube.com/@reanne.witter
      Reanne Witter | Mid | 2,390 subs | med 1,100 views | 11 uploads/90d | lifestyle_vlog (0.5) | sells=False
[895/1024] https://www.youtube.com/@rebeccazamolo
      Rebecca Zamolo | High | 23,400,000 subs | med 5,200,000 views | 20 uploads/90d | fitness (0.75) | sells=True
[896/1024] https://www.youtube.com/@reubenbrooks959
      Reuben Brooks | Mid | 33,300 subs | med 1,600 views | 0 uploads/90d | fitness (0.77) | sells=False
[897/1024] https://www.youtube.com/@rhegan777
      rhegan777 | Low | 331,000 subs | med 122,000 views | 1 uploads/90d | lifestyle_vlog (0.9) | sells=False
[898/1024] https://www.youtube.com/@rileykristine
      Riley Kristine | Mid | 23,500 subs | med 6,500 views | 9 uploads/90d | fitness (0.33) | sells=False
[899/1024] https://www.youtube.com/@rileyrehl
      Riley Rehl | Mid | 434,000 subs | med 103,000 views | 10 uploads/90d | running_endurance (0.3) | sells=False
[900/1024] https://www.youtube.com/@robbieroams
      Robbie Roams | Mid | 48,100 subs | med 6,700 views | 14 uploads/90d | travel (0.9) | sells=False
[901/1024] https://www.youtube.com/@roguefitness
      Rogue Fitness | Mid | 1,020,000 subs | med 8,150 views | 5 uploads/90d | fitness (0.75) | sells=False
[902/1024] https://www.youtube.com/@royalcaribbeaninsider
      Royal Caribbean Insider | Low | 479 subs | med 364 views | 0 uploads/90d | travel (1.0) | sells=False
[903/1024] https://www.youtube.com/@ryan
      Ryan Trahan | Low | 24,000,000 subs | med 7,700,000 views | 2 uploads/90d | travel (1.0) | sells=False
[904/1024] https://www.youtube.com/@ryanandkala
       | Mid | 0 subs | med 14,000 views | 14 uploads/90d | travel (1.0) | sells=False
[905/1024] https://www.youtube.com/@ryguyrocky
      Ryguyrocky | Mid | 3,920,000 subs | med 1,200,000 views | 6 uploads/90d | travel (1.0) | sells=False
[906/1024] https://www.youtube.com/@sachin_anand
      Sachin Anand | Low | 52,500 subs | med 25,000 views | 0 uploads/90d | fitness (0.5) | sells=True
[907/1024] https://www.youtube.com/@sachitaa.s
      Sachita Subramanian | Low | 46,900 subs | med 906 views | 1 uploads/90d | lifestyle_vlog (0.67) | sells=False
[908/1024] https://www.youtube.com/@saliitravels
      Saliha | Low | 6,120 subs | med 318 views | 0 uploads/90d | travel (0.4) | sells=False
[909/1024] https://www.youtube.com/@saltandwind
      Salt & Wind Travel | Low | 36 subs | med 190 views | 0 uploads/90d | travel (1.0) | sells=False
[910/1024] https://www.youtube.com/@scenicsuitcases
      Scenic Suitcases | Low | 1,220 subs | med 561 views | 0 uploads/90d | travel (1.0) | sells=False
[911/1024] https://www.youtube.com/@scenicviewstravelgal
      Scenic Views Travel | Mid | 2,940 subs | med 4,600 views | 10 uploads/90d | travel (0.88) | sells=False
[912/1024] https://www.youtube.com/@scotthickenlooper
      Scott Hickenlooper | Low | 686 subs | med 280 views | 0 uploads/90d | lifestyle_vlog (0.67) | sells=False
[913/1024] https://www.youtube.com/@seekingtravel
      Seeking Travel | Low | 3,310 subs | med 2,300 views | 2 uploads/90d | tech (0.75) | sells=False
[914/1024] https://www.youtube.com/@seemoreseascruises3791
      See More Seas Cruises! | Mid | 16,400 subs | med 6,200 views | 4 uploads/90d | travel (1.0) | sells=False
[915/1024] https://www.youtube.com/@selfmaidpod
      Self Maid with Jason Cleans | Low | 100 subs | med 27 views | 17 uploads/90d | business (0.71) | sells=False
[916/1024] https://www.youtube.com/@seniorswalkingthecamino
      Seniors Walking The Camino | Low | 3,410 subs | med 6,700 views | 0 uploads/90d | outdoors (0.5) | sells=False
[917/1024] https://www.youtube.com/@sevenstarsholiday
      Seven Stars Holiday | Low | 1,300 subs | med 153 views | 0 uploads/90d | travel (1.0) | sells=False
[918/1024] https://www.youtube.com/@shannonspaldingx
      Shannon Spalding | Mid | 20,400 subs | med 1,400 views | 3 uploads/90d | lifestyle_vlog (0.67) | sells=False
[919/1024] https://www.youtube.com/@sharps47
      SHARPS 47 | Low | 639 subs | med 32 views | 7 uploads/90d | fitness (0.5) | sells=False
[920/1024] https://www.youtube.com/@shawntpower
      Shawn Power-Your Trusted Cruise&Tauck Tour Expert! | Mid | 4,290 subs | med 2,100 views | 7 uploads/90d | travel (1.0) | sells=False
[921/1024] https://www.youtube.com/@sisitravels
      Sierra Lytle | Mid | 685 subs | med 1,150 views | 0 uploads/90d | travel (1.0) | sells=False
[922/1024] https://www.youtube.com/@smallbusinesstv7187
      Small Business TV | Low | 23 subs | med 14 views | 0 uploads/90d | fitness (0.75) | sells=False
[923/1024] https://www.youtube.com/@smileycitrus
      smileycitrus | Mid | 75,500 subs | med 20,000 views | 12 uploads/90d | finance (0.44) | sells=False
[924/1024] https://www.youtube.com/@sofmathew
      sofia mathew | Low | 10,500 subs | med 989 views | 12 uploads/90d | travel (0.6) | sells=False
[925/1024] https://www.youtube.com/@sopha_dopha
      Sopha Dopha | Mid | 148,000 subs | med 99,000 views | 12 uploads/90d | lifestyle_vlog (0.7) | sells=False
[926/1024] https://www.youtube.com/@sophie.williams
      Sophie Williams | Low | 779 subs | med 378 views | 12 uploads/90d | lifestyle_vlog (0.62) | sells=False
[927/1024] https://www.youtube.com/@spainrevealed
      Spain Revealed | Mid | 322,000 subs | med 45,000 views | 13 uploads/90d | travel (0.43) | sells=False
[928/1024] https://www.youtube.com/@spiritoftravelbespoke
      Spirit of Travel - Bespoke Travel Planning | Low | 1,340 subs | med 365 views | 0 uploads/90d | travel (0.86) | sells=False
[929/1024] https://www.youtube.com/@stephanieecoxx
      Stephanie Cox | Mid | 12,000 subs | med 4,100 views | 11 uploads/90d | lifestyle_vlog (0.38) | sells=False
[930/1024] https://www.youtube.com/@steve-marsh
      SteveMarsh | High | 396,000 subs | med 208,000 views | 20 uploads/90d | travel (0.86) | sells=True
[931/1024] https://www.youtube.com/@steveandcarole
      steve and carole vano | Mid | 23,300 subs | med 18,000 views | 30 uploads/90d | travel (1.0) | sells=False
[932/1024] https://www.youtube.com/@strictlydumpling
      Strictly Dumpling | High | 4,290,000 subs | med 191,000 views | 21 uploads/90d | food (0.82) | sells=True
[933/1024] https://www.youtube.com/@strictlydumplingshorts
      Mike Chen Clips & BEST Eats | Mid | 142,000 subs | med 126,000 views | 30 uploads/90d | food (0.64) | sells=False
[934/1024] https://www.youtube.com/@summerandmattvlogs
      Summer & Matt | Low | 10,300 subs | med 10,000 views | 2 uploads/90d | travel (0.78) | sells=False
[935/1024] https://www.youtube.com/@survivalinthewild-l4j
      Survival In The Wild | Mid | 8,050 subs | med 1,400 views | 3 uploads/90d | travel (0.67) | sells=False
[936/1024] https://www.youtube.com/@susznarchives
      susan | Mid | 2,520 subs | med 331 views | 6 uploads/90d | lifestyle_vlog (0.64) | sells=True
[937/1024] https://www.youtube.com/@takeofflee
      Takeoff Lee | Low | 44,800 subs | med 2,100 views | 5 uploads/90d | tech (0.33) | sells=False
[938/1024] https://www.youtube.com/@tampabay28
      Tampa Bay 28 | Mid | 1,050,000 subs | med 0 views | 12 uploads/90d | no niche (0.0) | sells=False
[939/1024] https://www.youtube.com/@tarahenderson
      Tara Henderson | Mid | 790,000 subs | med 32,000 views | 17 uploads/90d | lifestyle_vlog (0.88) | sells=False
[940/1024] https://www.youtube.com/@tashandbrad
      Tash and Brad | Mid | 5,700 subs | med 543 views | 9 uploads/90d | travel (0.5) | sells=False
[941/1024] https://www.youtube.com/@tatiana_andreatta
      Tatiana Andreatta | Low | 666 subs | med 117 views | 1 uploads/90d | travel (0.75) | sells=False
[942/1024] https://www.youtube.com/@taylorwynn
      Taylor Wynn | Mid | 860,000 subs | med 49,000 views | 12 uploads/90d | lifestyle_vlog (0.53) | sells=False
[943/1024] https://www.youtube.com/@telitevu
      Elite | Mid | 8,660 subs | med 2,700 views | 4 uploads/90d | lifestyle_vlog (0.67) | sells=False
[944/1024] https://www.youtube.com/@the.ringard
      The Ringard | Low | 216 subs | med 165 views | 6 uploads/90d | travel (0.9) | sells=False
[945/1024] https://www.youtube.com/@the_jnlt_channel
      The JNLT Channel | Low | 12,900 subs | med 1,400 views | 8 uploads/90d | travel (0.42) | sells=False
[946/1024] https://www.youtube.com/@theanitasone
      The Anita Söne | Mid | 14,000 subs | med 3,100 views | 0 uploads/90d | travel (0.62) | sells=False
[947/1024] https://www.youtube.com/@thechicatravelista
      The Chica Travelista | Low | 2,310 subs | med 120 views | 0 uploads/90d | travel (1.0) | sells=False
[948/1024] https://www.youtube.com/@thedanielbotero
      Daniel Botero | Mid | 598 subs | med 85 views | 18 uploads/90d | business (0.44) | sells=False
[949/1024] https://www.youtube.com/@theellmersadventures
      The Ellmers Adventures | Mid | 1,070 subs | med 132 views | 9 uploads/90d | travel (1.0) | sells=False
[950/1024] https://www.youtube.com/@theincrediblewilsons
      The Incredible Wilsons | Low | 16,700 subs | med 8,700 views | 17 uploads/90d | travel (0.36) | sells=False
[951/1024] https://www.youtube.com/@thejadamarie
      Jada Marie | Low | 365,000 subs | med 18,000 views | 2 uploads/90d | travel (0.53) | sells=False
[952/1024] https://www.youtube.com/@theleanbeefpatty
      LeanBeefPatty | Low | 3,040,000 subs | med 228,000 views | 13 uploads/90d | fitness (0.5) | sells=False
[953/1024] https://www.youtube.com/@themickeywikioffical
      themickeywiki | Low | 336 subs | med 4,000 views | 0 uploads/90d | travel (1.0) | sells=False
[954/1024] https://www.youtube.com/@themirandasadventure3797
      The Miranda's Adventures | Mid | 591 subs | med 303 views | 2 uploads/90d | travel (0.67) | sells=False
[955/1024] https://www.youtube.com/@thepakspan
      Pakspan | Mid | 32,200 subs | med 21,000 views | 13 uploads/90d | travel (0.75) | sells=False
[956/1024] https://www.youtube.com/@theprivatetourguide9170
      The Private Tour Guide | Low | 12 subs | med 399 views | 0 uploads/90d | lifestyle_vlog (1.0) | sells=False
[957/1024] https://www.youtube.com/@therealbrianmark
      Brian Mark | Mid | 29,000 subs | med 461 views | 30 uploads/90d | business (1.0) | sells=False
[958/1024] https://www.youtube.com/@thesicilianvillacompany8596
      The Sicilian Villa Company | Low | 2 subs | med 0 views | 0 uploads/90d | no niche (0.0) | sells=False
[959/1024] https://www.youtube.com/@thetravelcoaches
      The Travel Coaches | Mid | 77,300 subs | med 33,000 views | 4 uploads/90d | travel (0.92) | sells=False
[960/1024] https://www.youtube.com/@thetravelingtalls
      The Traveling Talls | Mid | 3,320 subs | med 3,200 views | 3 uploads/90d | travel (0.86) | sells=False
[961/1024] https://www.youtube.com/@thewanderlustjetsetter9342
      The Wanderlust Jetsetter | Mid | 3,510 subs | med 4,400 views | 11 uploads/90d | travel (0.9) | sells=False
[962/1024] https://www.youtube.com/@thriftytraveler
      Thrifty Traveler | Mid | 17,200 subs | med 3,900 views | 21 uploads/90d | travel (0.8) | sells=False
[963/1024] https://www.youtube.com/@tia-clairtoomeyshaneorr5705
      Tia-Clair Toomey & Shane Orr | Mid | 237,000 subs | med 70,000 views | 1 uploads/90d | fitness (0.73) | sells=False
[964/1024] https://www.youtube.com/@tibordelgrosso
      Tibor Del Grosso | Low | 22,000 subs | med 11,000 views | 1 uploads/90d | tech (0.82) | sells=False
[965/1024] https://www.youtube.com/@timandfin
      TIM and FIN | Mid | 255,000 subs | med 159,000 views | 1 uploads/90d | travel (0.64) | sells=False
[966/1024] https://www.youtube.com/@tipsfortravellers
      Tips For Travellers | High | 514,000 subs | med 137,000 views | 14 uploads/90d | travel (1.0) | sells=True
[967/1024] https://www.youtube.com/@tltravel
      TL Travel | Mid | 7,200 subs | med 2,100 views | 0 uploads/90d | travel (0.93) | sells=False
[968/1024] https://www.youtube.com/@toneandtighten
      Tone and Tighten | Mid | 3,320,000 subs | med 55,500 views | 19 uploads/90d | fitness (0.75) | sells=False
[969/1024] https://www.youtube.com/@topthingsyt
      Top Things | Mid | 1,390,000 subs | med 38,000 views | 30 uploads/90d | fitness (0.5) | sells=False
[970/1024] https://www.youtube.com/@tourpreneur
      Tourpreneur | Mid | 2,170 subs | med 52 views | 16 uploads/90d | business (0.43) | sells=False
[971/1024] https://www.youtube.com/@trainerwinny
      trainer winny | Mid | 936,000 subs | med 99,000 views | 8 uploads/90d | fitness (0.86) | sells=False
[972/1024] https://www.youtube.com/@travedeus
      Travedeus | Low | 1,750 subs | med 240 views | 0 uploads/90d | travel (0.6) | sells=False
[973/1024] https://www.youtube.com/@travelTimeAdventures
      TravelTime | Mid | 12,900 subs | med 2,400 views | 22 uploads/90d | travel (0.8) | sells=False
[974/1024] https://www.youtube.com/@traveladvisor.
      Travel Advisor | Mid | 53,900 subs | med 7,700 views | 0 uploads/90d | travel (0.9) | sells=False
[975/1024] https://www.youtube.com/@travelagenthaven
      Travel Agent Haven | Mid | 7,400 subs | med 1,400 views | 5 uploads/90d | travel (0.87) | sells=False
[976/1024] https://www.youtube.com/@traveldolce5153
      Travel Dolce | Low | 203 subs | med 38 views | 0 uploads/90d | lifestyle_vlog (0.83) | sells=True
[977/1024] https://www.youtube.com/@traveleaz
      Travel Eaz | Mid | 20,200 subs | med 1,500 views | 6 uploads/90d | travel (0.67) | sells=False
[978/1024] https://www.youtube.com/@travellingtuesdays
      Travelling Tuesdays TV by Abena | Mid | 11,700 subs | med 912 views | 11 uploads/90d | travel (1.0) | sells=False
[979/1024] https://www.youtube.com/@travellyman
      Travelly Man | Mid | 5,510 subs | med 3,500 views | 6 uploads/90d | travel (1.0) | sells=False
[980/1024] https://www.youtube.com/@travelmorepodcast
      Travel More | Low | 18 subs | med 10 views | 0 uploads/90d | travel (1.0) | sells=False
[981/1024] https://www.youtube.com/@travels_wright
      Travel Wright | Low | 5,610 subs | med 9,500 views | 1 uploads/90d | travel (0.75) | sells=False
[982/1024] https://www.youtube.com/@travelsworldguidecom
      Travels World Guide | Low | 9 subs | med 41 views | 0 uploads/90d | travel (1.0) | sells=False
[983/1024] https://www.youtube.com/@traveltractions
      TravelTractions | Tourism Marketing | Matt Davison | Mid | 889 subs | med 221 views | 16 uploads/90d | travel (0.91) | sells=False
[984/1024] https://www.youtube.com/@traveluxeproluxurytravel5626
      Traveluxepro LuxuryTravel | Low | 52 subs | med 37 views | 0 uploads/90d | travel (1.0) | sells=False
[985/1024] https://www.youtube.com/@travelwright3124
      TravelWright | Low | 1,610 subs | med 4,900 views | 0 uploads/90d | travel (1.0) | sells=False
[986/1024] https://www.youtube.com/@tristantakevideo
      tristantakevideo | Mid | 87,400 subs | med 75,000 views | 3 uploads/90d | fitness (0.33) | sells=False
[987/1024] https://www.youtube.com/@trovexgo8076
      trovexgo | Low | 4,810 subs | med 169 views | 25 uploads/90d | travel (1.0) | sells=False
[988/1024] https://www.youtube.com/@tulelaroyaltytravels
      Tulela Royalty Travels | Low | 124 subs | med 398 views | 0 uploads/90d | travel (1.0) | sells=False
[989/1024] https://www.youtube.com/@tuscanynowandmore
      Tuscany Now & More | Low | 1,420 subs | med 0 views | 0 uploads/90d | no niche (0.0) | sells=False
[990/1024] https://www.youtube.com/@twobirdbrains
      twobirdbrains | Low | 2,080 subs | med 19,000 views | 0 uploads/90d | travel (1.0) | sells=False
[991/1024] https://www.youtube.com/@urmomsushi
      urmomsushi | Low | 551,000 subs | med 122,000 views | 5 uploads/90d | lifestyle_vlog (0.4) | sells=False
[992/1024] https://www.youtube.com/@vagabondireland
      Vagabond Tours of Ireland | Mid | 1,180 subs | med 2,400 views | 0 uploads/90d | travel (0.5) | sells=False
[993/1024] https://www.youtube.com/@via.ilyouu
      Via Li | Low | 1,180,000 subs | med 258,000 views | 10 uploads/90d | travel (0.42) | sells=False
[994/1024] https://www.youtube.com/@vibesofsoumi
      vibes of soumi | Low | 156,000 subs | med 11,000 views | 1 uploads/90d | lifestyle_vlog (0.62) | sells=False
[995/1024] https://www.youtube.com/@vloggytravels
      Vloggy Travels | Low | 388 subs | med 10 views | 0 uploads/90d | travel (0.9) | sells=False
[996/1024] https://www.youtube.com/@webbyYT
      Webby | Mid | 352,000 subs | med 436,000 views | 0 uploads/90d | tech (0.6) | sells=True
[997/1024] https://www.youtube.com/@welshgingerhobo
      Welsh Ginger Hobo | Low | 6,030 subs | med 117 views | 18 uploads/90d | food (0.33) | sells=False
[998/1024] https://www.youtube.com/@wfmynews2
      WFMY News 2 | Mid | 143,000 subs | med 0 views | 3 uploads/90d | no niche (0.0) | sells=False
[999/1024] https://www.youtube.com/@wheresbeccaat
      Becca Becca | Low | 57,900 subs | med 26,000 views | 1 uploads/90d | running_endurance (0.38) | sells=False
[1000/1024] https://www.youtube.com/@which
      Which? | Mid | 112,000 subs | med 355 views | 4 uploads/90d | finance (0.6) | sells=False
[1001/1024] https://www.youtube.com/@whoknowswhere
      Who Knows Where | High | 30,000 subs | med 9,100 views | 30 uploads/90d | travel (0.92) | sells=True
[1002/1024] https://www.youtube.com/@wishuponadisney
      Wish Upon a Disney! - Susan Silva | Low | 6,290 subs | med 208 views | 7 uploads/90d | travel (0.5) | sells=False
[1003/1024] https://www.youtube.com/@workoutwithgina
      WORKOUT WITH GINA | Low | 256,000 subs | med 11,000 views | 11 uploads/90d | fitness (0.5) | sells=False
[1004/1024] https://www.youtube.com/@yogawithadriene
      Yoga With Adriene | Mid | 13,700,000 subs | med 438,000 views | 13 uploads/90d | lifestyle_vlog (1.0) | sells=False
[1005/1024] https://www.youtube.com/@yogawithkassandra
      Yoga with Kassandra | Mid | 3,330,000 subs | med 135,000 views | 10 uploads/90d | fitness (0.5) | sells=True
[1006/1024] https://www.youtube.com/@yogawithtim
      Yoga With Tim | Mid | 537,000 subs | med 50,000 views | 12 uploads/90d | lifestyle_vlog (0.67) | sells=False
[1007/1024] https://www.youtube.com/@yourexperienceguide
      Your Experience Guide | Mid | 57,100 subs | med 5,300 views | 26 uploads/90d | travel (1.0) | sells=False
[1008/1024] https://www.youtube.com/@zachrachandlife
      Zach, Rach & Life | Mid | 1,290 subs | med 594 views | 5 uploads/90d | travel (0.88) | sells=False
[1009/1024] https://www.youtube.com/@zacktelander
      Zack Telander | Mid | 244,000 subs | med 24,000 views | 1 uploads/90d | fitness (0.78) | sells=False
[1010/1024] https://www.youtube.com/@zarahammens
      Zara Hemmens | Low | 2 subs | med 0 views | 0 uploads/90d | no niche (0.0) | sells=False
[1011/1024] https://www.youtube.com/allinclusivereviews
      All Inclusive Reviews | Mid | 14,200 subs | med 4,800 views | 0 uploads/90d | travel (0.75) | sells=False
[1012/1024] https://www.youtube.com/c/FamilyTravelVlog
      Family Travel Vlog | Low | 1,300 subs | med 195 views | 0 uploads/90d | travel (0.67) | sells=False
[1013/1024] https://www.youtube.com/channel/UCC-y15yM_QugIyqxW2mOIUQ
      BENIDORM TODAY | Low | 8,880 subs | med 761 views | 0 uploads/90d | travel (0.67) | sells=False
[1014/1024] https://www.youtube.com/channel/UCD6Fz9CH8jS7xlnqvw2Eqdg
      MMT Holiday Expert | Low | 479 subs | med 930 views | 0 uploads/90d | travel (0.89) | sells=False
[1015/1024] https://www.youtube.com/channel/UCVXrSJ-_jr3jkJjsgcZFocw
      Benidorm Channel | Mid | 10,800 subs | med 2,600 views | 1 uploads/90d | travel (0.86) | sells=False
[1016/1024] https://www.youtube.com/channel/UCY4ZDNCKpgSlJYvYSZZRRew
      American Authors | Mid | 896,000 subs | med 23,500 views | 0 uploads/90d | food (1.0) | sells=False
[1017/1024] https://www.youtube.com/channel/UCZOL4SHrFofhaBpxhwsJJCw
      Benidorm by Ana | Mid | 25,900 subs | med 5,500 views | 30 uploads/90d | travel (1.0) | sells=False
[1018/1024] https://www.youtube.com/channel/UCauClR6XOj9ePThlSVWa37A
      Honest Holiday Review | Low | 2,310 subs | med 5,300 views | 2 uploads/90d | travel (1.0) | sells=False
[1019/1024] https://www.youtube.com/channel/UCc4K7bAqpdBP8jh1j9XZAww
      The Beatles | Mid | 9,740,000 subs | med 1,000,000 views | 3 uploads/90d | food (1.0) | sells=False
[1020/1024] https://www.youtube.com/channel/UChwu4PBz5szHzZsQe9lPfHw
      TRAVEL BOX B2B HOLIDAY EXPERT | Low | 17 subs | med 29 views | 0 uploads/90d | travel (1.0) | sells=False
[1021/1024] https://www.youtube.com/channel/UCk-EPn3z3XT7DBrJseqMknQ
      Vlog Benidorm | Low | 0 subs | med 0 views | 0 uploads/90d | no niche (0.0) | sells=False
[1022/1024] https://www.youtube.com/channel/UCkhvsUsHkQv1PDWVl7-9Bvg
      TVRemix | Low | 1,490 subs | med 1,000 views | 5 uploads/90d | no niche (0.0) | sells=False
[1023/1024] https://www.youtube.com/channel/UCpnRH1jL_EKoVv5VWoyiB0A
      Paul and Carole Love to Travel | High | 33,900 subs | med 4,400 views | 17 uploads/90d | travel (0.62) | sells=True
[1024/1024] https://www.youtube.com/channel/UCzLOkHF0r_N9RaNNFisv9ag
      HasWings | Low | 1,820 subs | med 15 views | 0 uploads/90d | travel (1.0) | sells=False

1014 leads -> more_leads.csv  {'High': 43, 'Mid': 612, 'Low': 359}
