Creator Name,Channel Link,Email,Do They Sell a Product,Product Type,Niche,Average Views Per Video,Subscriber Count,Value Rating,Editing Weak Spots,Editing Strengths,Personality Type / On-Camera Presence,Outreach Sent,Reply Received,Meeting Booked,Deal Closed,Rate / Retainer Value,channel_id,uploads_90d,days_since_last_upload,median_views,views_trend,views_to_subs,has_monetization,has_sponsors,monetization_signals,product_price_seen,niche_consistency,email_source,latest_video_url,top_video_url,roti_reasons,needs_review,sample_size_used,views_are_rounded,dates_are_bucketed,scraped_at
All The Gear,https://www.youtube.com/@AllThe_Gear,contact@allthegear.shop,Yes,coaching_or_program,outdoors,509800,462000,High,,,,,,,,,UCSwl4SnA68L8iDfj5gBf-yA,12,5,433000,0.74,1.1035,True,False,merch; cal.com; ebook,,0.8,video_description,https://www.youtube.com/watch?v=fGxfLqt5CVM,https://www.youtube.com/watch?v=klLUGb-_a8I,"sells a product, uploads consistently, clear niche, views over threshold",True,15,True,True,2026-10-06T15:31:29+00:00
Narrator,https://www.youtube.com/@NarratorWins,,Yes,merch,fitness,348800,1460000,High,,,,,,,,,UCAYfH3griedXBdJX0awJTCg,18,1,332000,1.7,0.2389,True,False,merch,,1.0,manual,https://www.youtube.com/watch?v=u_oq1RCL0CU,https://www.youtube.com/watch?v=zuEhxmb2DKM,"sells a product, uploads consistently, clear niche, views over threshold",True,15,True,True,2026-10-06T15:37:39+00:00
Justin Taylor,https://www.youtube.com/@Justin_Taylor,justin.taylor@jmtsquaredmedia.com,Yes,merch,food,334285,324000,High,,,,,,,,,UCLmZyirq7EaKhseDeTGLamw,17,2,301000,0.71,1.0317,True,False,merch; program,,1.0,channel_description,https://www.youtube.com/watch?v=jzMMwTpyuX8,https://www.youtube.com/watch?v=YQId-AoU44Q,"sells a product, uploads consistently, clear niche, views over threshold",True,15,True,True,2026-10-06T15:38:10+00:00
Hakan Karahan Doğada,https://www.youtube.com/@BushcraftHakankarahan,,Yes,merch,outdoors,549533,908000,High,,,,,,,,,UCCuCK2C7GZJYs7dtD4wkDLQ,13,2,232000,1.69,0.6052,True,False,merch; ebook,,1.0,manual,https://www.youtube.com/watch?v=ai4OaE3ESb4,https://www.youtube.com/watch?v=UiqZAsLCN3A,"one video is carrying the average; sells a product, uploads consistently, clear niche, views over threshold",True,15,True,True,2026-10-06T15:29:54+00:00
Wilson Forest Lands,https://www.youtube.com/@WilsonForestLands,,Yes,community_or_membership,food,258666,363000,High,,,,,,,,,UCB_ZWwxtSoX2Y7smVA4r-DQ,16,4,219000,1.46,0.7126,True,False,patreon.com; ebook,,1.0,manual,https://www.youtube.com/watch?v=iiSUc97ooAM,https://www.youtube.com/watch?v=QCTUlxGpxrs,"sells a product, uploads consistently, clear niche, views over threshold",True,15,True,True,2026-10-06T15:34:43+00:00
Saucy Seth,https://www.youtube.com/@SaucySeth,Treavor@brandedindependent.com,Yes,community_or_membership,outdoors,172533,142000,High,,,,,,,,,UCQuZZiOjrdQPmtg1sw7-VaA,13,2,149000,1.72,1.215,True,True,patreon.com; ebook; sponsor read,,0.62,channel_description,https://www.youtube.com/watch?v=UtkgRbd59sk,https://www.youtube.com/watch?v=v30ND8gkgkA,"sells a product, uploads consistently, clear niche, views over threshold",True,15,True,True,2026-10-06T15:29:06+00:00
Botanik Bushcraft Survival,https://www.youtube.com/@botanik6140,,Yes,community_or_membership,outdoors,190933,704000,High,,,,,,,,,UCn1Phyl0KQc3fa6TZBZXkFg,11,1,138000,1.37,0.2712,True,False,patreon.com,,1.0,manual,https://www.youtube.com/watch?v=4zZhpgolZk4,https://www.youtube.com/watch?v=0Sb0dGfyPEU,"sells a product, uploads consistently, clear niche, views over threshold",True,15,True,True,2026-10-06T15:41:36+00:00
Hell on Earth,https://www.youtube.com/@upthehoe,,Yes,merch,outdoors,118266,290000,High,,,,,,,,,UCu0HvCbIS1SwTJm5kzLg6AQ,13,2,105000,1.02,0.4078,True,False,merch,,0.75,manual,https://www.youtube.com/watch?v=aCHXdS9DgOg,https://www.youtube.com/watch?v=aBk5uvi8s-I,"sells a product, uploads consistently, clear niche, views over threshold",True,15,True,True,2026-10-06T15:31:13+00:00
TrailRecon,https://www.youtube.com/@TrailRecon,,Yes,community_or_membership,outdoors,113800,687000,High,,,,,,,,,UCEEgz9PD6iTRSB0VXNbWvRw,14,4,103000,0.81,0.1656,True,False,patreon.com; ebook,,1.0,manual,https://www.youtube.com/watch?v=DjjLUhnGrls,https://www.youtube.com/watch?v=LA68kMRcEbk,"sells a product, uploads consistently, clear niche, views over threshold",True,15,True,True,2026-10-06T15:50:24+00:00
TheOutdoorGearReview,https://www.youtube.com/@TheOutdoorGearReview,,Yes,community_or_membership,outdoors,99466,769000,High,,,,,,,,,UCpmbA7yNOl7aTj_ffkaWWag,30,1,81000,1.13,0.1293,True,False,patreon.com; merch; ebook; amzn.to; commission on,,0.78,manual,https://www.youtube.com/watch?v=8ddBBI01qGQ,https://www.youtube.com/watch?v=8ddBBI01qGQ,"sells a product, uploads consistently, clear niche, views over threshold",True,15,True,True,2026-10-06T15:30:18+00:00
Dirt Lifestyle,https://www.youtube.com/@DirtLifestyle,,Yes,community_or_membership,outdoors,81545,446000,High,,,,,,,,,UCsHjcTCLYpzkGcs_TJPgGkA,17,8,71000,0.9,0.1828,True,False,patreon.com; ebook; amazon.com/shop; affiliate,,1.0,manual,https://www.youtube.com/watch?v=-rxahgzB15Y,https://www.youtube.com/watch?v=hYw79zdyK6g,"sells a product, uploads consistently, clear niche, views over threshold",True,15,True,True,2026-10-06T15:50:47+00:00
Good Bloke Outdoors,https://www.youtube.com/@GoodBlokeOutdoors,Contact@GoodBlokeOutdoors.com,Yes,community_or_membership,outdoors,45533,70000,High,,,,,,,,,UCMdq55gplLQq0RHKh5GZAOQ,15,1,40000,1.32,0.6505,True,True,patreon.com; merch; ebook; sponsor read,,0.67,channel_description,https://www.youtube.com/watch?v=7PUlgfF05LY,https://www.youtube.com/watch?v=-mzeYVLtY0A,"sells a product, uploads consistently, clear niche, views over threshold",True,15,True,True,2026-10-06T15:23:01+00:00
Haze Outdoors,https://www.youtube.com/@HazeOutdoors,,Yes,community_or_membership,outdoors,48933,134000,High,,,,,,,,,UCDzwHsfeQcQJ_0FDnLheU9w,10,7,34000,0.68,0.3652,True,True,patreon.com; ebook; sponsor read,,0.93,manual,https://www.youtube.com/watch?v=EET3rGKkPzg,https://www.youtube.com/watch?v=m176XMF3Amw,"sells a product, uploads consistently, clear niche, views over threshold",True,15,True,True,2026-10-06T15:23:41+00:00
CrazyQuady,https://www.youtube.com/@CrazyQuady,,Yes,merch,outdoors,39200,159000,High,,,,,,,,,UCWL3pDZHnkGA4-_bxCUVQ_A,18,8,34000,1.03,0.2465,True,False,merch; amzn.to; affiliate,,0.93,manual,https://www.youtube.com/watch?v=mVWPREsnPI4,https://www.youtube.com/watch?v=mVWPREsnPI4,"sells a product, uploads consistently, clear niche, views over threshold",True,15,True,True,2026-10-06T15:28:12+00:00
Love Sundays,https://www.youtube.com/@LoveSundays,lovesundays@ruthlesstalent.com,Yes,community_or_membership,outdoors,25800,169000,High,,,,,,,,,UCabRotzKhKP1Xa7zDH9XHHQ,13,2,24000,1.09,0.1527,True,False,patreon.com; ebook; amzn.to,,0.91,channel_description,https://www.youtube.com/watch?v=p0kC5O0lUbE,https://www.youtube.com/watch?v=jQ3jIMIl3Ro,"sells a product, uploads consistently, clear niche, views over threshold",True,15,True,True,2026-10-06T15:52:20+00:00
gideonstactical,https://www.youtube.com/@gideonstactical,,Yes,community_or_membership,finance,25326,307000,High,,,,,,,,,UC9ULRTHvszrMpy3kDT-KDIQ,30,2,16000,0.58,0.0825,True,False,patreon.com; ebook; amzn.to; amazon.com/shop; affiliate,,0.75,manual,https://www.youtube.com/watch?v=zDLxA28YF0w,https://www.youtube.com/watch?v=Z3rpmEXe-uU,"sells a product, uploads consistently, clear niche, views over threshold",True,15,True,True,2026-10-06T15:35:31+00:00
Weekend Sidequest,https://www.youtube.com/@weekendsidequest,,Yes,merch,outdoors,16453,14200,High,,,,,,,,,UCC8U0I2nDZInYMZKR_F2ROg,13,3,14000,0.9,1.1587,True,False,merch; amzn.to; affiliate,,0.93,manual,https://www.youtube.com/watch?v=pg9fXXU8O1c,https://www.youtube.com/watch?v=RDkmjdMykXM,"sells a product, uploads consistently, clear niche, views over threshold",True,15,True,True,2026-10-06T15:30:34+00:00
A Quiet Place Adventures,https://www.youtube.com/@AQuietPlaceAdventures,,Yes,community_or_membership,outdoors,12666,59500,High,,,,,,,,,UCLb-FZKfMVk67OLFby6O50A,14,1,11000,1.14,0.2129,True,False,patreon.com; merch; program; ebook; amzn.to; affiliate,,0.93,manual,https://www.youtube.com/watch?v=vSVi1veNT78,https://www.youtube.com/watch?v=Pwvx8U3Y5PY,"sells a product, uploads consistently, clear niche, views over threshold",True,15,True,True,2026-10-06T15:31:45+00:00
ON Three,https://www.youtube.com/@ONThree,,Yes,community_or_membership,outdoors,8406,117000,High,,,,,,,,,UCcD-nE73DcGtBNAav4OnKig,26,1,7400,1.12,0.0718,True,False,patreon.com; ebook,,0.91,manual,https://www.youtube.com/watch?v=7dFvtToDN6M,https://www.youtube.com/watch?v=satD1ck7eJQ,"sells a product, uploads consistently, clear niche, views over threshold",True,15,True,True,2026-10-06T15:40:46+00:00
Ramdino Hiking the Trails,https://www.youtube.com/@Ramdinohikes,,Yes,coaching_or_program,outdoors,5240,22500,High,,,,,,,,,UCGAM_tlf2QiicHxk0gfsPGA,30,1,5700,0.82,0.2329,True,False,patreon.com; merch; calendly.com; coaching; ebook; affiliate,,1.0,manual,https://www.youtube.com/watch?v=yiZjkH7B5BM,https://www.youtube.com/watch?v=5H5bxTR1UOw,"sells a product, uploads consistently, clear niche, views over threshold",True,15,True,True,2026-10-06T15:57:35+00:00
Nadine Walks,https://www.youtube.com/@NadineWalks,,Yes,community_or_membership,travel,8253,22000,High,,,,,,,,,UCiYVkjL4gqcNxv8AaiOgVtQ,14,2,5000,1.02,0.3751,True,False,patreon.com; amzn.to; affiliate,,0.67,manual,https://www.youtube.com/watch?v=mwWhV8J7SHA,https://www.youtube.com/watch?v=2F_uOM3caXY,"sells a product, uploads consistently, clear niche, views over threshold",True,15,True,True,2026-10-06T15:57:11+00:00
Outdoor Boys,https://www.youtube.com/@OutdoorBoys,,No,none,outdoors,20306666,20700000,Mid,,,,,,,,,UCfpCQ89W9wjkHc8J_6eTbBg,0,304,19000000,1.03,0.981,True,False,ebook,,1.0,manual,https://www.youtube.com/watch?v=KbahC-QCKU8,https://www.youtube.com/watch?v=7EgTPPduIQE,monetized but missing at least one High criterion,False,15,True,True,2026-10-06T15:23:10+00:00
Polissya Bushcraft,https://www.youtube.com/@PolissyaBushcraft,,No,none,outdoors,11860000,1290000,Mid,,,,,,,,,UCHzgq6ux-khWo1noTEnUYXw,3,30,8800000,0.86,9.1938,True,False,ebook,,1.0,manual,https://www.youtube.com/watch?v=7_0xIuiKdjM,https://www.youtube.com/watch?v=rhrh8LU1lDU,monetized but missing at least one High criterion,False,15,True,True,2026-10-06T15:39:51+00:00
Hangtime,https://www.youtube.com/@Hangtime37,,No,none,travel,7900000,4040000,Mid,,,,,,,,,UC3wc2MERkKAqNEtaiQslC-A,3,10,6300000,1.01,1.9554,False,False,,,0.75,manual,https://www.youtube.com/watch?v=lNf-JrfbR2A,https://www.youtube.com/watch?v=dakebYDWN6Q,"no monetization found, check link hubs and the About page by hand",True,15,True,True,2026-10-06T15:51:58+00:00
Dantic,https://www.youtube.com/@DanticYT,danticyt@gmail.com,No,sponsors_only,travel,10233333,3500000,Mid,,,,,,,,,UCNNdYhLEd4aAivW_V9GNOMQ,2,30,5800000,0.42,2.9238,True,True,sponsor read,,0.67,video_description,https://www.youtube.com/watch?v=3uRYN1bBdUA,https://www.youtube.com/watch?v=jdmPSjon6w4,monetized but missing at least one High criterion,False,15,True,True,2026-10-06T15:51:49+00:00
Mrwhosetheboss,https://www.youtube.com/@Mrwhosetheboss,,No,affiliate_only,running_endurance,4833333,23000000,Mid,,,,,,,,,UCMiJRAwDNSNzuYeN2uWa0pA,12,14,4099999,0.85,0.2101,True,True,amzn.to; affiliate; sponsor read,,0.4,manual,https://www.youtube.com/watch?v=ObqHKHoSE5Y,https://www.youtube.com/watch?v=s7aOJYueEtI,monetized but missing at least one High criterion,False,15,True,True,2026-10-06T15:31:53+00:00
Cyprien Outdoor Adventures,https://www.youtube.com/@CyprienAdventures,cyprien.adventures@gmail.com,No,none,outdoors,27584000,2930000,Mid,,,,,,,,,UCwFCb4jeqaKWnciAYM-ZVHg,2,7,3300000,4.14,9.4143,True,False,ebook,,1.0,video_description,https://www.youtube.com/watch?v=skcqFTi3s_A,https://www.youtube.com/watch?v=skcqFTi3s_A,one video is carrying the average; monetized but missing at least one High criterion,True,15,True,True,2026-10-06T15:42:00+00:00
Westen Champlin,https://www.youtube.com/@WestenChamplin,,No,none,travel,2886666,5900000,Mid,,,,,,,,,UChRlaISXbl2gECFAmDzxgzg,13,3,2800000,0.96,0.4893,True,False,ebook,,0.33,manual,https://www.youtube.com/watch?v=uoyLhTQ4f-c,https://www.youtube.com/watch?v=2Dj0JjuKkJk,monetized but missing at least one High criterion,False,15,True,True,2026-10-06T15:52:59+00:00
Joe Bartolozzi,https://www.youtube.com/@JoeBartolozzi,,No,sponsors_only,business,2713333,6020000,Mid,,,,,,,,,UCGRryxFxjXbVAtBPE9EbyMg,30,0,2400000,0.98,0.4507,True,True,sponsor read,,1.0,manual,https://www.youtube.com/watch?v=mOdYc6ZA_N4,https://www.youtube.com/watch?v=j706EYnY9Lw,monetized but missing at least one High criterion,False,15,True,True,2026-10-06T15:30:49+00:00
Dianxi Xiaoge,https://www.youtube.com/@dianxixiaoge,,No,none,food,2847133,12400000,Mid,,,,,,,,,UCQG_fzADCunBTV1KwjkfAQQ,10,6,2400000,2.0,0.2296,True,False,ebook,,0.62,manual,https://www.youtube.com/watch?v=PRVUZDtjAgk,https://www.youtube.com/watch?v=ayWrUuDxNZk,monetized but missing at least one High criterion,False,15,True,True,2026-10-06T15:43:42+00:00
Nico Grigg,https://www.youtube.com/@nicogrigg,nicogriggbusiness@gmail.com,No,none,travel,2822933,4099999,Mid,,,,,,,,,UCYM6R9hAO4bOixJ2L7uRSQg,4,14,2100000,0.28,0.6885,False,False,,,0.83,video_description,https://www.youtube.com/watch?v=j-MkvfwmHtw,https://www.youtube.com/watch?v=COjRbZg-eKc,"no monetization found, check link hubs and the About page by hand",True,15,True,True,2026-10-06T15:30:41+00:00
Kirin Camp,https://www.youtube.com/@KirinCamp,,No,none,outdoors,3226000,2780000,Mid,,,,,,,,,UC4zNtKX3XTplYQWNFPorvXQ,10,3,2050000,0.28,1.1604,False,False,,,1.0,manual,https://www.youtube.com/watch?v=pbMh5pATa00,https://www.youtube.com/watch?v=gOepkI6OfD8,"no monetization found, check link hubs and the About page by hand",True,15,True,True,2026-10-06T15:24:51+00:00
Steve Wallis,https://www.youtube.com/@campingwithsteve,,No,affiliate_only,outdoors,2149733,2150000,Mid,,,,,,,,,UCSnqXeK94-iNmwqGO__eJ5g,1,28,1600000,0.78,0.9999,True,False,ebook; amzn.to,,0.92,manual,https://www.youtube.com/watch?v=vxKgUgqqY2w,https://www.youtube.com/watch?v=My_eWYEOFmE,monetized but missing at least one High criterion,False,15,True,True,2026-10-06T15:30:26+00:00
Xander Budnick,https://www.youtube.com/@XanderBudnick,,No,none,outdoors,3456000,1980000,Mid,,,,,,,,,UCDoJIpPvtEwFvfNXsZvCqKw,3,3,1500000,1.12,1.7455,False,False,,,1.0,manual,https://www.youtube.com/watch?v=ifCCavfRRFY,https://www.youtube.com/watch?v=56nQjJZIqoU,"one video is carrying the average; no monetization found, check link hubs and the About page by hand",True,15,True,True,2026-10-06T15:25:23+00:00
JStuStudios,https://www.youtube.com/@JStuStudios,JStuStudios@gmail.com,Yes,merch,finance,1507266,3700000,Mid,,,,,,,,,UCv9rbAUUpoW0k8MP2R4UEJA,0,274,1100000,1.6,0.4074,True,False,merch,,0.6,channel_description,https://www.youtube.com/watch?v=MppyFXvPtRI,https://www.youtube.com/watch?v=UPPD-UkfWNM,monetized but missing at least one High criterion,False,15,True,True,2026-10-06T15:32:17+00:00
FISH13,https://www.youtube.com/@FISH13,fish13th@gmail.com,No,none,outdoors,2240733,2920000,Mid,,,,,,,,,UCQnmZZUKvpY3IVSGf44MVVg,11,4,973000,1.09,0.7674,False,False,,,0.93,video_description,https://www.youtube.com/watch?v=F4ggEJUN7os,https://www.youtube.com/watch?v=ZQtYSTYZewk,"one video is carrying the average; no monetization found, check link hubs and the About page by hand",True,15,True,True,2026-10-06T15:28:19+00:00
Quantum Makers,https://www.youtube.com/@QuantumMakers,info@quantummakers.com,No,affiliate_only,outdoors,1609600,19100000,Mid,,,,,,,,,UC4Tklxku1yPcRIH0VVCKoeA,30,1,951000,1.52,0.0843,True,False,affiliate,,0.67,channel_description,https://www.youtube.com/watch?v=-Nx-xg7WuOQ,https://www.youtube.com/watch?v=b5xRXjUnErs,monetized but missing at least one High criterion,False,15,True,True,2026-10-06T15:41:52+00:00
Kyle Hates Hiking,https://www.youtube.com/@KyleHatesHiking,kyle.s.ogrady@gmail.com,No,affiliate_only,travel,893800,988000,Mid,,,,,,,,,UC72zCOrxkfXxZAnqQoS43Qw,9,5,926000,0.62,0.9047,True,True,amzn.to; affiliate; sponsor read,,0.71,channel_description,https://www.youtube.com/watch?v=hYphI0C_xjU,https://www.youtube.com/watch?v=ePBUao5EAvs,monetized but missing at least one High criterion,False,15,True,True,2026-10-06T15:56:55+00:00
Harmen Hoek,https://www.youtube.com/@HarmenHoek,,Yes,community_or_membership,outdoors,1083666,492000,Mid,,,,,,,,,UCWEDG7x8e5jOG1iAjHhz3ng,1,11,758000,1.46,2.2026,True,False,patreon.com,,0.79,manual,https://www.youtube.com/watch?v=zyUvsdI1DxI,https://www.youtube.com/watch?v=TLZOWDF8lqQ,monetized but missing at least one High criterion,False,15,True,True,2026-10-06T15:55:12+00:00
Garand Thumb,https://www.youtube.com/@GarandThumb,,Yes,merch,tech,732066,4620000,Mid,,,,,,,,,UC0RBTQIYLEQbcahZWkmzeTQ,13,1,692000,1.66,0.1585,True,False,merch; ebook,,0.4,manual,https://www.youtube.com/watch?v=rMUD4Ux96Jg,https://www.youtube.com/watch?v=Z_VNnkB-i54,monetized but missing at least one High criterion,False,15,True,True,2026-10-06T15:35:14+00:00
Louis Weisz,https://www.youtube.com/@Weisz,louisweiszbiz+brands@gmail.com,Yes,community_or_membership,food,1196266,744000,Mid,,,,,,,,,UCOMrUmOTPD_AnSivjxptxpA,2,11,635000,1.72,1.6079,True,False,patreon.com; merch,,1.0,channel_description,https://www.youtube.com/watch?v=Dzpy2NYK-80,https://www.youtube.com/watch?v=Dzpy2NYK-80,monetized but missing at least one High criterion,False,15,True,True,2026-10-06T15:31:21+00:00
Dude Life,https://www.youtube.com/@dudelifeofficial,partners@dudelife.com,No,none,outdoors,596666,1160000,Mid,,,,,,,,,UC3U3thfPS3fpfxORwPIfS9g,13,3,570000,0.62,0.5144,False,False,link hub: linktr.ee,,0.82,channel_description,https://www.youtube.com/watch?v=3f9hHz2yeAU,https://www.youtube.com/watch?v=iQkCk-3EEsw,"no monetization found, check link hubs and the About page by hand",True,15,True,True,2026-10-06T15:32:09+00:00
Solo Solo Travel,https://www.youtube.com/@SoloSoloTravel,solosolotravel94@gmail.com,No,none,travel,1051533,1620000,Mid,,,,,,,,,UCtKSBH_lkYBMtTf4QS8YDAQ,6,3,569000,0.91,0.6491,False,False,,,0.86,channel_description,https://www.youtube.com/watch?v=IQpZoMfJygA,https://www.youtube.com/watch?v=KkMiG7n-tgE,"no monetization found, check link hubs and the About page by hand",True,15,True,True,2026-10-06T15:58:35+00:00
Wildcrafted Veronika,https://www.youtube.com/@WildcraftedVeronika,veronikaamazonka1@gmail.com,No,none,outdoors,767866,207000,Mid,,,,,,,,,UC2YenozOQfOUayPoYSELqqg,12,2,549000,0.8,3.7095,True,False,ebook; link hub: linktr.ee,,1.0,channel_description,https://www.youtube.com/watch?v=P8zweOCRcOc,https://www.youtube.com/watch?v=RXWhoYshX6A,monetized but missing at least one High criterion,False,15,True,True,2026-10-06T15:23:33+00:00
Go4x4,https://www.youtube.com/@go4x4media,,Yes,merch,outdoors,797333,1940000,Mid,,,,,,,,,UCOtCKIoHcQvBl1GzRo7Z2SA,7,2,541000,0.72,0.411,True,False,merch; course; ebook; amazon.com/shop,,0.92,manual,https://www.youtube.com/watch?v=xRfY9SkJfYU,https://www.youtube.com/watch?v=7QFbt-SLWIw,monetized but missing at least one High criterion,False,15,True,True,2026-10-06T15:24:13+00:00
주식 포커스,https://www.youtube.com/@%EC%A3%BC%EC%8B%9D_%ED%8F%AC%EC%BB%A4%EC%8A%A4,,No,none,outdoors,6258264,181000,Mid,,,,,,,,,UCMnGGbNS9DRhmPG6LR5VBag,11,8,501600,880.0,34.576,False,False,,,1.0,manual,https://www.youtube.com/watch?v=caWxjk1GqRY,https://www.youtube.com/watch?v=LIvq2vqJKDI,"one video is carrying the average; no monetization found, check link hubs and the About page by hand",True,14,True,True,2026-10-06T15:38:57+00:00
Top Gear,https://www.youtube.com/@TopGear,,No,none,fitness,561600,9550000,Mid,,,,,,,,,UCjOl2AUblVmg2rA_cRgZkFg,24,3,480000,1.06,0.0588,True,False,ebook,,0.5,manual,https://www.youtube.com/watch?v=3Hf3iTCBA-E,https://www.youtube.com/watch?v=faEUdTDQBYw,monetized but missing at least one High criterion,False,15,True,True,2026-10-06T15:38:34+00:00
Donut,https://www.youtube.com/@Donut,,Yes,merch,,866333,9350000,Mid,,,,,,,,,UCL6JmiMXKoXS6bpP1D3bk8g,14,0,474000,1.12,0.0927,True,True,merch; sponsor read; link hub: linktr.ee,,0.0,manual,https://www.youtube.com/watch?v=TH0MwUKNW-g,https://www.youtube.com/watch?v=E8ifdywkI7U,monetized but missing at least one High criterion,False,15,True,True,2026-10-06T15:28:28+00:00
Mav,https://www.youtube.com/@mav,Business@mavmadeit.com,No,affiliate_only,outdoors,635000,2720000,Mid,,,,,,,,,UCL_BZpt0J9Kqwy6YPWr30ow,7,8,452000,1.12,0.2335,True,True,ebook; amazon.com/shop; sponsor read,,1.0,video_description,https://www.youtube.com/watch?v=7A6IYoPGzrQ,https://www.youtube.com/watch?v=3Aqxy8e06Yc,monetized but missing at least one High criterion,False,15,True,True,2026-10-06T15:29:38+00:00
WIRED,https://www.youtube.com/@WIRED,,No,none,,736333,13000000,Mid,,,,,,,,,UCftwRNsjfRo08xYE31tkiyw,30,3,436000,0.39,0.0566,True,False,ebook,,0.0,manual,https://www.youtube.com/watch?v=fLIZslgfIdQ,https://www.youtube.com/watch?v=GkM5zdUHcaQ,monetized but missing at least one High criterion,False,15,True,True,2026-10-06T15:40:30+00:00
Dirty Civilian,https://www.youtube.com/@dirty-civilian,,Yes,community_or_membership,running_endurance,537600,825000,Mid,,,,,,,,,UC7X2IY5-ZHKU83nyb6KejgQ,12,9,433000,1.27,0.6516,True,False,patreon.com; merch; ebook,,0.5,manual,https://www.youtube.com/watch?v=mTJxTg8NAvk,https://www.youtube.com/watch?v=8AJG9mse0XU,monetized but missing at least one High criterion,False,15,True,True,2026-10-06T15:40:37+00:00
MyLifeOutdoors,https://www.youtube.com/@MyLifeOutdoors,info@mylifeoutdoors.com,No,affiliate_only,outdoors,1758333,1250000,Mid,,,,,,,,,UCmor-2SRB1E9dHMbcr397_Q,5,7,403000,0.64,1.4067,True,False,ebook; geni.us; affiliate,,0.8,channel_description,https://www.youtube.com/watch?v=Hz6ttReXvKg,https://www.youtube.com/watch?v=DH_HVTpj2Oo,one video is carrying the average; monetized but missing at least one High criterion,True,15,True,True,2026-10-06T15:25:07+00:00
Field Days,https://www.youtube.com/@FieldDays,,Yes,merch,food,556733,2000000,Mid,,,,,,,,,UCSZwSipmufiBGjFk9q3rD-A,6,9,396000,1.96,0.2784,True,False,merch,,0.5,manual,https://www.youtube.com/watch?v=4ET1FU9ah5s,https://www.youtube.com/watch?v=C1ZCBGx5OB8,monetized but missing at least one High criterion,False,15,True,True,2026-10-06T15:43:50+00:00
Woodsbound Outdoors,https://www.youtube.com/@WoodsboundOutdoors,Woodsboundoutdoors@gmail.com,Yes,digital_product,outdoors,626933,3020000,Mid,,,,,,,,,UCHUbS_UKnPBjJndXpTff4Sg,4,9,380000,1.22,0.2076,True,False,myshopify.com,,0.87,channel_description,https://www.youtube.com/watch?v=qYT73npPLDI,https://www.youtube.com/watch?v=nbsnvjOMvsU,monetized but missing at least one High criterion,False,15,True,True,2026-10-06T15:26:27+00:00
Clay Hayes,https://www.youtube.com/@clayhayeshunter,,No,affiliate_only,outdoors,574533,1000000,Mid,,,,,,,,,UC-eicAkiRdGLguiS1dS_N9Q,4,4,373000,0.74,0.5745,True,False,ebook; amzn.to,,0.83,manual,https://www.youtube.com/watch?v=HvgL1VVnmDg,https://www.youtube.com/watch?v=y4sHmn6Pd3M,monetized but missing at least one High criterion,False,15,True,True,2026-10-06T15:35:22+00:00
The Outsider,https://www.youtube.com/@TheOutsiderCabin,,Yes,merch,outdoors,443000,1210000,Mid,,,,,,,,,UChehL6PYmucEHUS6g2LVFGA,3,21,343000,1.2,0.3661,True,False,merch; spring.com; teespring; ebook,,0.83,manual,https://www.youtube.com/watch?v=MzAF6zfDOQc,https://www.youtube.com/watch?v=-HrKMQGKtGE,monetized but missing at least one High criterion,False,15,True,True,2026-10-06T15:43:34+00:00
MoistCr1TiKaL Gaming,https://www.youtube.com/@MoistCr1TiKaLGamingOfficial,,No,sponsors_only,,330500,1100000,Mid,,,,,,,,,UCxfr3b8IuHSzu22UHnAvHWg,30,1,330500,,0.3005,True,True,sponsor read,,0.0,manual,https://www.youtube.com/watch?v=oRd3uCQTRnU,https://www.youtube.com/watch?v=3miWTyITrX0,monetized but missing at least one High criterion,False,2,True,True,2026-10-06T15:38:42+00:00
4WD 24-7,https://www.youtube.com/@4WD247,,No,none,outdoors,342733,1500000,Mid,,,,,,,,,UCs-vWZu3t2ky3oImX83S_2Q,14,5,320000,1.63,0.2285,True,False,ebook,,0.43,manual,https://www.youtube.com/watch?v=DtqIWel65-8,https://www.youtube.com/watch?v=mAXgx9E1c0I,monetized but missing at least one High criterion,False,15,True,True,2026-10-06T15:50:55+00:00
TechLinked,https://www.youtube.com/@techlinked,partnerships@linusmediagroup.com,No,affiliate_only,food,338000,1980000,Mid,,,,,,,,,UCeeFfhMcJa1kjtfZAGskOCA,30,1,318000,1.09,0.1707,True,False,ebook; affiliate,$1,1.0,channel_description,https://www.youtube.com/watch?v=zi2b39ETs6E,https://www.youtube.com/watch?v=n6ZCr4OvdJU,monetized but missing at least one High criterion,False,15,True,True,2026-10-06T15:38:26+00:00
Expedition Overland,https://www.youtube.com/@ExpeditionOverland,,No,sponsors_only,outdoors,343133,470000,Mid,,,,,,,,,UCiyiTqpss-ihtLHz-juFxIQ,0,91,314000,1.59,0.7301,True,True,sponsor read,,0.75,manual,https://www.youtube.com/watch?v=IoaFnLCzVvA,https://www.youtube.com/watch?v=YbbpYjGhVME,monetized but missing at least one High criterion,False,15,True,True,2026-10-06T15:50:16+00:00
Drew Simms,https://www.youtube.com/@drewsimms,,Yes,merch,outdoors,483866,484000,Mid,,,,,,,,,UCbKrxZRhT99S7QKnqVYMdPA,1,30,297000,1.39,0.9997,True,True,merch; sponsor read,,0.54,manual,https://www.youtube.com/watch?v=vUL8zjlDvh8,https://www.youtube.com/watch?v=zaonoY3occU,monetized but missing at least one High criterion,False,15,True,True,2026-10-06T15:50:39+00:00
Barely Camping,https://www.youtube.com/@BarelyCamping,,No,none,outdoors,556600,122000,Mid,,,,,,,,,UCws7Cb7VJ78PszZiBoGOC8Q,10,3,293000,0.83,4.5623,True,False,ebook,$100,1.0,manual,https://www.youtube.com/watch?v=9awCkXXLE_c,https://www.youtube.com/watch?v=M0DD2gXp1Bk,monetized but missing at least one High criterion,False,15,True,True,2026-10-06T15:32:25+00:00
Linmeimeiyyds,https://www.youtube.com/@Linmeimeiyyds,linmeimeiyyds@outlook.com,No,none,outdoors,1365533,218000,Mid,,,,,,,,,UCymBysLIjCbYK3dfZ_JxGxA,4,12,281000,0.77,6.2639,False,False,,,0.78,channel_description,https://www.youtube.com/watch?v=3PP_Dtrni48,https://www.youtube.com/watch?v=3PP_Dtrni48,"one video is carrying the average; no monetization found, check link hubs and the About page by hand",True,15,True,True,2026-10-06T15:24:59+00:00
Primitive Technology Idea,https://www.youtube.com/@PrimitiveTechnologyIdea,,No,none,outdoors,638133,6500000,Mid,,,,,,,,,UCsXDivUNanYBWgXv9lRZjBw,4,7,271000,0.9,0.0982,True,False,ebook,,1.0,manual,https://www.youtube.com/watch?v=QIDN7OtB7BE,https://www.youtube.com/watch?v=gi3tZurhgDU,one video is carrying the average; monetized but missing at least one High criterion,True,15,True,True,2026-10-06T15:39:58+00:00
Allison Anderson,https://www.youtube.com/@allisonanderson,allison@allisonanderson.com,No,affiliate_only,travel,805600,1060000,Mid,,,,,,,,,UCYSMmZnOy9LEy5jhEgMyddQ,0,365,268000,10.59,0.76,True,False,amzn.to,,1.0,channel_description,https://www.youtube.com/watch?v=OoXs8gHKZw0,https://www.youtube.com/watch?v=EDap9qxb96k,one video is carrying the average; monetized but missing at least one High criterion,True,15,True,True,2026-10-06T15:24:36+00:00
Phat Memer,https://www.youtube.com/@phatmemer69,contact@phatnetwork.co.uk,No,none,travel,315200,210000,Mid,,,,,,,,,UCwPy85bZrLGYDRU3AOSK8Ow,7,10,265000,0.93,1.501,True,False,program,,1.0,channel_description,https://www.youtube.com/watch?v=XeJtN19dEXA,https://www.youtube.com/watch?v=HZvO0rE5gek,monetized but missing at least one High criterion,False,15,True,True,2026-10-06T15:38:02+00:00
Andraz Egart,https://www.youtube.com/@andrazegart,,No,none,outdoors,668266,227000,Mid,,,,,,,,,UCVDHEBOHttEnHHugMCZNwOg,3,10,246000,7.36,2.9439,False,False,,,1.0,manual,https://www.youtube.com/watch?v=1XWdFPOaCsQ,https://www.youtube.com/watch?v=VghuQie0vcY,"one video is carrying the average; no monetization found, check link hubs and the About page by hand",True,15,True,True,2026-10-06T15:42:15+00:00
365 Days in Nature,https://www.youtube.com/@365G%C3%BCnDo%C4%9Faday%C4%B1z,365gundogadayiz@gmail.com,No,sponsors_only,outdoors,399066,714000,Mid,,,,,,,,,UCcjrUIzl_aPGujIfZvQs-7g,7,1,244000,1.67,0.5589,True,True,sponsor read,,1.0,channel_description,https://www.youtube.com/watch?v=d8HzizN-OAk,https://www.youtube.com/watch?v=TVpvdhunzBQ,monetized but missing at least one High criterion,False,15,True,True,2026-10-06T15:25:39+00:00
Zenith FRS,https://www.youtube.com/@Zenith.Garage,,Yes,merch,food,556200,190000,Mid,,,,,,,,,UCdoM0hzUtsKWN-Ry-HMRdQg,7,4,244000,0.64,2.9274,True,True,merch; amzn.to; sponsor read; link hub: linktr.ee,,0.83,manual,https://www.youtube.com/watch?v=DBqDW0Rx0aY,https://www.youtube.com/watch?v=veb04Gd27zA,one video is carrying the average; monetized but missing at least one High criterion,True,15,True,True,2026-10-06T15:31:05+00:00
AlfieAesthetics,https://www.youtube.com/@AlfieAesthetics,,Yes,community_or_membership,outdoors,979200,385000,Mid,,,,,,,,,UC2TXg45Dbt2de8auakllW8g,0,365,233000,0.87,2.5434,True,False,patreon.com; amazon.com/shop; affiliate,,1.0,manual,https://www.youtube.com/watch?v=5SnfDD3dNLc,https://www.youtube.com/watch?v=stIjgEaES60,one video is carrying the average; monetized but missing at least one High criterion,True,15,True,True,2026-10-06T15:45:49+00:00
Canadian Prepper,https://www.youtube.com/@CanadianPrepper,,Yes,coaching_or_program,running_endurance,179400,1360000,Mid,,,,,,,,,UCfgtuaUadGgOA-91geQ8Qog,30,1,193000,0.96,0.1319,True,True,patreon.com; cal.com; ebook; affiliate; sponsor read,,0.5,manual,https://www.youtube.com/watch?v=KHcLL0MlqeM,https://www.youtube.com/watch?v=6HHCT7-K21U,monetized but missing at least one High criterion,False,15,True,True,2026-10-06T15:44:36+00:00
Katie Roams,https://www.youtube.com/@Katieroams,hello@katieroams.co.uk,No,none,outdoors,262200,273000,Mid,,,,,,,,,UCf9YWhTNz6G2Sn1Rd7cwZNQ,25,2,188000,0.39,0.9604,True,False,ebook,,0.64,channel_description,https://www.youtube.com/watch?v=hKert0NExFg,https://www.youtube.com/watch?v=Yz86G2O6Jw0,monetized but missing at least one High criterion,False,15,True,True,2026-10-06T15:23:26+00:00
MAX BUSHCRAFT,https://www.youtube.com/@MAXBUSHCKRAFT24,,No,none,outdoors,213666,55300,Mid,,,,,,,,,UC9oYA9Hy2dZwqIhL_CMd_kA,6,9,167000,0.42,3.8638,False,False,,,0.92,manual,https://www.youtube.com/watch?v=9TDVcVyhSic,https://www.youtube.com/watch?v=B6zdJwITI3Q,"no monetization found, check link hubs and the About page by hand",True,15,True,True,2026-10-06T15:30:02+00:00
Austrian Knife Guy,https://www.youtube.com/@AustrianKnifeGuy,,No,affiliate_only,outdoors,167000,988000,Mid,,,,,,,,,UCM-OUiiSxPOELCMQhiMWujg,0,730,167000,,0.169,True,False,amzn.to,,1.0,manual,https://www.youtube.com/watch?v=b_TEYvg9QDM,https://www.youtube.com/watch?v=b_TEYvg9QDM,monetized but missing at least one High criterion,False,2,True,True,2026-10-06T15:40:22+00:00
Chris Cage,https://www.youtube.com/@chriscage,chris@influint.co,No,affiliate_only,outdoors,154100,36700,Mid,,,,,,,,,UCNu3vZn6fPe3incOJtZNQAw,6,1,162000,4.08,4.1989,True,False,course; amzn.to,,1.0,channel_description,https://www.youtube.com/watch?v=qGqLuqnvROg,https://www.youtube.com/watch?v=qGqLuqnvROg,monetized but missing at least one High criterion,False,15,True,True,2026-10-06T15:54:41+00:00
TA Outdoors,https://www.youtube.com/@TAOutdoors,,Yes,merch,outdoors,189533,2490000,Mid,,,,,,,,,UC2SMpy2oZV6BoyJEYShw9bw,6,9,158000,1.24,0.0761,True,False,merch; ebook; amazon.com/shop; affiliate,,1.0,manual,https://www.youtube.com/watch?v=fPorCW8SecI,https://www.youtube.com/watch?v=gpQ9_TA9jmM,monetized but missing at least one High criterion,False,15,True,True,2026-10-06T15:34:51+00:00
Townsends,https://www.youtube.com/@townsends,,No,none,food,261466,2990000,Mid,,,,,,,,,UCxr2d4As312LulcajAkKJYw,13,2,156000,0.79,0.0874,True,False,ebook,,0.78,manual,https://www.youtube.com/watch?v=RobV3T4vYUE,https://www.youtube.com/watch?v=wG-tBlxfxgs,monetized but missing at least one High criterion,False,15,True,True,2026-10-06T15:43:58+00:00
Ovens Rocky Mountain Bushcraft,https://www.youtube.com/@OvensRockyMountainBushcraft,,Yes,merch,outdoors,286866,1110000,Mid,,,,,,,,,UC4jxd-47X7mnekLfxbsAuew,5,2,153000,0.69,0.2584,True,False,merch; ebook; amazon.com/shop,,0.67,manual,https://www.youtube.com/watch?v=NEZiQeFynAk,https://www.youtube.com/watch?v=W3AlgWCQ1yQ,monetized but missing at least one High criterion,False,15,True,True,2026-10-06T15:41:20+00:00
BBC Learning English,https://www.youtube.com/@bbclearningenglish,,No,none,food,149933,10900000,Mid,,,,,,,,,UCHaHD477h-FeBbVh9Sh7syA,30,0,133000,0.45,0.0138,True,False,ebook,,0.67,manual,https://www.youtube.com/watch?v=S8tzsU2zHH4,https://www.youtube.com/watch?v=BFJsSnEEGrI,views are low for the subscriber count; monetized but missing at least one High criterion,True,15,True,True,2026-10-06T15:43:26+00:00
Snoopy,https://www.youtube.com/@Snoopy,,No,none,travel,311571,890000,Mid,,,,,,,,,UCXx_j6wUS3Vos8EX3XrgbUg,7,0,131000,1.07,0.3501,True,False,ebook,,0.5,manual,https://www.youtube.com/watch?v=qZw5Xh7msNo,https://www.youtube.com/watch?v=DEfhVv6gzq4,one video is carrying the average; monetized but missing at least one High criterion,True,7,True,True,2026-10-06T15:46:13+00:00
Primitive Survival Tool,https://www.youtube.com/@PrimitiveSurvivalTool,devithroza@gmail.com,Yes,community_or_membership,fitness,156266,6610000,Mid,,,,,,,,,UC6vasuRFx3t3NTISG6iwUeA,5,10,126000,1.93,0.0236,True,False,patreon.com; ebook,,1.0,channel_description,https://www.youtube.com/watch?v=Epd2WYBLEV0,https://www.youtube.com/watch?v=aG1DqqwclsE,views are low for the subscriber count; monetized but missing at least one High criterion,True,15,True,True,2026-10-06T15:39:43+00:00
Survival Gear,https://www.youtube.com/@survivalgearofficial,,No,none,outdoors,274600,832000,Mid,,,,,,,,,UCm4NMZNhZwi8tc3886te4pA,30,1,115000,4.83,0.33,False,False,,,1.0,manual,https://www.youtube.com/watch?v=6re4rbsMd0g,https://www.youtube.com/watch?v=peneLZldgJ0,"one video is carrying the average; no monetization found, check link hubs and the About page by hand",True,15,True,True,2026-10-06T15:37:23+00:00
Jungle Survival,https://www.youtube.com/@JungleSurvival,,No,none,outdoors,223800,7140000,Mid,,,,,,,,,UC4E1gPBh0_eJ5oftWVsewZA,9,6,114000,0.46,0.0313,True,False,ebook,,1.0,manual,https://www.youtube.com/watch?v=YeCi4MBHxlM,https://www.youtube.com/watch?v=pjYbu-SFcnU,monetized but missing at least one High criterion,False,15,True,True,2026-10-06T15:39:36+00:00
Aussie Arvos,https://www.youtube.com/@AussieArvos,,No,none,travel,258600,228000,Mid,,,,,,,,,UCY8J6H75KVsPg72WlLfU5Ig,8,2,113000,1.24,1.1342,True,False,ebook,,0.5,manual,https://www.youtube.com/watch?v=sTZd0UsuPwQ,https://www.youtube.com/watch?v=DZdL75oPz08,one video is carrying the average; monetized but missing at least one High criterion,True,15,True,True,2026-10-06T15:28:51+00:00
"Simon, a bloke in the woods",https://www.youtube.com/@simonablokeinthewoods,,Yes,merch,outdoors,130133,243000,Mid,,,,,,,,,UCCL5bdhZoY9oBiB44td6dGQ,1,61,112000,0.89,0.5355,True,False,merch; ebook,,0.85,manual,https://www.youtube.com/watch?v=O5KVIbk7sDg,https://www.youtube.com/watch?v=6onv00Arz34,monetized but missing at least one High criterion,False,15,True,True,2026-10-06T15:44:06+00:00
Cowboy Kent Rollins,https://www.youtube.com/@CowboyKentRollins,,No,affiliate_only,food,166733,3570000,Mid,,,,,,,,,UClrMJRlvoyoWsVlB-7c61PQ,26,1,109000,1.31,0.0467,True,False,ebook; amzn.to; amazon.com/shop; affiliate,,1.0,manual,https://www.youtube.com/watch?v=SANjQxeA66Q,https://www.youtube.com/watch?v=mJZ03-Cu99U,monetized but missing at least one High criterion,False,15,True,True,2026-10-06T15:49:35+00:00
Ryan Mitchell,https://www.youtube.com/@RyanMitchellYT,ryanmitchellyt@gmail.com,No,none,outdoors,210466,394000,Mid,,,,,,,,,UCzHJie29XpO_3IPH5Z5fJMA,4,30,108000,0.66,0.5342,False,False,,,0.87,channel_description,https://www.youtube.com/watch?v=PnBYLt1c9Jc,https://www.youtube.com/watch?v=JRI4-0A_llE,"no monetization found, check link hubs and the About page by hand",True,15,True,True,2026-10-06T15:58:04+00:00
PAW Patrol Official & Friends,https://www.youtube.com/@PAWPatrolOfficial,,No,none,running_endurance,117333,11500000,Mid,,,,,,,,,UCSVSJ1OCSv5ClFgKFTHIDew,25,0,107500,,0.0102,True,False,ebook,,1.0,manual,https://www.youtube.com/watch?v=0XDlow_JVZM,https://www.youtube.com/watch?v=oYgpZk8PO2g,views are low for the subscriber count; monetized but missing at least one High criterion,True,6,True,True,2026-10-06T15:52:44+00:00
Away Together w/ Nik and Allie,https://www.youtube.com/@awaytogether,,No,affiliate_only,travel,111933,377000,Mid,,,,,,,,,UChRPxEtVjOnubXwXC0dm6Uw,28,0,105000,0.91,0.2969,True,False,amazon.com/shop; geni.us; affiliate,,1.0,manual,https://www.youtube.com/watch?v=zTa-htiaYQ0,https://www.youtube.com/watch?v=Zxz5EsDlizE,monetized but missing at least one High criterion,False,15,True,True,2026-10-06T15:36:27+00:00
Dave Collins,https://www.youtube.com/@CleverHiker,,No,none,travel,122333,32800,Mid,,,,,,,,,UCm9j0UvB3iECVk9PwCVj0gw,0,365,101000,1.05,3.7297,True,False,ebook,,1.0,manual,https://www.youtube.com/watch?v=007Faf77Pio,https://www.youtube.com/watch?v=xxmha3YpIJk,monetized but missing at least one High criterion,False,15,True,True,2026-10-06T15:48:30+00:00
Noah Anderson,https://www.youtube.com/@noahanderson14,,No,none,running_endurance,151666,524000,Mid,,,,,,,,,UC3B5F11oEtOwI-jXpwT0kHg,9,5,99000,2.36,0.2894,False,False,link hub: linktr.ee,,0.67,manual,https://www.youtube.com/watch?v=00xRJ3KIy98,https://www.youtube.com/watch?v=0HhUCQ31dG4,"no monetization found, check link hubs and the About page by hand",True,15,True,True,2026-10-06T15:28:04+00:00
Dan Becker,https://www.youtube.com/@DanBecker,contact@danbeckeroutdoors.com,Yes,community_or_membership,outdoors,121533,519000,Mid,,,,,,,,,UCq0VNPiFtr3ihDewjtkZXBQ,7,6,99000,1.08,0.2342,True,False,patreon.com; course; ebook; geni.us,,0.89,channel_description,https://www.youtube.com/watch?v=qmG6iNjZuJg,https://www.youtube.com/watch?v=2_9uPu6hxkE,monetized but missing at least one High criterion,False,15,True,True,2026-10-06T15:32:01+00:00
Alex Armitage,https://www.youtube.com/@AlexArmitage,business.armitage@gmail.com,No,affiliate_only,finance,212333,107000,Mid,,,,,,,,,UCyxDuKMI_tOunoETqrt-GGA,4,6,93000,0.53,1.9844,True,False,geni.us; affiliate,,0.4,channel_description,https://www.youtube.com/watch?v=iJbNPiWEve4,https://www.youtube.com/watch?v=aFaakgTPrsE,one video is carrying the average; monetized but missing at least one High criterion,True,15,True,True,2026-10-06T15:24:44+00:00
Forgotten American Skills,https://www.youtube.com/@forgottenamericanskills,,No,none,outdoors,239220,41400,Mid,,,,,,,,,UCM9Zhl9K6uCkV3RkcmiYkkQ,30,1,89000,0.61,5.7783,False,False,,,0.77,manual,https://www.youtube.com/watch?v=uuud5Oklm9s,https://www.youtube.com/watch?v=pb8g4bjjBrE,"one video is carrying the average; no monetization found, check link hubs and the About page by hand",True,15,True,True,2026-10-06T15:24:05+00:00
Kent Survival Gear & Review,https://www.youtube.com/@kentsurvivalgearreview586,,Yes,community_or_membership,food,96000,78200,Mid,,,,,,,,,UCx4Opr__eComg2D9orRQ6gQ,2,14,81000,1.46,1.2276,True,False,patreon.com,,0.4,manual,https://www.youtube.com/watch?v=KyX1MPoZ13I,https://www.youtube.com/watch?v=eMuXRo71SDc,monetized but missing at least one High criterion,False,15,True,True,2026-10-06T15:34:34+00:00
Elsa Rhae & Barron,https://www.youtube.com/@ElsaRhae,,No,none,outdoors,80333,606000,Mid,,,,,,,,,UCaXSPxQxctfY_7smdTVkK6w,3,30,80000,1.1,0.1326,True,False,ebook,,1.0,manual,https://www.youtube.com/watch?v=Y2B50XfvVjE,https://www.youtube.com/watch?v=Y5W6bKpjVJs,monetized but missing at least one High criterion,False,15,True,True,2026-10-06T15:56:08+00:00
Matt The Designer,https://www.youtube.com/@MattTheDesigner,,No,affiliate_only,outdoors,419080,61000,Mid,,,,,,,,,UCmCUQa8fFiOcSa04ypJlwOw,0,365,77000,0.29,6.8702,True,False,amzn.to,,0.67,manual,https://www.youtube.com/watch?v=WwqphM_gyJA,https://www.youtube.com/watch?v=8w_L1GE9Ov0,one video is carrying the average; monetized but missing at least one High criterion,True,15,True,True,2026-10-06T15:24:28+00:00
Eric Hanson,https://www.youtube.com/@eric_hanson,erichanson@thestation.io,Yes,community_or_membership,outdoors,138866,162000,Mid,,,,,,,,,UCb3KwY6oUqATTRQa4m4fIDw,7,6,67000,0.89,0.8572,True,True,patreon.com; amzn.to; sponsor read,,0.6,channel_description,https://www.youtube.com/watch?v=jpkHMsgRg-4,https://www.youtube.com/watch?v=4HKUqbyKmeU,one video is carrying the average; monetized but missing at least one High criterion,True,15,True,True,2026-10-06T15:27:32+00:00
The Muse Ranch,https://www.youtube.com/@TheMuseRanch,,Yes,merch,outdoors,134166,22600,Mid,,,,,,,,,UCos6YJ_hiXrkqV7AUPzos1A,9,3,66500,,5.9365,True,False,merch,,1.0,manual,https://www.youtube.com/watch?v=zbvRDgOepME,https://www.youtube.com/watch?v=zbvRDgOepME,one video is carrying the average; monetized but missing at least one High criterion,True,6,True,True,2026-10-06T15:53:16+00:00
Wild Bush Drive Turbo,https://www.youtube.com/@WildBushDriveTurbo,,No,none,outdoors,2874228,46200,Mid,,,,,,,,,UCkcw-NhFyQ5t7qeIEreNLfw,0,91,64000,0.03,62.2127,True,False,ebook,,0.83,manual,https://www.youtube.com/watch?v=efseEyrWnyQ,https://www.youtube.com/watch?v=0gap1W6Kcyc,one video is carrying the average; monetized but missing at least one High criterion,True,7,True,True,2026-10-06T15:42:07+00:00
Modern Tactical Shooting,https://www.youtube.com/@ModernTacticalShooting,,No,none,finance,69400,132000,Mid,,,,,,,,,UCoPQfeChQsrT7jtf8FhF-Zw,8,5,62000,2.39,0.5258,True,False,ebook,,0.33,manual,https://www.youtube.com/watch?v=VqRjdCfgoF0,https://www.youtube.com/watch?v=VqRjdCfgoF0,monetized but missing at least one High criterion,False,15,True,True,2026-10-06T15:37:54+00:00
Oscar Hikes,https://www.youtube.com/@OscarHikes,,No,affiliate_only,outdoors,139533,94700,Mid,,,,,,,,,UCGQNEhX3SQw3jkcQoHTipvQ,1,28,58000,1.59,1.4734,True,True,program; amzn.to; affiliate; sponsor read,,0.55,manual,https://www.youtube.com/watch?v=EtKJclga8GM,https://www.youtube.com/watch?v=qRGC7ya_cog,one video is carrying the average; monetized but missing at least one High criterion,True,15,True,True,2026-10-06T15:46:54+00:00
Hari Kristiyanto,https://www.youtube.com/@HariKristiyanto,,No,none,outdoors,85733,252000,Mid,,,,,,,,,UCMHhIP41HdTlt9Mwk7ztnhQ,7,3,56000,1.07,0.3402,False,False,,,1.0,manual,https://www.youtube.com/watch?v=Iui0rus7ARo,https://www.youtube.com/watch?v=OlB_dieOjig,"no monetization found, check link hubs and the About page by hand",True,15,True,True,2026-10-06T15:30:09+00:00
Baum Outdoors,https://www.youtube.com/@BaumOutdoors,BaumOutdoors@gmail.com,No,affiliate_only,outdoors,129100,281000,Mid,,,,,,,,,UCT6fVez_0DmaZ_WDaRhUw2A,6,2,54000,1.09,0.4594,True,False,ebook; amazon.com/shop,,0.87,channel_description,https://www.youtube.com/watch?v=rTSb0Z4bMX0,https://www.youtube.com/watch?v=hGbHG70sZ_Y,one video is carrying the average; monetized but missing at least one High criterion,True,15,True,True,2026-10-06T15:26:44+00:00
Darwin onthetrail,https://www.youtube.com/@DarwinOnthetrail,,Yes,community_or_membership,travel,56200,358000,Mid,,,,,,,,,UC18exdGWh7piVWisrnDXiZg,5,10,54000,1.82,0.157,True,False,patreon.com; ebook; amzn.to,,0.55,manual,https://www.youtube.com/watch?v=43l7MTOeGZE,https://www.youtube.com/watch?v=6aOVl5aq5pw,monetized but missing at least one High criterion,False,15,True,True,2026-10-06T15:48:54+00:00
sintax77,https://www.youtube.com/@sintax77,sintax77.biz@gmail.com,Yes,merch,travel,70333,134000,Mid,,,,,,,,,UCW_wOOOnsFjQ-oNxAVQw3rA,2,1,51000,1.01,0.5249,True,False,merch; spring.com; teespring; ebook; amzn.to; affiliate,,0.6,channel_description,https://www.youtube.com/watch?v=Iozd_r1UwNo,https://www.youtube.com/watch?v=Hc3SijAmFB8,monetized but missing at least one High criterion,False,15,True,True,2026-10-06T15:26:36+00:00
Coody by RBM Outdoors,https://www.youtube.com/@RBM-Outdoors_Coody,info@hot-tent.com,No,none,outdoors,76894,87000,Mid,,,,,,,,,UCuTKjDxEdBNShxTaJKvTEWQ,18,1,50000,1.9,0.8838,True,False,ebook,,0.86,channel_description,https://www.youtube.com/watch?v=dlfUnFKtSU0,https://www.youtube.com/watch?v=gJchasdRKD8,monetized but missing at least one High criterion,False,15,True,True,2026-10-06T15:33:17+00:00
Stephen J Reid,https://www.youtube.com/@StephenJReid,,Yes,community_or_membership,outdoors,116866,195000,Mid,,,,,,,,,UCDsRsk9ZUrzZXabzD-CM2AA,13,2,50000,2.51,0.5993,True,False,patreon.com; ebook; geni.us,,0.54,manual,https://www.youtube.com/watch?v=7T9Vh7zWGVg,https://www.youtube.com/watch?v=qcU5PkcJelo,one video is carrying the average; monetized but missing at least one High criterion,True,15,True,True,2026-10-06T15:33:55+00:00
We're the Russos,https://www.youtube.com/@Weretherussos,,No,affiliate_only,outdoors,87333,279000,Mid,,,,,,,,,UCzzfu83LhPMMuhtDVA75rfw,6,3,48000,0.72,0.313,True,False,program; book a call; amzn.to; amazon.com/shop; affiliate,,0.93,manual,https://www.youtube.com/watch?v=UZ2JHkyoLH8,https://www.youtube.com/watch?v=ZzHBcZysG3I,monetized but missing at least one High criterion,False,15,True,True,2026-10-06T15:53:07+00:00
California Through My Lens,https://www.youtube.com/@californiathroughmylens,,No,affiliate_only,travel,57600,314000,Mid,,,,,,,,,UCZFRs1R9ECKDwnLy5IQzwkg,1,28,47000,0.8,0.1834,True,False,course; ebook; amzn.to; amazon.com/shop,,0.6,manual,https://www.youtube.com/watch?v=btw481rfDYU,https://www.youtube.com/watch?v=TlVOFs8cS1s,monetized but missing at least one High criterion,False,15,True,True,2026-10-06T15:58:12+00:00
Justin Outdoors,https://www.youtube.com/@JustinOutdoors,,No,affiliate_only,travel,51000,137000,Mid,,,,,,,,,UCSvT1uds0PVPJQWVnp4UN-A,14,3,46000,0.69,0.3723,True,False,ebook; geni.us; affiliate,,0.85,manual,https://www.youtube.com/watch?v=4S-H6adEXcM,https://www.youtube.com/watch?v=BYpPMnH6hM0,monetized but missing at least one High criterion,False,15,True,True,2026-10-06T15:31:37+00:00
Jens,https://www.youtube.com/@jens-dransfield,itsjensbiz@gmail.com,No,none,outdoors,127800,59700,Mid,,,,,,,,,UCRPh6W7oLaacLY_TGYchDlw,13,9,44000,0.16,2.1407,False,False,,,0.67,channel_description,https://www.youtube.com/watch?v=v8wpWeKWJVI,https://www.youtube.com/watch?v=Ehi6ngRv5zw,"one video is carrying the average; no monetization found, check link hubs and the About page by hand",True,15,True,True,2026-10-06T15:24:20+00:00
More Adventures Made From Scratch,https://www.youtube.com/@moreadventuresmadefromscratch,business.amfs@gmail.com,Yes,merch,outdoors,42533,27500,Mid,,,,,,,,,UCw1XtfPv9WkiwyLbglFcAiw,5,1,44000,0.79,1.5467,True,False,merch; ebook,,0.67,video_description,https://www.youtube.com/watch?v=oRO2J2YN4mg,https://www.youtube.com/watch?v=pHktq4WDNKA,monetized but missing at least one High criterion,False,15,True,True,2026-10-06T15:30:57+00:00
NZ Mountain Safety Council,https://www.youtube.com/@NZMountainSafetyCouncil,,No,none,outdoors,55835,22100,Mid,,,,,,,,,UCHy_76uW0tFx2RWtHXpuotQ,7,14,44000,0.3,2.5265,False,False,,,0.9,manual,https://www.youtube.com/watch?v=Oiqgl2avOWQ,https://www.youtube.com/watch?v=oGBYWoCnR7Y,"no monetization found, check link hubs and the About page by hand",True,14,True,True,2026-10-06T15:48:22+00:00
Camino Hacks and Tips,https://www.youtube.com/@Caminohacks,,Yes,community_or_membership,travel,47900,14300,Mid,,,,,,,,,UCHSxSGHxn-eGtEAEaOH7w5g,5,1,43000,,3.3497,True,False,patreon.com; free lead magnet; link hub: linktr.ee,,1.0,manual,https://www.youtube.com/watch?v=3MSRUsnf2Gg,https://www.youtube.com/watch?v=3MSRUsnf2Gg,monetized but missing at least one High criterion,False,15,True,True,2026-10-06T15:57:27+00:00
Ryan & Ilse | Patagonia to Alaska,https://www.youtube.com/@RyanKodakBrown,ryan@wilderland.media,Yes,community_or_membership,travel,90753,27600,Mid,,,,,,,,,UCaXvGSp5Dj0Pw5nmfqcXDPw,3,61,40000,2.7,3.2882,True,False,patreon.com; amzn.to; affiliate,,0.57,channel_description,https://www.youtube.com/watch?v=xgvUJKr6LD0,https://www.youtube.com/watch?v=xgvUJKr6LD0,one video is carrying the average; monetized but missing at least one High criterion,True,15,True,True,2026-10-06T15:54:25+00:00
Best Damn EDC [Taylor Martin],https://www.youtube.com/@BestDamnEDC,,Yes,community_or_membership,outdoors,93266,453000,Mid,,,,,,,,,UCK5R1BsMtGd4DtI5uGQRHIg,9,1,38000,1.72,0.2059,True,True,patreon.com; merch; ebook; amzn.to; affiliate; sponsor read,,1.0,manual,https://www.youtube.com/watch?v=fqx71i-WVys,https://www.youtube.com/watch?v=z3qmKjj6kvA,one video is carrying the average; monetized but missing at least one High criterion,True,15,True,True,2026-10-06T15:27:56+00:00
Bushcraft Survival Skills,https://www.youtube.com/@BushcraftSurvivalSkills,,No,none,outdoors,255597,59600,Mid,,,,,,,,,UCpvuExi7lGZ8RYtS-3Q8Rtw,7,3,38000,1.03,4.2885,False,False,,,1.0,manual,https://www.youtube.com/watch?v=US4-Z5nx8_M,https://www.youtube.com/watch?v=US4-Z5nx8_M,"one video is carrying the average; no monetization found, check link hubs and the About page by hand",True,15,True,True,2026-10-06T15:42:54+00:00
UCO,https://www.youtube.com/@UCOGear,,No,none,outdoors,579506,54700,Mid,,,,,,,,,UCBH1e2FVK5mWp1vvN8fWTmw,0,244,38000,,10.5943,True,False,ebook,,1.0,manual,https://www.youtube.com/watch?v=FmpSOLnJ-Yc,https://www.youtube.com/watch?v=FmpSOLnJ-Yc,one video is carrying the average; monetized but missing at least one High criterion,True,3,True,True,2026-10-06T15:49:17+00:00
Outdoor Empire,https://www.youtube.com/@theoutdoorempire,,No,affiliate_only,outdoors,71200,117000,Mid,,,,,,,,,UCf9INiSE5RsGqewYJCIbWCQ,19,10,36000,0.74,0.6085,True,False,ebook; amzn.to; affiliate,,0.46,manual,https://www.youtube.com/watch?v=UI0ouCAZsVY,https://www.youtube.com/watch?v=zS-OmgLKWyY,monetized but missing at least one High criterion,False,15,True,True,2026-10-06T15:27:40+00:00
On The Scout,https://www.youtube.com/@OnTheScout,,No,none,outdoors,140942,103000,Mid,,,,,,,,,UCW_AD2uQ-uJUBSceKGwJ4dw,14,2,36000,0.1,1.3684,False,False,,,0.67,manual,https://www.youtube.com/watch?v=tFEANndOjXo,https://www.youtube.com/watch?v=Qn27zEm3KlA,"one video is carrying the average; no monetization found, check link hubs and the About page by hand",True,15,True,True,2026-10-06T15:27:48+00:00
Overland Minivan,https://www.youtube.com/@OverlandMiniVan,,No,none,outdoors,313940,24900,Mid,,,,,,,,,UC-Wv0u5Nwa6Gz1MzK52rZZA,5,61,33000,0.85,12.608,True,False,ebook,,0.8,manual,https://www.youtube.com/watch?v=oXMir8Ffx4E,https://www.youtube.com/watch?v=x7q1NcHCYNQ,one video is carrying the average; monetized but missing at least one High criterion,True,15,True,True,2026-10-06T15:33:46+00:00
Toddler Fun Learning,https://www.youtube.com/channel/UCZzfOkvfLKdKYEWAZ_Vc0zg,,No,none,travel,41333,4600000,Mid,,,,,,,,,UCZzfOkvfLKdKYEWAZ_Vc0zg,30,0,33000,1.73,0.009,True,False,ebook,,0.5,manual,https://www.youtube.com/watch?v=ZA8PgKPbcNI,https://www.youtube.com/watch?v=ZA8PgKPbcNI,views are low for the subscriber count; monetized but missing at least one High criterion,True,15,True,True,2026-10-06T15:53:24+00:00
Steve Berger,https://www.youtube.com/@Steve.Berger,,No,affiliate_only,outdoors,74900,33200,Mid,,,,,,,,,UCd2xfBLWi6NwcGxb_1tTN8g,6,9,32000,1.21,2.256,True,False,amzn.to; affiliate,,0.82,manual,https://www.youtube.com/watch?v=PWuV9xwIIP8,https://www.youtube.com/watch?v=kHPjLfYImgM,one video is carrying the average; monetized but missing at least one High criterion,True,15,True,True,2026-10-06T15:32:40+00:00
KnifeCenter,https://www.youtube.com/@knifecenter,,No,none,fitness,30533,504000,Mid,,,,,,,,,UCvIFNTKusba-5U6Nic9jvCg,26,3,31000,0.98,0.0606,True,False,program; ebook,,0.5,manual,https://www.youtube.com/watch?v=PeNDWxntjVk,https://www.youtube.com/watch?v=SGmxzQg9wws,monetized but missing at least one High criterion,False,15,True,True,2026-10-06T15:35:47+00:00
Water Filter Guru,https://www.youtube.com/@waterfilterguru,,No,affiliate_only,outdoors,40846,86200,Mid,,,,,,,,,UCs_wwjJQkH13dHcnDQV6aLw,6,9,30000,1.3,0.4739,True,False,program; ebook; geni.us; affiliate,$10,0.5,manual,https://www.youtube.com/watch?v=-c0rU3qDxR0,https://www.youtube.com/watch?v=GYdz5f3CFeo,monetized but missing at least one High criterion,False,15,True,True,2026-10-06T15:44:20+00:00
Adv4x4,https://www.youtube.com/@Adv4x4,,No,affiliate_only,outdoors,30480,46600,Mid,,,,,,,,,UCCyIfmrZWzEAVp7qx8rpxHQ,2,14,29000,0.97,0.6541,True,False,ebook; amzn.to,,0.54,manual,https://www.youtube.com/watch?v=90o9f-TrMi4,https://www.youtube.com/watch?v=8vD8tgBoPjM,monetized but missing at least one High criterion,False,15,True,True,2026-10-06T15:51:18+00:00
Summit Archives,https://www.youtube.com/@Summit_Archives,,No,none,food,51940,1320,Mid,,,,,,,,,UC0e6ZZvDFIl218NRbkLblIw,12,2,29000,1.72,39.3485,False,False,,,0.6,manual,https://www.youtube.com/watch?v=TILMm1q4muk,https://www.youtube.com/watch?v=5G8dU2oaJ3c,"no monetization found, check link hubs and the About page by hand",True,15,True,True,2026-10-06T15:58:19+00:00
Corporals Corner,https://www.youtube.com/@corporalscorner03,,No,affiliate_only,outdoors,34300,1100000,Mid,,,,,,,,,UCX1ztT76CZfs29aGK9Nn7_A,20,2,27000,1.67,0.0312,True,False,ebook; amazon.com/shop,,0.75,manual,https://www.youtube.com/watch?v=_4qGjhws7vI,https://www.youtube.com/watch?v=oUI6yNkL6LY,monetized but missing at least one High criterion,False,15,True,True,2026-10-06T15:41:11+00:00
Kusk Bushcraft,https://www.youtube.com/@KuskBushcraft,,No,none,outdoors,67333,624000,Mid,,,,,,,,,UCSP_Awq2yMFLfSO_n6O-bGQ,1,30,27000,2.0,0.1079,True,False,course,,0.85,manual,https://www.youtube.com/watch?v=rBP2QqaMBeY,https://www.youtube.com/watch?v=LC55zciuxNo,one video is carrying the average; monetized but missing at least one High criterion,True,15,True,True,2026-10-06T15:42:30+00:00
Norway with Pål,https://www.youtube.com/@norwaywithpal,,Yes,community_or_membership,travel,92446,35900,Mid,,,,,,,,,UCmTZRskpSFKzRK08MttL2Hw,0,304,26000,0.44,2.5751,True,False,patreon.com; ebook; amzn.to; affiliate,,1.0,manual,https://www.youtube.com/watch?v=NtOJGvWope0,https://www.youtube.com/watch?v=V2HTkpBE5kw,one video is carrying the average; monetized but missing at least one High criterion,True,15,True,True,2026-10-06T15:47:42+00:00
Ranger Survival and Field Craft,https://www.youtube.com/@RangerSurvivalandFieldCraft,,No,affiliate_only,outdoors,34400,339000,Mid,,,,,,,,,UCA7RTjJU42Y3toOoRXiFwFg,12,2,25000,0.94,0.1015,True,False,ebook; amazon.com/shop; affiliate,,0.75,manual,https://www.youtube.com/watch?v=A_btcG3emLk,https://www.youtube.com/watch?v=jS4qEseiNic,monetized but missing at least one High criterion,False,15,True,True,2026-10-06T15:39:05+00:00
Paul Messner,https://www.youtube.com/@PaulMessner,,Yes,community_or_membership,food,26533,224000,Mid,,,,,,,,,UCI3mQP0kLxdZKhNtcHhExyA,18,12,25000,1.17,0.1185,True,True,patreon.com; course; geni.us; affiliate; sponsor read,,0.4,manual,https://www.youtube.com/watch?v=AHOVFWVagXQ,https://www.youtube.com/watch?v=y0AmsCFw0xY,monetized but missing at least one High criterion,False,15,True,True,2026-10-06T15:47:26+00:00
Ray Mears & Woodlore Ltd.,https://www.youtube.com/@RayMearsWoodloreLtd1983,,No,none,outdoors,56072,117000,Mid,,,,,,,,,UC8TosB4kLeZBlx6zwIkD8zw,0,11,24000,0.7,0.4792,True,False,ebook,,1.0,manual,https://www.youtube.com/watch?v=xyJ7M6Pd9SE,https://www.youtube.com/watch?v=HwmBMoDuhMU,one video is carrying the average; monetized but missing at least one High criterion,True,11,True,True,2026-10-06T15:45:00+00:00
Fire to Fork,https://www.youtube.com/@firetofork,,Yes,merch,food,26733,132000,Mid,,,,,,,,,UCVbGxGVUyKNihPeh7Efa-Zg,13,3,24000,1.32,0.2025,True,False,merch; ebook,,0.5,manual,https://www.youtube.com/watch?v=NiGfDtEVCaU,https://www.youtube.com/watch?v=pCE2RKUeU9s,monetized but missing at least one High criterion,False,15,True,True,2026-10-06T15:49:43+00:00
Lonewolf 902,https://www.youtube.com/@Lonewolfwildcamping,,No,none,outdoors,28280,508000,Mid,,,,,,,,,UCC6OgINbyKqu9PXeCk-YVhQ,15,2,23000,0.88,0.0557,False,False,,,0.92,manual,https://www.youtube.com/watch?v=HWM636ZlzC4,https://www.youtube.com/watch?v=HrODetEFHDQ,"no monetization found, check link hubs and the About page by hand",True,15,True,True,2026-10-06T15:28:43+00:00
Amanda Outside,https://www.youtube.com/@amanda.outside,,No,affiliate_only,outdoors,29600,135000,Mid,,,,,,,,,UCtQi5kHkuJ14FuZiyeJC7iQ,1,21,21000,1.58,0.2193,True,False,course; amzn.to; affiliate,,0.83,manual,https://www.youtube.com/watch?v=bxhHnXOyjic,https://www.youtube.com/watch?v=pej_PySDrwE,monetized but missing at least one High criterion,False,15,True,True,2026-10-06T15:49:26+00:00
JupiterHikes,https://www.youtube.com/@JupiterHikes,,Yes,community_or_membership,outdoors,67113,106000,Mid,,,,,,,,,UCTY6PJNvuO49nIG-aWSVLJQ,1,1,20000,0.95,0.6331,True,False,patreon.com; ebook; amzn.to; affiliate,,0.73,manual,https://www.youtube.com/watch?v=4k_rktF_0_w,https://www.youtube.com/watch?v=2POizZ-t8Ck,one video is carrying the average; monetized but missing at least one High criterion,True,15,True,True,2026-10-06T15:46:45+00:00
The Trek,https://www.youtube.com/@TheTrek,,No,affiliate_only,outdoors,26940,49100,Mid,,,,,,,,,UCeLEFccX95XG45Xm7o5TBqA,24,1,19000,1.82,0.5487,True,False,ebook; amzn.to,,0.57,manual,https://www.youtube.com/watch?v=2iD1m8KdPSk,https://www.youtube.com/watch?v=sCHyCmTjDsA,monetized but missing at least one High criterion,False,15,True,True,2026-10-06T15:55:44+00:00
Outdoor Life,https://www.youtube.com/@outdoorlife,,No,none,food,38866,97000,Mid,,,,,,,,,UCjzIC1UPbpBmd65-qWcptEg,19,4,17000,0.54,0.4007,True,False,ebook,,1.0,manual,https://www.youtube.com/watch?v=7nigQc-oQbM,https://www.youtube.com/watch?v=2ERVZ8Qx4XQ,one video is carrying the average; monetized but missing at least one High criterion,True,15,True,True,2026-10-06T15:34:26+00:00
Survival Skills,https://www.youtube.com/@BeautySurvivalSkills,,No,none,outdoors,206986,38800,Mid,,,,,,,,,UCdcDViLKkOPhMTvQmQIYChQ,9,14,17000,4.9,5.3347,False,False,,,0.92,manual,https://www.youtube.com/watch?v=XRuFvvGtkeU,https://www.youtube.com/watch?v=uAWp02IB-7U,"one video is carrying the average; no monetization found, check link hubs and the About page by hand",True,15,True,True,2026-10-06T15:41:43+00:00
Coalcracker Bushcraft,https://www.youtube.com/@coalcracker,,No,affiliate_only,outdoors,23466,578000,Mid,,,,,,,,,UCXSVZTsqJn5JjN0h5q5_B_Q,14,7,15000,0.33,0.0406,True,False,amazon.com/shop,,0.75,manual,https://www.youtube.com/watch?v=Bi47fqye9Bg,https://www.youtube.com/watch?v=kZjz1bgw4sk,monetized but missing at least one High criterion,False,15,True,True,2026-10-06T15:44:44+00:00
GO Outdoors TV,https://www.youtube.com/@GOOutdoorsTV,,No,none,outdoors,48968,28400,Mid,,,,,,,,,UCD-bkBvOS20mj-_HmjAYVow,0,11,12450,5.87,1.7242,True,False,ebook,,0.56,manual,https://www.youtube.com/watch?v=yyrSXJJtcVE,https://www.youtube.com/watch?v=Ydn1Wj0-vl4,one video is carrying the average; monetized but missing at least one High criterion,True,12,True,True,2026-10-06T15:45:57+00:00
Heang Horn,https://www.youtube.com/@HeangHorn-xw9ne,,No,none,outdoors,95176,1030000,Mid,,,,,,,,,UCjG7zv4iu_qsMEwUJfhFEHg,18,1,12000,0.74,0.0924,False,False,,,1.0,manual,https://www.youtube.com/watch?v=4i3ARGsdsxY,https://www.youtube.com/watch?v=YXnmLvgqscs,"one video is carrying the average; no monetization found, check link hubs and the About page by hand",True,13,True,True,2026-10-06T15:39:20+00:00
Kocaboğa Outdoor,https://www.youtube.com/@Kocabogaoutdoor,,No,none,outdoors,26373,3340,Mid,,,,,,,,,UCL7i5k9nwUuuU3LcJ-j9ssQ,10,2,12000,3.22,7.8961,False,False,,,0.85,manual,https://www.youtube.com/watch?v=hNoH7hRHaxs,https://www.youtube.com/watch?v=6kIdcWza2iM,"one video is carrying the average; no monetization found, check link hubs and the About page by hand",True,15,True,True,2026-10-06T15:39:28+00:00
Travel Light Mel,https://www.youtube.com/@Travellightmel,,No,affiliate_only,travel,76053,28500,Mid,,,,,,,,,UC392Vl4TNo9wQ865kcTFhJQ,2,30,11000,0.92,2.6685,True,False,ebook; amzn.to; affiliate,,0.5,manual,https://www.youtube.com/watch?v=9xG5-z2h42o,https://www.youtube.com/watch?v=K15vMEKlGY0,one video is carrying the average; monetized but missing at least one High criterion,True,15,True,True,2026-10-06T15:57:03+00:00
MinnowTank,https://www.youtube.com/@MinnowTank,,No,sponsors_only,travel,156840,10300,Mid,,,,,,,,,UCP40_9XpPtmDPvGTlEEoGcw,0,365,10000,,15.2272,True,True,sponsor read,,1.0,manual,https://www.youtube.com/watch?v=as7sQ-WDGgI,https://www.youtube.com/watch?v=as7sQ-WDGgI,one video is carrying the average; monetized but missing at least one High criterion,True,5,True,True,2026-10-06T15:27:08+00:00
Outdoor Zone,https://www.youtube.com/@goOutdoorZone,mailoutdoornow@gmail.com,No,affiliate_only,outdoors,16686,92300,Mid,,,,,,,,,UClzYZAUW908guC00XYTQO9w,8,2,10000,1.84,0.1808,True,False,ebook; geni.us; affiliate,,0.56,video_description,https://www.youtube.com/watch?v=lW4E_Yz5Hn8,https://www.youtube.com/watch?v=1GsKwz4JzAk,monetized but missing at least one High criterion,False,15,True,True,2026-10-06T15:37:07+00:00
Robin Greenfield,https://www.youtube.com/@Robin.Greenfield,,No,none,outdoors,21313,486000,Mid,,,,,,,,,UCKirXBZV7hE4Fws3VSdYkRQ,9,14,10000,1.83,0.0439,True,False,ebook,,0.85,manual,https://www.youtube.com/watch?v=yX0jkm3yxBQ,https://www.youtube.com/watch?v=Nul8yd_Q5yI,one video is carrying the average; monetized but missing at least one High criterion,True,15,True,True,2026-10-06T15:43:10+00:00
Summit Or Nothing,https://www.youtube.com/@SummitOrNothing,,No,affiliate_only,outdoors,12813,34100,Mid,,,,,,,,,UCTXZwXDq38W6J-4OMMNIKUg,0,274,10000,0.96,0.3757,True,False,ebook; amzn.to,,0.77,manual,https://www.youtube.com/watch?v=pcnM3gFRBdI,https://www.youtube.com/watch?v=p3CELGMUEJI,monetized but missing at least one High criterion,False,15,True,True,2026-10-06T15:47:34+00:00
Adventure Alan & Co,https://www.youtube.com/@adventure_alan_co,,No,affiliate_only,outdoors,13046,9470,Mid,,,,,,,,,UCnGhgOMYFHueEf_BMFREA6A,0,244,9400,0.59,1.3776,True,False,affiliate,,0.67,manual,https://www.youtube.com/watch?v=FjBd-0uO85U,https://www.youtube.com/watch?v=XfUEQsiEOOk,monetized but missing at least one High criterion,False,15,True,True,2026-10-06T15:34:18+00:00
Survive Frost,https://www.youtube.com/@SurviveFrost,,No,none,outdoors,25173,13800,Mid,,,,,,,,,UCoxrTBNM7EYo6Gqxv_COhQg,30,1,9300,0.84,1.8241,False,False,,,0.93,manual,https://www.youtube.com/watch?v=FCElHdNMIa8,https://www.youtube.com/watch?v=ODpzqOUdzN8,"one video is carrying the average; no monetization found, check link hubs and the About page by hand",True,15,True,True,2026-10-06T15:25:31+00:00
StepMassive,https://www.youtube.com/@StepMassive,,No,affiliate_only,travel,26186,20400,Mid,,,,,,,,,UCwgPFTi41hMvmxHjBK5vN7A,11,3,9100,1.19,1.2836,True,False,amazon.com/shop; affiliate; free lead magnet,,1.0,manual,https://www.youtube.com/watch?v=FzG9Rtpd_jc,https://www.youtube.com/watch?v=dEOAsi2o7sU,one video is carrying the average; monetized but missing at least one High criterion,True,15,True,True,2026-10-06T15:47:02+00:00
Molly Rose Outdoors,https://www.youtube.com/@mollyroseoutdoors,,No,affiliate_only,outdoors,9546,12900,Mid,,,,,,,,,UCACRKkQOjqZ-AeJ3jE91Ong,30,0,9000,1.07,0.74,True,False,amzn.to; affiliate,,1.0,manual,https://www.youtube.com/watch?v=2JnZU9Uyb7I,https://www.youtube.com/watch?v=2JnZU9Uyb7I,monetized but missing at least one High criterion,False,15,True,True,2026-10-06T15:55:28+00:00
BackpackingTV,https://www.youtube.com/@BackpackingTV,mike@epictrailstv.com,No,none,outdoors,18013,147000,Mid,,,,,,,,,UCGJqrGnjrCfF1icKOj0yemw,3,30,8800,1.14,0.1225,True,False,ebook,,0.5,channel_description,https://www.youtube.com/watch?v=a34ryhv9FJk,https://www.youtube.com/watch?v=vhLaX58vLGA,one video is carrying the average; monetized but missing at least one High criterion,True,15,True,True,2026-10-06T15:36:11+00:00
L.L.Bean,https://www.youtube.com/@llbean,,No,none,travel,13440,706000,Mid,,,,,,,,,UC9kw8sVPtQROvR3QAxlZUHQ,5,5,8700,1.94,0.019,True,False,ebook,,0.57,manual,https://www.youtube.com/watch?v=_9AKKHwzwos,https://www.youtube.com/watch?v=jFs7Ba0F5JE,views are low for the subscriber count; monetized but missing at least one High criterion,True,15,True,True,2026-10-06T15:49:09+00:00
Taylor the Nahamsha Hiker,https://www.youtube.com/@TaylortheNahamshaHiker,,No,affiliate_only,outdoors,12775,67300,Mid,,,,,,,,,UC0DfoZBEMHImEf5CMkktt6Q,17,7,8350,0.66,0.1898,True,True,affiliate; sponsor read,,0.67,manual,https://www.youtube.com/watch?v=uXiJmVK74y0,https://www.youtube.com/watch?v=psVrBix0NXA,monetized but missing at least one High criterion,False,15,True,True,2026-10-06T15:36:35+00:00
English Woodsman,https://www.youtube.com/@englishwoodsman,englishwoodsman@hotmail.com,No,affiliate_only,outdoors,9133,115000,Mid,,,,,,,,,UCPqdx8N99fs4IDoK_XA1aew,19,2,8300,1.05,0.0794,True,True,ebook; amzn.to; sponsor read,£20,0.83,channel_description,https://www.youtube.com/watch?v=2kiS7gVcXM8,https://www.youtube.com/watch?v=_BHRpSjZnpE,monetized but missing at least one High criterion,False,15,True,True,2026-10-06T15:23:57+00:00
Backcountry Exposure,https://www.youtube.com/@BackcountryExposure,backcountryexposure@thestation.io,No,affiliate_only,travel,9180,81900,Mid,,,,,,,,,UCVyZtccA-oMchXHai-CJyPA,9,4,8100,1.3,0.1121,True,False,course; geni.us; affiliate,,0.38,channel_description,https://www.youtube.com/watch?v=KjjU2KO4vrk,https://www.youtube.com/watch?v=KjjU2KO4vrk,monetized but missing at least one High criterion,False,15,True,True,2026-10-06T15:26:12+00:00
Rugged & Ready,https://www.youtube.com/@RuggedndReady,,No,none,outdoors,18453,2100,Mid,,,,,,,,,UCWfw5U4dDaOxPolAldkHRzw,30,1,8100,9.82,8.7871,False,False,,,0.75,manual,https://www.youtube.com/watch?v=Aqr-tpWEJxA,https://www.youtube.com/watch?v=5ZoBC37Sac4,"one video is carrying the average; no monetization found, check link hubs and the About page by hand",True,15,True,True,2026-10-06T15:29:14+00:00
BUSHCRAFT TOOLS,https://www.youtube.com/@BUSHCRAFTTOOLS,,Yes,merch,outdoors,44880,353000,Mid,,,,,,,,,UCceqY2OFi6ve30FPO3owhCw,3,21,7400,10.43,0.1271,True,False,merch,,0.87,manual,https://www.youtube.com/watch?v=LQhodV3uOW0,https://www.youtube.com/watch?v=WX5F6HzvEdQ,one video is carrying the average; monetized but missing at least one High criterion,True,15,True,True,2026-10-06T15:40:14+00:00
Advanced Knife Bro,https://www.youtube.com/@AdvancedKnifeBro,,Yes,community_or_membership,food,7033,103000,Mid,,,,,,,,,UCLmgPoE7_4VCzRjq_fmCSuw,6,8,7000,1.41,0.0683,True,False,patreon.com; merch; spring.com; teespring; affiliate,,0.25,manual,https://www.youtube.com/watch?v=O4a5LF3XTDw,https://www.youtube.com/watch?v=Ep_RaMKd6sc,monetized but missing at least one High criterion,False,15,True,True,2026-10-06T15:35:06+00:00
GGG4Runner,https://www.youtube.com/@ggg4runner,,No,affiliate_only,outdoors,10866,28100,Mid,,,,,,,,,UCoG49dYeIfCKvxxZKCqr5eQ,0,730,7000,1.26,0.3867,True,True,ebook; amzn.to; amazon.com/shop; affiliate; sponsor read; link hub: linktr.ee,,0.87,manual,https://www.youtube.com/watch?v=c1emGZhNHAE,https://www.youtube.com/watch?v=EI9P2lgOT3M,monetized but missing at least one High criterion,False,15,True,True,2026-10-06T15:49:51+00:00
COLE EADES,https://www.youtube.com/@coleeades,,No,affiliate_only,outdoors,8566,7630,Mid,,,,,,,,,UCkG8vdcumkzIorSz-HMAhcw,0,152,6800,0.79,1.1227,True,False,amzn.to; amazon.com/shop,,0.73,manual,https://www.youtube.com/watch?v=vdgaCsk2_EE,https://www.youtube.com/watch?v=2W9nu4ey48M,monetized but missing at least one High criterion,False,15,True,True,2026-10-06T15:50:07+00:00
Wide Open Roams,https://www.youtube.com/@WideOpenRoams,wideopenroams@gmail.com,No,none,outdoors,25626,11800,Mid,,,,,,,,,UCsTpGIGqkPjvcB2ntjbDnLg,11,3,6800,2.68,2.1717,False,False,,,0.62,channel_description,https://www.youtube.com/watch?v=kZNbgKGC5h0,https://www.youtube.com/watch?v=83dtUTuYXAw,"one video is carrying the average; no monetization found, check link hubs and the About page by hand",True,15,True,True,2026-10-06T15:52:51+00:00
Drenalin Adventures,https://www.youtube.com/@DrenalinAdventures,,No,none,outdoors,19620,110000,Mid,,,,,,,,,UCbpSCjomrt3fi5hb0u9cxeA,5,10,6700,5.88,0.1784,True,False,ebook,,0.69,manual,https://www.youtube.com/watch?v=P6fGk69NcJg,https://www.youtube.com/watch?v=TI-0FX42yDI,one video is carrying the average; monetized but missing at least one High criterion,True,15,True,True,2026-10-06T15:25:47+00:00
Chase Christopher,https://www.youtube.com/@ChaseChristopher1,cccreativeid@gmail.com,No,affiliate_only,outdoors,86566,86100,Mid,,,,,,,,,UCTJdHk01ygktpSPfVTQRE6Q,5,30,6300,0.49,1.0054,True,False,program; amzn.to; affiliate,,0.44,video_description,https://www.youtube.com/watch?v=Sc4Z4eQdHPc,https://www.youtube.com/watch?v=coFTeXci7HI,one video is carrying the average; monetized but missing at least one High criterion,True,15,True,True,2026-10-06T15:28:58+00:00
WILD BOY RiL,https://www.youtube.com/@WILDBOYRiL,,No,none,outdoors,12573,237000,Mid,,,,,,,,,UCIYzMLTfWvUcjh2oVl8aZtw,1,61,5900,0.49,0.0531,True,False,ebook,,0.82,manual,https://www.youtube.com/watch?v=__KAX_6RJKc,https://www.youtube.com/watch?v=28VbWHP7XQg,one video is carrying the average; monetized but missing at least one High criterion,True,15,True,True,2026-10-06T15:41:28+00:00
Reforge Gaming,https://www.youtube.com/@ReforgeGaming,,No,affiliate_only,outdoors,6140,67800,Mid,,,,,,,,,UC5YG8pqTT7nvtUMVOQm798A,24,1,5800,1.35,0.0906,True,False,amzn.to; affiliate,,0.5,manual,https://www.youtube.com/watch?v=aKs3FOJ901I,https://www.youtube.com/watch?v=d6cwHLrrhKM,monetized but missing at least one High criterion,False,15,True,True,2026-10-06T15:38:18+00:00
Ridge & River,https://www.youtube.com/@ridgeandriver,,No,sponsors_only,travel,9258,4820,Mid,,,,,,,,,UCVcvokHLBS-oyykjAbbknUA,18,2,5000,1.0,1.9207,True,True,ebook; sponsor read,,0.5,manual,https://www.youtube.com/watch?v=pf2U8qRtfbs,https://www.youtube.com/watch?v=KVvR3VqkvXY,monetized but missing at least one High criterion,False,15,True,True,2026-10-06T15:36:19+00:00
Zach Klimes,https://www.youtube.com/@ZachKlimes,,No,affiliate_only,outdoors,92111,8300,Mid,,,,,,,,,UCqlYA0Nm4BUscum4k7hzlIQ,1,30,4400,0.24,11.0977,True,False,amzn.to,,1.0,manual,https://www.youtube.com/watch?v=UoaiBw55Ibc,https://www.youtube.com/watch?v=IwJqW4U0T5A,one video is carrying the average; monetized but missing at least one High criterion,True,9,True,True,2026-10-06T15:32:32+00:00
Grim Granite,https://www.youtube.com/@grimgranite,gordon@grimgranite.com,No,affiliate_only,outdoors,9014,198000,Mid,,,,,,,,,UCMG6vWRRaOLzr74uIuzMRaw,3,1,4400,1.48,0.0455,True,True,amzn.to; affiliate; sponsor read; link hub: linktr.ee,,0.75,channel_description,https://www.youtube.com/watch?v=nlQ4prhklas,https://www.youtube.com/watch?v=IivjUPsi5hE,one video is carrying the average; monetized but missing at least one High criterion,True,15,True,True,2026-10-06T15:44:52+00:00
Four Wheel Campers,https://www.youtube.com/@FourWheelCampers,,No,none,outdoors,47266,28500,Mid,,,,,,,,,UCsWgLH7wj0hvBYwm_4OEizQ,5,6,4400,6.15,1.6585,True,False,ebook,,1.0,manual,https://www.youtube.com/watch?v=SxZI3HHssM4,https://www.youtube.com/watch?v=WXDY-K2de30,one video is carrying the average; monetized but missing at least one High criterion,True,15,True,True,2026-10-06T15:51:03+00:00
Outdoor Adventures,https://www.youtube.com/@FrozensAdventures,frozensoutdooradventures@gmail.com,Yes,community_or_membership,travel,61520,84400,Mid,,,,,,,,,UC78MfBn7erIL0jprd3PJfaA,9,30,4100,2.82,0.7289,True,False,patreon.com; amzn.to; amazon.com/shop; affiliate,$1,0.44,channel_description,https://www.youtube.com/watch?v=WVD6CZRo1W0,https://www.youtube.com/watch?v=G5VOsnYsOgU,one video is carrying the average; monetized but missing at least one High criterion,True,15,True,True,2026-10-06T15:56:17+00:00
Jon Conti,https://www.youtube.com/@JonConti,,Yes,digital_product,travel,5202,43300,Mid,,,,,,,,,UCeNurulCulQ_NzsVgzMeR2Q,3,1,3900,2.34,0.1201,True,False,myshopify.com; merch; ebook; geni.us; affiliate,,0.75,manual,https://www.youtube.com/watch?v=zj9U4ASv2lc,https://www.youtube.com/watch?v=kAnqQ4WH1Bc,monetized but missing at least one High criterion,False,15,True,True,2026-10-06T15:26:53+00:00
Appalachian Adventurista,https://www.youtube.com/@appalachianadventurista,,No,sponsors_only,lifestyle_vlog,8206,9950,Mid,,,,,,,,,UC16anurdXErtoGeLhFxQKDA,13,3,3700,0.33,0.8247,True,True,sponsor read,,0.5,manual,https://www.youtube.com/watch?v=OEgclqFKpUw,https://www.youtube.com/watch?v=YPSQ2eGQqgw,one video is carrying the average; monetized but missing at least one High criterion,True,15,True,True,2026-10-06T15:56:32+00:00
KM4ACK,https://www.youtube.com/@KM4ACK,,Yes,community_or_membership,food,7166,40800,Mid,,,,,,,,,UCSQhXfGo_68Ta8-2wStAWkw,27,0,3600,1.36,0.1756,True,False,patreon.com,,0.5,manual,https://www.youtube.com/watch?v=AXde3Opu5PI,https://www.youtube.com/watch?v=atMrCnjY7uc,monetized but missing at least one High criterion,False,15,True,True,2026-10-06T15:36:51+00:00
Jake Adv,https://www.youtube.com/@JakeAdvs,,No,affiliate_only,outdoors,306069,39300,Mid,,,,,,,,,UCPi3KcdpIigxZTsMEM07Pxw,1,30,3600,1.61,7.788,True,True,amzn.to; affiliate; sponsor read,,0.71,manual,https://www.youtube.com/watch?v=BQedC7SeWaQ,https://www.youtube.com/watch?v=BQedC7SeWaQ,one video is carrying the average; monetized but missing at least one High criterion,True,8,True,True,2026-10-06T15:52:13+00:00
STOKERMATIC,https://www.youtube.com/@STOKERMATIC,,No,affiliate_only,nutrition,4757,104000,Mid,,,,,,,,,UCEbvsxlw-ZEeoeZ_3r0smlg,20,1,3550,1.19,0.0457,True,False,program; ebook; amzn.to; amazon.com/shop; affiliate,,1.0,manual,https://www.youtube.com/watch?v=8srP5tsvqsY,https://www.youtube.com/watch?v=CEF8GPvUPZM,monetized but missing at least one High criterion,False,15,True,True,2026-10-06T15:45:08+00:00
Wild Cat Adventures,https://www.youtube.com/@Wild.cat.adventures,wild.cat.adventures@mail.com,No,none,outdoors,4375,13800,Mid,,,,,,,,,UC8HNmvBxvreznFSTsEvE-HQ,11,1,3550,0.54,0.317,True,False,ebook,,0.9,channel_description,https://www.youtube.com/watch?v=rR5uhJfsXY0,https://www.youtube.com/watch?v=5dRBUC-sh8g,monetized but missing at least one High criterion,False,15,True,True,2026-10-06T15:47:18+00:00
Todd Twinz,https://www.youtube.com/@ToddTwinz,,No,none,outdoors,3921,938,Mid,,,,,,,,,UC3xKIlVTydCe7KAQYEtNfvg,10,1,3300,1.14,4.1802,False,False,,,1.0,manual,https://www.youtube.com/watch?v=zDgshtPD8xo,https://www.youtube.com/watch?v=s4qrQn0dYbM,"no monetization found, check link hubs and the About page by hand",True,15,True,True,2026-10-06T15:23:17+00:00
Connor Lee,https://www.youtube.com/@ConnorLee,,No,affiliate_only,outdoors,8006,25900,Mid,,,,,,,,,UCdO-vR3MqY9skx-FO7A2AHQ,9,1,3300,1.26,0.3091,True,False,amzn.to; geni.us,,0.86,manual,https://www.youtube.com/watch?v=bdJXcpci1sA,https://www.youtube.com/watch?v=u320fSk-2DU,one video is carrying the average; monetized but missing at least one High criterion,True,15,True,True,2026-10-06T15:29:30+00:00
Primitive Wild Build,https://www.youtube.com/@PrimitiveWildBuild,,No,none,food,6506,289000,Mid,,,,,,,,,UCuJ-S1gV0uQHMPUe3R2wRwQ,30,0,3300,2.61,0.0225,False,False,,,1.0,manual,https://www.youtube.com/watch?v=WS96btGNuww,https://www.youtube.com/watch?v=WS96btGNuww,"views are low for the subscriber count; no monetization found, check link hubs and the About page by hand",True,15,True,True,2026-10-06T15:40:06+00:00
Where We Wild,https://www.youtube.com/@WhereWeWild,,Yes,merch,outdoors,229741,77500,Mid,,,,,,,,,UCfhjcLYPlVu0akH_zquaXWQ,8,6,3200,0.35,2.9644,True,False,merch; amzn.to; amazon.com/shop; affiliate,,0.7,manual,https://www.youtube.com/watch?v=VBGT91xJngE,https://www.youtube.com/watch?v=mpmDP6nBDBw,one video is carrying the average; monetized but missing at least one High criterion,True,15,True,True,2026-10-06T15:37:31+00:00
The Joyful Warrior,https://www.youtube.com/@TheJoyfulWarrior,,Yes,community_or_membership,outdoors,10133,17700,Mid,,,,,,,,,UCJlYdz9BXbssEJyqVwJy7ag,1,30,3200,2.68,0.5725,True,False,patreon.com; amzn.to,$0,0.67,manual,https://www.youtube.com/watch?v=1OQLMkwcM64,https://www.youtube.com/watch?v=0PpkC6cG97o,one video is carrying the average; monetized but missing at least one High criterion,True,15,True,True,2026-10-06T15:45:25+00:00
Caminotellers,https://www.youtube.com/@caminotellers,,Yes,digital_product,travel,15182,36600,Mid,,,,,,,,,UCBv1u5CGOtBuxtjhxBcg98A,20,1,3200,0.38,0.4148,True,False,thinkific.com; ebook; amzn.to; affiliate; free lead magnet; link hub: linktr.ee,,0.33,manual,https://www.youtube.com/watch?v=G34Tyz8YZko,https://www.youtube.com/watch?v=kzr9Fi5K1DM,one video is carrying the average; monetized but missing at least one High criterion,True,15,True,True,2026-10-06T15:57:56+00:00
CBBC,https://www.youtube.com/@cbbc,,No,none,food,5620,893000,Mid,,,,,,,,,UCF59R3Q5iPLX0F1S7BL09rw,10,0,2850,2.95,0.0063,False,False,,,0.67,manual,https://www.youtube.com/watch?v=jhIPwQ8l9wU,https://www.youtube.com/watch?v=3m9XQQIcFYM,"views are low for the subscriber count; no monetization found, check link hubs and the About page by hand",True,10,True,True,2026-10-06T15:46:22+00:00
Bushsurvivalist,https://www.youtube.com/@Bush.survivalist,,Yes,community_or_membership,outdoors,11160,880,Mid,,,,,,,,,UCVSRTJk4EdBnWEZa4VXDl1w,0,365,2800,0.69,12.6818,True,False,skool.com; amzn.to,,0.87,manual,https://www.youtube.com/watch?v=LF1QNz0HZ20,https://www.youtube.com/watch?v=FqMKOl7lxdI,one video is carrying the average; monetized but missing at least one High criterion,True,15,True,True,2026-10-06T15:35:55+00:00
In Forests And Lands,https://www.youtube.com/@inforestsandlands,,No,affiliate_only,outdoors,4314,25400,Mid,,,,,,,,,UC104CizLDFsWh8WNzp2EABQ,4,1,2800,1.02,0.1698,True,False,ebook; amazon.com/shop,,0.93,manual,https://www.youtube.com/watch?v=tS6hTAAnVZs,https://www.youtube.com/watch?v=bDE3vNuaj3A,monetized but missing at least one High criterion,False,15,True,True,2026-10-06T15:47:51+00:00
TheHelpfulChannel,https://www.youtube.com/@TheHelpfulChannel,,No,none,nutrition,29756,14200,Mid,,,,,,,,,UCFwa0Bm5V2yBJ9Qbhn7Fimg,0,4748,2600,0.14,2.0955,True,False,course; ebook,$25,0.83,manual,https://www.youtube.com/watch?v=J0CwpubK_BI,https://www.youtube.com/watch?v=6GfnVGxueGI,one video is carrying the average; monetized but missing at least one High criterion,True,15,True,True,2026-10-06T15:46:29+00:00
Voltrix Gadgets,https://www.youtube.com/@VoltrixGadgets,james.whistler.556@gmail.com,No,affiliate_only,outdoors,16278,4710,Mid,,,,,,,,,UCdL5R8XuRX005jiLltKjszg,30,1,2300,2.59,3.4561,True,False,program; amzn.to; affiliate,,0.69,video_description,https://www.youtube.com/watch?v=ez1jgnxjtKY,https://www.youtube.com/watch?v=ez1jgnxjtKY,one video is carrying the average; monetized but missing at least one High criterion,True,15,True,True,2026-10-06T15:33:09+00:00
Matt's Moors & Mountains,https://www.youtube.com/@MattsMoorsandMountains,mapsmoorsmountains@gmail.com,No,none,outdoors,4042,3360,Mid,,,,,,,,,UCV9SusTXanJjh48VAzzdVnw,8,1,2100,0.74,1.203,False,False,,,1.0,channel_description,https://www.youtube.com/watch?v=VB0qeT-LGD8,https://www.youtube.com/watch?v=CYE0-dqOZ_Y,"no monetization found, check link hubs and the About page by hand",True,15,True,True,2026-10-06T15:23:49+00:00
Expedition Adventure,https://www.youtube.com/@expe.advent,,Yes,community_or_membership,travel,4066,10400,Mid,,,,,,,,,UCYeMdYm6h-gFAgBDkWgOdjw,1,30,2100,1.26,0.391,True,False,patreon.com; affiliate; free lead magnet,,0.43,manual,https://www.youtube.com/watch?v=5RpoA2PvCVk,https://www.youtube.com/watch?v=5RpoA2PvCVk,monetized but missing at least one High criterion,False,15,True,True,2026-10-06T15:51:26+00:00
Greeklish Outdoors,https://www.youtube.com/@GreeklishOutdoors,,Yes,merch,outdoors,4509,9630,Mid,,,,,,,,,UC1dT2nMVSsvcAoDiTzJZMWg,15,3,1900,3.71,0.4682,True,False,merch; spring.com,,0.57,manual,https://www.youtube.com/watch?v=LxSjpUSMgfI,https://www.youtube.com/watch?v=Bbr2o-N-_Ec,one video is carrying the average; monetized but missing at least one High criterion,True,15,True,True,2026-10-06T15:35:39+00:00
Ryan’s Routes,https://www.youtube.com/@ryansroutes1805,,No,affiliate_only,travel,1983,1940,Mid,,,,,,,,,UC9KcqNIEXYXtOBjg1jwsleg,8,21,1800,0.92,1.0222,True,False,amzn.to,,0.62,manual,https://www.youtube.com/watch?v=mcCd7ztosZU,https://www.youtube.com/watch?v=_VlvP3ykaUE,monetized but missing at least one High criterion,False,15,True,True,2026-10-06T15:26:20+00:00
ProCaliber HQ,https://www.youtube.com/@procaliberhq,,No,affiliate_only,outdoors,2586,13000,Mid,,,,,,,,,UCam4ceBoOpKBgWDCar8Fe5g,18,1,1700,1.03,0.1989,True,False,amzn.to; affiliate,,0.62,manual,https://www.youtube.com/watch?v=Q1sK46fJX4E,https://www.youtube.com/watch?v=rPSjLJsIWZQ,monetized but missing at least one High criterion,False,15,True,True,2026-10-06T15:27:16+00:00
The Camping and Caravanning Club,https://www.youtube.com/@CampandCaravanning,,No,none,outdoors,2092,21900,Mid,,,,,,,,,UCADB8-XO9Gzkd-Ig0kXOlRg,4,3,1700,0.76,0.0955,True,False,ebook,,1.0,manual,https://www.youtube.com/watch?v=6zcDD3GIhsM,https://www.youtube.com/watch?v=Ydy4Zit08sI,monetized but missing at least one High criterion,False,15,True,True,2026-10-06T15:46:37+00:00
Katelyn Sather,https://www.youtube.com/@satherkatelyn,,No,none,outdoors,12187,917,Mid,,,,,,,,,UCkwoZzFqrn8wKbJqdtFW-yA,5,1,1700,,13.2901,False,False,,,1.0,manual,https://www.youtube.com/watch?v=IIcII0Tudt0,https://www.youtube.com/watch?v=IIcII0Tudt0,"one video is carrying the average; no monetization found, check link hubs and the About page by hand",True,6,True,True,2026-10-06T15:53:54+00:00
Matt Kessler - Revelo,https://www.youtube.com/@mattkessler-revelo,,Yes,coaching_or_program,travel,4308,3000,Mid,,,,,,,,,UCyTsnF7hecNuPM0wpW0jLjQ,6,13,1600,0.38,1.436,True,False,calendly.com; work with me; amzn.to; affiliate; free lead magnet,,0.5,manual,https://www.youtube.com/watch?v=eQTOio3zHHs,https://www.youtube.com/watch?v=VkrCVecTKN4,one video is carrying the average; monetized but missing at least one High criterion,True,15,True,True,2026-10-06T15:34:03+00:00
Roadtrippers,https://www.youtube.com/@RoadtrippersHQ,,No,none,travel,17679,14100,Mid,,,,,,,,,UClPMO2JafQM_sTRhXl1VHXA,0,730,1600,6.15,1.2538,True,False,ebook,,0.92,manual,https://www.youtube.com/watch?v=ppKizHL2M9Y,https://www.youtube.com/watch?v=ppKizHL2M9Y,one video is carrying the average; monetized but missing at least one High criterion,True,15,True,True,2026-10-06T15:49:59+00:00
Jeremy 78,https://www.youtube.com/@Hiking.Inspired,hiking.inspired@gmail.com,No,none,outdoors,1789,1130,Mid,,,,,,,,,UCq-ISgxo9sV6DynslrdxCNQ,4,21,1500,1.85,1.5832,False,False,,,1.0,channel_description,https://www.youtube.com/watch?v=f-HbTYY1u_M,https://www.youtube.com/watch?v=Sec-ijKSitY,"no monetization found, check link hubs and the About page by hand",True,15,True,True,2026-10-06T15:54:17+00:00
Megan's Adventure Outdoors,https://www.youtube.com/@adventure_outdoors,,No,none,outdoors,2040,5500,Mid,,,,,,,,,UCW9GOB8sr8y3h251A7cBi3Q,12,1,1300,0.42,0.3709,False,False,,,0.64,manual,https://www.youtube.com/watch?v=V7DGF0uAFVk,https://www.youtube.com/watch?v=j4qK7UkMQdo,"no monetization found, check link hubs and the About page by hand",True,15,True,True,2026-10-06T15:55:36+00:00
Bush Gear Review,https://www.youtube.com/@bushgearreview,,No,affiliate_only,outdoors,2518,1940,Mid,,,,,,,,,UCr4rS_ws9DBitm9GIeNjGkQ,4,9,1200,0.64,1.2979,True,False,affiliate,,0.57,manual,https://www.youtube.com/watch?v=vceSTxrPrE8,https://www.youtube.com/watch?v=iW7LoyWzM-Y,one video is carrying the average; monetized but missing at least one High criterion,True,15,True,True,2026-10-06T15:36:03+00:00
Camping Guidance,https://www.youtube.com/@CampingGuidance,,No,affiliate_only,outdoors,1725,34600,Mid,,,,,,,,,UC6xMwGKWzn1_BqaIEqc8chA,10,30,1000,1.7,0.0499,True,False,amzn.to; affiliate,,0.8,manual,https://www.youtube.com/watch?v=BYyB1wjF1zg,https://www.youtube.com/watch?v=knLkGJO8hcM,monetized but missing at least one High criterion,False,15,True,True,2026-10-06T15:33:01+00:00
Grub and Gravel,https://www.youtube.com/@grubandgravel,,No,affiliate_only,outdoors,2678,7660,Mid,,,,,,,,,UC9pfSzuh68esqwlRqX1W6wg,15,10,1000,1.0,0.3496,True,False,amzn.to; amazon.com/shop,,0.93,manual,https://www.youtube.com/watch?v=ze4CPA5GDn8,https://www.youtube.com/watch?v=3DwWP9Lg3oU,one video is carrying the average; monetized but missing at least one High criterion,True,15,True,True,2026-10-06T15:34:59+00:00
Tara Treks,https://www.youtube.com/@taratreks,,No,affiliate_only,outdoors,5556,41900,Mid,,,,,,,,,UCUGL82UaBKOxzd_rZgc3Dbg,5,0,932,1.2,0.1326,True,False,amzn.to; affiliate,,0.6,manual,https://www.youtube.com/watch?v=e4GYsK48f1k,https://www.youtube.com/watch?v=dU7pGaxtRkQ,one video is carrying the average; monetized but missing at least one High criterion,True,15,True,True,2026-10-06T15:55:52+00:00
Jimmy Joyce,https://www.youtube.com/@_jimmyjoyce,,No,lead_magnet_only,outdoors,951,2800,Mid,,,,,,,,,UCC_CvrM2BIi0ib3dg2qF_wQ,11,14,878,1.03,0.3396,True,False,free lead magnet,,0.93,manual,https://www.youtube.com/watch?v=nss6_477hSk,https://www.youtube.com/watch?v=gLyYepeipeI,monetized but missing at least one High criterion,False,15,True,True,2026-10-06T15:56:00+00:00
LukeGee Travels,https://www.youtube.com/@LukeGeeTravels,,No,none,travel,1540,9510,Mid,,,,,,,,,UCYYo_RlAn8i4-kb21-hrqHQ,13,6,666,0.38,0.1619,True,False,ebook,,0.67,manual,https://www.youtube.com/watch?v=aZXwiM2Oh5M,https://www.youtube.com/watch?v=p5r6URCquJA,one video is carrying the average; monetized but missing at least one High criterion,True,15,True,True,2026-10-06T15:58:58+00:00
REI,https://www.youtube.com/@rei,,No,none,running_endurance,2795,455000,Mid,,,,,,,,,UCwZcNfPpV9CXSVbpH1ckVmw,20,0,408,0.98,0.0061,True,False,ebook,,0.43,manual,https://www.youtube.com/watch?v=-M5OtL5mFCE,https://www.youtube.com/watch?v=XxrKCHJiGi8,one video is carrying the average; views are low for the subscriber count; monetized but missing at least one High criterion,True,15,True,True,2026-10-06T15:33:30+00:00
Izzythrills,https://www.youtube.com/@izzythrills,izzythrills17@gmail.com,No,affiliate_only,travel,1402,10400,Mid,,,,,,,,,UClo6WwbUqq4m3lkq9yL0Yew,24,3,238,3.49,0.1348,True,False,amzn.to; link hub: linktr.ee,,0.4,channel_description,https://www.youtube.com/watch?v=FNiUx3ASgAI,https://www.youtube.com/watch?v=5WjtO-Zn8So,one video is carrying the average; monetized but missing at least one High criterion,True,15,True,True,2026-10-06T15:45:41+00:00
Hiking Daydreams,https://www.youtube.com/@hikingdaydreams,hikingdaydreams@gmail.com,No,affiliate_only,outdoors,1839,754,Mid,,,,,,,,,UCDfYiijPEv55yzItzTO1IeQ,6,1,76,5.27,2.439,True,False,amzn.to,,0.79,channel_description,https://www.youtube.com/watch?v=PG1oS_Zl_TY,https://www.youtube.com/watch?v=ODK7xb-SoHY,one video is carrying the average; monetized but missing at least one High criterion,True,15,True,True,2026-10-06T15:54:56+00:00
CNN,https://www.youtube.com/@CNN,,No,none,,0,19900000,Mid,,,,,,,,,UCupvZG-5ko_eiXAupbDfxWw,30,0,0,,0.0,True,False,ebook,,0.0,manual,,,views are low for the subscriber count; monetized but missing at least one High criterion,True,0,True,True,2026-10-06T15:32:53+00:00
CBS Mornings,https://www.youtube.com/@CBSMornings,licensing@veritone.com,No,none,,0,3320000,Mid,,,,,,,,,UC-SJ6nODDmufqBzPBwCvYvQ,22,0,0,,0.0,True,False,ebook,,0.0,channel_description,,,views are low for the subscriber count; monetized but missing at least one High criterion,True,0,True,True,2026-10-06T15:57:48+00:00
Ryan Trahan,https://www.youtube.com/@ryan,hi@trahan.co,No,none,travel,10806666,24000000,Low,,,,,,,,,UCnmGIkw-KdI0W5siakKPKog,2,21,7700000,0.28,0.4503,False,False,,,1.0,channel_description,https://www.youtube.com/watch?v=mViuRAt-pWc,https://www.youtube.com/watch?v=z2SPBQMrye8,no monetization found; rare uploads,False,15,True,True,2026-10-06T15:42:38+00:00
Drew Builds Stuff,https://www.youtube.com/@DrewBuildsStuff,,No,none,outdoors,6919533,1990000,Low,,,,,,,,,UC073quTeFarhKNe8ZuC6Qig,1,30,7000000,0.2,3.4772,False,False,,,0.67,manual,https://www.youtube.com/watch?v=kkbW1dTwmag,https://www.youtube.com/watch?v=QDLLgV2fgx4,no monetization found; rare uploads,False,15,True,True,2026-10-06T15:51:34+00:00
Genevieve's Playhouse - Learning Videos for Kids,https://www.youtube.com/@GenevievesPlayhouse,,No,none,outdoors,8439466,51100000,Low,,,,,,,,,UCK5Q72Uyo73uRPk8PmM2A3w,14,1,4500000,1.1,0.1652,False,False,,,0.5,manual,https://www.youtube.com/watch?v=ey5y1Kje018,https://www.youtube.com/watch?v=AstFnapK-Qs,no monetization found; no clear niche,False,15,True,True,2026-10-06T15:52:35+00:00
Bikes and Beards,https://www.youtube.com/@BikesandBeards,sponsorthebeards@gmail.com,No,none,lifestyle_vlog,733666,2840000,Low,,,,,,,,,UCEbCRO739v3_RDmv6_aw1QQ,13,4,647000,0.99,0.2583,False,False,,,0.5,channel_description,https://www.youtube.com/watch?v=ZkTv0KZnQiE,https://www.youtube.com/watch?v=v6j0JwdjXgM,no monetization found; no clear niche,False,15,True,True,2026-10-06T15:37:47+00:00
Austin Seder,https://www.youtube.com/@austinseder,,No,none,outdoors,641500,9880,Low,,,,,,,,,UCJE5GKZBf6Yn7PeXn3jCxmg,0,730,641500,,64.9291,False,False,,,1.0,manual,https://www.youtube.com/watch?v=nzCZdMyQuQ0,https://www.youtube.com/watch?v=nzCZdMyQuQ0,no monetization found; rare uploads; stale channel,False,2,True,True,2026-10-06T15:53:46+00:00
Nathan Brooks,https://www.youtube.com/@nathanoutside,nathan23brooks@gmail.com,No,none,outdoors,502350,4670,Low,,,,,,,,,UCqF6wVs5z605Wo0YJzEv8jQ,0,1096,502350,,107.5696,False,False,,,1.0,channel_description,https://www.youtube.com/watch?v=nEbXFIlFxWs,https://www.youtube.com/watch?v=nEbXFIlFxWs,no monetization found; rare uploads; stale channel,False,2,True,True,2026-10-06T15:54:01+00:00
Builders Blueprint,https://www.youtube.com/@buildersblueprint,,No,affiliate_only,fitness,1168753,464000,Low,,,,,,,,,UCJkJxjQ31aBNySb3JBH0_Yw,1,61,483000,0.56,2.5189,True,True,amazon.com/shop; sponsor read,,0.5,manual,https://www.youtube.com/watch?v=PKXhXLAm6LE,https://www.youtube.com/watch?v=9XyHAcUWKE8,one video is carrying the average; rare uploads; stale channel; no clear niche,True,15,True,True,2026-10-06T15:52:28+00:00
Waimea Wanders,https://www.youtube.com/@waimeawanders,,No,none,food,478550,7310,Low,,,,,,,,,UCZdr4_LtpEFJtQbEBXcbciQ,0,91,478550,,65.4651,False,False,,,0.5,manual,https://www.youtube.com/watch?v=XC5-6j1dCUw,https://www.youtube.com/watch?v=XC5-6j1dCUw,no monetization found; rare uploads; stale channel; no clear niche,False,2,True,True,2026-10-06T15:53:32+00:00
DualEx,https://www.youtube.com/@Dualex_Builds,,No,affiliate_only,running_endurance,2093750,941000,Low,,,,,,,,,UCJ4Dx798nFsEdsBv5m4_eOA,0,122,421500,0.4,2.225,True,False,amazon.com/shop,,0.44,manual,https://www.youtube.com/watch?v=HzesJKyrjqE,https://www.youtube.com/watch?v=0KOO4U1R8pw,one video is carrying the average; rare uploads; stale channel; no clear niche,True,15,True,True,2026-10-06T15:51:42+00:00
The Bear Essentials,https://www.youtube.com/@TheBearEssentials,,No,none,outdoors,473400,1510000,Low,,,,,,,,,UCmT69Nr6zmp4DMW3IZee6zw,1,28,295000,8.24,0.3135,False,False,,,1.0,manual,https://www.youtube.com/watch?v=Bbnmj8CEJ8o,https://www.youtube.com/watch?v=Lja-zfAVSCA,no monetization found; rare uploads,False,15,True,True,2026-10-06T15:25:15+00:00
Bushcraft improvisation,https://www.youtube.com/@Bushcraftimprovisation,bushcraftimprov@gmail.com,No,none,outdoors,2043866,2480000,Low,,,,,,,,,UCI9zpG0EGiiMLmaHtQxeyYw,2,21,245000,0.5,0.8241,False,False,,,0.93,channel_description,https://www.youtube.com/watch?v=OTO5E-Asmhw,https://www.youtube.com/watch?v=WCD9b4US224,one video is carrying the average; no monetization found; rare uploads,True,15,True,True,2026-10-06T15:42:22+00:00
Traveler's Tale,https://www.youtube.com/@TravelersTale,taleoftwotravelersyt@gmail.com,No,none,outdoors,650800,240000,Low,,,,,,,,,UC2Zxpa1vxlRLp6tvEg_lE1g,2,9,221000,0.88,2.7117,False,False,,,0.92,channel_description,https://www.youtube.com/watch?v=Yb4Ejiu_pTU,https://www.youtube.com/watch?v=Kq8mtJKizCo,one video is carrying the average; no monetization found; rare uploads,True,15,True,True,2026-10-06T15:25:54+00:00
Julie Zweng,https://www.youtube.com/@juliezweng,,No,none,outdoors,204000,1550,Low,,,,,,,,,UCPU-cg_k-5k5EFOi7bgXRQw,0,1096,204000,,131.6129,False,False,,,1.0,manual,https://www.youtube.com/watch?v=Is41XTwl1tM,https://www.youtube.com/watch?v=Is41XTwl1tM,no monetization found; rare uploads; stale channel,False,1,True,True,2026-10-06T15:56:46+00:00
Feral Foraging,https://www.youtube.com/@FeralForaging,,No,none,nutrition,173086,552000,Low,,,,,,,,,UCmngd6QbE67Dvc9kRnrlToA,1,21,151000,1.31,0.3136,False,False,,,1.0,manual,https://www.youtube.com/watch?v=t8zHO7rNsjk,https://www.youtube.com/watch?v=MqHFyjVJ0kI,no monetization found; rare uploads,False,15,True,True,2026-10-06T15:43:17+00:00
Microwave Society,https://www.youtube.com/@MicrowaveSociety,,No,none,outdoors,170000,669000,Low,,,,,,,,,UCj4UXVeHysxeTbZj7oEQd-Q,14,2,150000,1.31,0.2541,False,False,,,0.5,manual,https://www.youtube.com/watch?v=Snx1rN8Uz4w,https://www.youtube.com/watch?v=4VHVGh-hviE,no monetization found; no clear niche,False,15,True,True,2026-10-06T15:37:15+00:00
StoneAgeMan,https://www.youtube.com/@untamedscience,,Yes,community_or_membership,food,419400,502000,Low,,,,,,,,,UCFAbxaVl6PJMwbMMXX9ZcNw,0,91,147000,4.67,0.8355,True,False,patreon.com; ebook; amzn.to,,0.5,manual,https://www.youtube.com/watch?v=_mbP_YrgWnw,https://www.youtube.com/watch?v=eOGG_5FzlJ4,one video is carrying the average; rare uploads; stale channel; no clear niche,True,15,True,True,2026-10-06T15:40:54+00:00
Sreyvorng Survival,https://www.youtube.com/@BallEngReview,,No,none,outdoors,2101400,1620000,Low,,,,,,,,,UCn3V4G0g7djfPT_u7Sp47xg,0,213,100000,3.68,1.2972,False,False,,,1.0,manual,https://www.youtube.com/watch?v=NDzaaWFi5rA,https://www.youtube.com/watch?v=86IwPbeQo0E,one video is carrying the average; no monetization found; rare uploads; stale channel,True,15,True,True,2026-10-06T15:39:12+00:00
David Rule,https://www.youtube.com/@davidmrule,,No,none,travel,1301733,833000,Low,,,,,,,,,UCIEcomD6jGjTMD4UCIx1dGQ,0,91,97000,0.28,1.5627,False,False,,,0.75,manual,https://www.youtube.com/watch?v=SQMfJDvlfPM,https://www.youtube.com/watch?v=BIZorMuD0vE,one video is carrying the average; no monetization found; rare uploads; stale channel,True,15,True,True,2026-10-06T15:29:22+00:00
Project Yonder,https://www.youtube.com/@projectyonder,,No,none,outdoors,133433,8460,Low,,,,,,,,,UCpYk-Un6SqTj0qf5of0klBA,1,61,84000,,15.7722,False,False,,,1.0,manual,https://www.youtube.com/watch?v=aB9A9quqsdw,https://www.youtube.com/watch?v=uA7ib691Vd8,no monetization found; rare uploads; stale channel,False,6,True,True,2026-10-06T15:51:10+00:00
Outdoors Magic,https://www.youtube.com/@OutdoorsMagicTV,,No,none,outdoors,86833,27100,Low,,,,,,,,,UCr2EYtQAsEMImq6zfJUDpdA,0,274,80000,0.6,3.2042,False,False,,,1.0,manual,https://www.youtube.com/watch?v=04DptYB826Y,https://www.youtube.com/watch?v=RVxBImfRMss,no monetization found; rare uploads; stale channel,False,15,True,True,2026-10-06T15:47:59+00:00
Wendy Outdoors,https://www.youtube.com/@wendyoutdoors2230,,No,none,outdoors,87866,542000,Low,,,,,,,,,UCpnzfVWZrXeU5S0jrWSiIcw,6,13,74000,0.68,0.1621,False,False,,,0.4,manual,https://www.youtube.com/watch?v=RndAKnLIq0s,https://www.youtube.com/watch?v=GU5mO1F723E,no monetization found; no clear niche,False,15,True,True,2026-10-06T15:27:01+00:00
Relaxing with Camping,https://www.youtube.com/@SreynithSomnang,,No,none,outdoors,323266,1920000,Low,,,,,,,,,UC4tVXOcPfG1ld6Mp0Fjudpg,0,91,72000,2.75,0.1684,False,False,,,1.0,manual,https://www.youtube.com/watch?v=VPGddRNvGfg,https://www.youtube.com/watch?v=ZDHXnqOBQCI,one video is carrying the average; no monetization found; rare uploads; stale channel,True,15,True,True,2026-10-06T15:38:49+00:00
Courtney Eve White,https://www.youtube.com/@courtneyevewhite,,No,none,outdoors,172645,25800,Low,,,,,,,,,UCLJ5VgY7ZstSMw7pMGxEdiw,0,274,64000,2.72,6.6917,False,False,,,0.86,manual,https://www.youtube.com/watch?v=GBcn2j3UKy0,https://www.youtube.com/watch?v=GBcn2j3UKy0,one video is carrying the average; no monetization found; rare uploads; stale channel,True,11,True,True,2026-10-06T15:53:39+00:00
Mediocre Amateur,https://www.youtube.com/@MediocreAmateur,,No,none,travel,59000,114000,Low,,,,,,,,,UC-04mJDJUYHEyE8JPIEa0-w,2,9,46000,1.04,0.5175,False,False,,,0.4,manual,https://www.youtube.com/watch?v=fg3O-ld0WzY,https://www.youtube.com/watch?v=_22MH-DekpM,no monetization found; rare uploads; no clear niche,False,15,True,True,2026-10-06T15:58:27+00:00
ThAirCamper,https://www.youtube.com/@ThAirCampers,,No,none,outdoors,82666,6620,Low,,,,,,,,,UCQiVpOD0DnT0kftpUP7nZSA,0,335,39000,,12.4873,False,False,,,1.0,manual,https://www.youtube.com/watch?v=X1pGCXZltP0,https://www.youtube.com/watch?v=ZVLC5PFqwss,one video is carrying the average; no monetization found; rare uploads; stale channel,True,3,True,True,2026-10-06T15:29:45+00:00
megan combo,https://www.youtube.com/@megancombo,,No,none,outdoors,36000,315,Low,,,,,,,,,UC0VVr_4yd2t8VbQb9s4rlzA,0,365,36000,,114.2857,False,False,,,1.0,manual,https://www.youtube.com/watch?v=bq0__pF37I0,https://www.youtube.com/watch?v=bq0__pF37I0,no monetization found; rare uploads; stale channel,False,1,True,True,2026-10-06T15:56:39+00:00
Jeremy Miller,https://www.youtube.com/@jeremy.miller,,No,none,running_endurance,37200,377000,Low,,,,,,,,,UCWf22vfOkDc7FTOrkdKI2rw,9,3,30000,0.47,0.0987,False,False,link hub: linktr.ee,,0.46,manual,https://www.youtube.com/watch?v=LdvCyuhFMXw,https://www.youtube.com/watch?v=4DI_Kt60YyU,no monetization found; no clear niche,False,15,True,True,2026-10-06T15:54:33+00:00
Little Campfires,https://www.youtube.com/@littlecampfires,,No,none,outdoors,57899,24600,Low,,,,,,,,,UCSfvxoHCAZH5C7Qq0u2A4CQ,0,1096,22000,2.31,2.3536,False,False,,,0.89,manual,https://www.youtube.com/watch?v=Zoe47slt-G0,https://www.youtube.com/watch?v=8uSA9bmszOE,one video is carrying the average; no monetization found; rare uploads; stale channel,True,15,True,True,2026-10-06T15:45:33+00:00
Candace,https://www.youtube.com/@cndccc,,No,none,,22000,24,Low,,,,,,,,,UCD4YYaw2u-g-8zDIdKUcVuA,0,3652,22000,,916.6667,True,False,course,,0.0,manual,https://www.youtube.com/watch?v=L1gqyWw-RAM,https://www.youtube.com/watch?v=L1gqyWw-RAM,rare uploads; stale channel; no clear niche,False,1,True,True,2026-10-06T15:48:37+00:00
The Adventure Addicts | Zoe & Kelby,https://www.youtube.com/@the_adventureaddicts,,No,affiliate_only,outdoors,34506,73500,Low,,,,,,,,,UCZG6i-wZK5MOLa5_Vm3VOVQ,1,61,19000,1.14,0.4695,True,False,affiliate,,0.54,manual,https://www.youtube.com/watch?v=20pQBo9OWQU,https://www.youtube.com/watch?v=Q6c2HiW5H3A,rare uploads; stale channel; no clear niche,False,15,True,True,2026-10-06T15:33:38+00:00
Pacific Roamer,https://www.youtube.com/@PacificRoamer,,No,none,outdoors,59926,13900,Low,,,,,,,,,UCR9SS0j1a9Ogu5fArmbB6Ew,0,122,16000,0.34,4.3112,False,False,,,0.64,manual,https://www.youtube.com/watch?v=yaF9ZGE2pj0,https://www.youtube.com/watch?v=gT_uHQ4RuDA,one video is carrying the average; no monetization found; rare uploads; stale channel,True,15,True,True,2026-10-06T15:50:31+00:00
GearTest Outdoors,https://www.youtube.com/@GearTestTV,,No,affiliate_only,travel,146044,47300,Low,,,,,,,,,UCuSv757WywKjiqWe4Lyd-DQ,0,1096,10000,0.63,3.0876,True,False,program; ebook; amzn.to; affiliate,$650,0.58,manual,https://www.youtube.com/watch?v=xdm8xxjr--8,https://www.youtube.com/watch?v=V-N-GJjywLA,one video is carrying the average; rare uploads; stale channel; no clear niche,True,15,True,True,2026-10-06T15:32:48+00:00
Enlightened Equipment,https://www.youtube.com/@EnlightenedEquipment,,No,none,outdoors,14957,5220,Low,,,,,,,,,UC17Rzur2rLoKtx8ZtCbV0yA,0,122,9900,,2.8653,True,False,ebook,,0.5,manual,https://www.youtube.com/watch?v=HRYHOaKi914,https://www.youtube.com/watch?v=HRYHOaKi914,rare uploads; stale channel; no clear niche,False,5,True,True,2026-10-06T15:49:01+00:00
National Park Service Wilderness,https://www.youtube.com/@NPSWilderness,,No,none,outdoors,46873,4120,Low,,,,,,,,,UCGhKztkd69XFMBhZa0goifQ,0,4018,9800,0.83,11.3769,False,False,,,0.5,manual,https://www.youtube.com/watch?v=jXO1uY0MvmQ,https://www.youtube.com/watch?v=xWM0hYyHDvQ,one video is carrying the average; no monetization found; rare uploads; stale channel; no clear niche,True,15,True,True,2026-10-06T15:48:06+00:00
survival shelter ideas,https://www.youtube.com/@survivalshelterideas,,No,none,outdoors,22053,856000,Low,,,,,,,,,UCu4Me576YKiyG_064Xv9Zsw,2,21,7400,0.65,0.0258,False,False,,,1.0,manual,https://www.youtube.com/watch?v=UQNYho-Shlw,https://www.youtube.com/watch?v=9OpbppE35GU,one video is carrying the average; views are low for the subscriber count; no monetization found; rare uploads,True,15,True,True,2026-10-06T15:43:01+00:00
Useful Knowledge,https://www.youtube.com/@useful.knowledge,,No,none,fitness,21666,74400,Low,,,,,,,,,UCVJRpR4Pt61T0wRzjwpgcZw,0,91,7000,3.39,0.2912,False,False,,,1.0,manual,https://www.youtube.com/watch?v=r7IzhCVYinE,https://www.youtube.com/watch?v=3VUQCFo-pcA,one video is carrying the average; no monetization found; rare uploads; stale channel,True,15,True,True,2026-10-06T15:45:17+00:00
Jon Gupta,https://www.youtube.com/@JonGupta,,No,none,outdoors,227829,57100,Low,,,,,,,,,UCwBJxmQQ3FNF6VGjC3l6GwA,1,61,5200,1.07,3.99,False,False,,,0.6,manual,https://www.youtube.com/watch?v=3uVv6KCTOtE,https://www.youtube.com/watch?v=GGV8axWrYik,one video is carrying the average; no monetization found; rare uploads; stale channel,True,15,True,True,2026-10-06T15:58:50+00:00
BROTHER WOOD,https://www.youtube.com/@BROTHER_WOOD_08,,No,none,fitness,62060,89300,Low,,,,,,,,,UC895Ylend3KPLWbssrzzAyw,0,91,4600,0.55,0.695,False,False,,,0.5,manual,https://www.youtube.com/watch?v=QKvk6AtNVDQ,https://www.youtube.com/watch?v=mX1QqpL_TOE,one video is carrying the average; no monetization found; rare uploads; stale channel; no clear niche,True,15,True,True,2026-10-06T15:42:46+00:00
Nickolas Green Outdoors,https://www.youtube.com/@NickolasGreenOutdoors,,Yes,community_or_membership,outdoors,3646,554000,Low,,,,,,,,,UCRQdQSQm8GQNjBP-0IYtkcA,0,91,3800,1.78,0.0066,True,False,patreon.com; merch; spring.com; teespring; ebook,,0.5,manual,https://www.youtube.com/watch?v=5vBr_ppbtB4,https://www.youtube.com/watch?v=hrqml39q8gQ,views are low for the subscriber count; rare uploads; stale channel; no clear niche,True,15,True,True,2026-10-06T15:27:24+00:00
Craig M - Spielberg,https://www.youtube.com/@craig.m.spielberg,,No,none,outdoors,3093,8200,Low,,,,,,,,,UCglql4_gYmnPZeBjJ5MCCeQ,0,1096,3200,1.28,0.3772,False,False,,,1.0,manual,https://www.youtube.com/watch?v=_W_hHWSjp-M,https://www.youtube.com/watch?v=vdOu7rijj68,no monetization found; rare uploads; stale channel,False,15,True,True,2026-10-06T15:56:24+00:00
Beeline Fox,https://www.youtube.com/@beelinefox,beelinefox@icloud.com,No,none,outdoors,2070,6700,Low,,,,,,,,,UC4yt1ST_CM0BsHHHRAWuLdA,0,274,1900,0.82,0.309,False,False,,,0.43,channel_description,https://www.youtube.com/watch?v=vOfEFP4LJoU,https://www.youtube.com/watch?v=etj12jc7xbE,no monetization found; rare uploads; stale channel; no clear niche,False,15,True,True,2026-10-06T15:52:05+00:00
Mikkel Mandrup Fogt,https://www.youtube.com/@wildstraybymikkelbizmandru5793,,No,none,outdoors,12104,705,Low,,,,,,,,,UCQaLaEHZNRxgGVfXA6o0X2A,0,1826,1850,0.02,17.1688,False,False,,,0.8,manual,https://www.youtube.com/watch?v=n93Ydi634e4,https://www.youtube.com/watch?v=BkTwPltZq0w,one video is carrying the average; no monetization found; rare uploads; stale channel,True,8,True,True,2026-10-06T15:55:20+00:00
The Holeshoes,https://www.youtube.com/@TheHoleshoes,,No,none,outdoors,1891,2440,Low,,,,,,,,,UCQNgaTacZ-Cr7tyeZoxBJHA,0,1096,1700,1.38,0.775,False,False,,,0.77,manual,https://www.youtube.com/watch?v=j4vj5Nz5Nv4,https://www.youtube.com/watch?v=j4vj5Nz5Nv4,no monetization found; rare uploads; stale channel,False,15,True,True,2026-10-06T15:54:09+00:00
Trailblazeher,https://www.youtube.com/@trailblazeherTS,,No,none,outdoors,8091,3570,Low,,,,,,,,,UC5Ij4Keunv1gQOZdRDNwWFA,0,91,1400,0.97,2.2664,False,False,,,0.62,manual,https://www.youtube.com/watch?v=nvXOF5mcB_U,https://www.youtube.com/watch?v=LC0HTFrh30w,one video is carrying the average; no monetization found; rare uploads; stale channel,True,15,True,True,2026-10-06T15:47:10+00:00
Gael Chasing Trails,https://www.youtube.com/@gaelchasingtrails2943,,No,none,outdoors,6004,1420,Low,,,,,,,,,UCIYtQA1pBT6idhbUXVB9_ig,2,30,1400,1.63,4.2282,False,False,,,1.0,manual,https://www.youtube.com/watch?v=tWoLZ17xc68,https://www.youtube.com/watch?v=HrmOhMisFEg,one video is carrying the average; no monetization found; rare uploads,True,15,True,True,2026-10-06T15:54:49+00:00
Eddie Bauer,https://www.youtube.com/@EddieBauerNW,,No,none,outdoors,136219,94600,Low,,,,,,,,,UCsp0S1f1qm8fv6els2FyMLA,0,365,1200,0.57,1.4399,True,False,ebook,,0.5,manual,https://www.youtube.com/watch?v=Izlpx7TnWec,https://www.youtube.com/watch?v=cHpo4V5No0A,one video is carrying the average; rare uploads; stale channel; no clear niche,True,15,True,True,2026-10-06T15:58:43+00:00
Follow The Compass North,https://www.youtube.com/@FollowTheCompassNorth,,No,none,travel,6021,401000,Low,,,,,,,,,UC0PDWWdR6UUWmVVWT3Ch5jA,1,1,1100,1.43,0.015,False,False,,,0.33,manual,https://www.youtube.com/watch?v=GOJsrBQWB8k,https://www.youtube.com/watch?v=bp9CWjveyds,one video is carrying the average; views are low for the subscriber count; no monetization found; rare uploads; no clear niche,True,15,True,True,2026-10-06T15:41:02+00:00
Old World Skills,https://www.youtube.com/@oldworldskills,,No,none,outdoors,7410,5430,Low,,,,,,,,,UCQip9qBl_9MC89-VqS3Bo8w,30,1,815,4.56,1.3646,False,False,,,0.6,manual,https://www.youtube.com/watch?v=m9NOEvqyvwE,https://www.youtube.com/watch?v=m9NOEvqyvwE,one video is carrying the average; no monetization found; low views,True,15,True,True,2026-10-06T15:36:58+00:00
The Survival Summit,https://www.youtube.com/@TheSurvivalSummit,,No,affiliate_only,outdoors,928,113000,Low,,,,,,,,,UCK2OHmI0IganPbnnaPNMbsA,0,91,792,0.91,0.0082,True,False,course; ebook; amzn.to; link hub: linktr.ee,,0.75,manual,https://www.youtube.com/watch?v=Q8n10i-_cUM,https://www.youtube.com/watch?v=zmQagjAXzHA,views are low for the subscriber count; rare uploads; stale channel; low views,True,15,True,True,2026-10-06T15:44:27+00:00
Seth's New England Trails,https://www.youtube.com/@RhodySeth,,No,none,travel,813,3310,Low,,,,,,,,,UCL0nrF_XI2VIVYSE_g0gtQA,5,4,757,0.62,0.2456,False,False,,,0.55,manual,https://www.youtube.com/watch?v=tuAHNYR-KOM,https://www.youtube.com/watch?v=897UQagmUaI,no monetization found; no clear niche; low views,False,15,True,True,2026-10-06T15:26:03+00:00
X G,https://www.youtube.com/@OutsideOnline,,No,none,,919,197,Low,,,,,,,,,UCQT_JyrMcI6vVsPbDRWCfLg,0,2922,521,6.51,4.665,False,False,,,0.0,manual,https://www.youtube.com/watch?v=s9DlF-19xts,https://www.youtube.com/watch?v=mSR6CQrrB_w,no monetization found; rare uploads; stale channel; no clear niche; low views,False,9,True,True,2026-10-06T15:34:10+00:00
Hike the Camino,https://www.youtube.com/@hikethecamino,amigothree@gmail.com,No,none,running_endurance,667,685,Low,,,,,,,,,UCwB-9vSeaw4Z4x5CAXHgfig,0,365,493,1.74,0.9737,True,False,ebook,,0.4,channel_description,https://www.youtube.com/watch?v=5I_JiyzgKDU,https://www.youtube.com/watch?v=5I_JiyzgKDU,rare uploads; stale channel; no clear niche; low views,False,15,True,True,2026-10-06T15:57:43+00:00
UTracksTravel,https://www.youtube.com/@UTracksTravel,,No,none,travel,31107,2480,Low,,,,,,,,,UCVqJW9_01g6ypkjjIlWvLyQ,1,14,451,10.42,12.5431,True,False,ebook,,0.4,manual,https://www.youtube.com/watch?v=x-Jc3yEYoqU,https://www.youtube.com/watch?v=x-Jc3yEYoqU,one video is carrying the average; rare uploads; no clear niche; low views,True,15,True,True,2026-10-06T15:57:19+00:00
NC State Parks,https://www.youtube.com/@parksNC,,No,none,outdoors,1818,4820,Low,,,,,,,,,UCSdxcGbuu3HHKPQaXuPDxHg,0,152,436,2.04,0.3772,True,False,ebook,,0.33,manual,https://www.youtube.com/watch?v=hLq6u46cZVA,https://www.youtube.com/watch?v=dnea1Bywn8U,one video is carrying the average; rare uploads; stale channel; no clear niche; low views,True,15,True,True,2026-10-06T15:46:05+00:00
Lauren R S,https://www.youtube.com/@laurenrs,,No,affiliate_only,outdoors,930,6170,Low,,,,,,,,,UCoM3fik5v86x26dwp1L-9Lw,0,183,332,0.23,0.1507,True,False,ebook; affiliate,,0.4,manual,https://www.youtube.com/watch?v=coETfeJ0Xzg,https://www.youtube.com/watch?v=pubZCyzVQA0,one video is carrying the average; rare uploads; stale channel; no clear niche; low views,True,15,True,True,2026-10-06T15:28:35+00:00
TripOutside,https://www.youtube.com/@tripoutside,,No,none,travel,687,203,Low,,,,,,,,,UCGv2CO1r2lfMLPmVu29wt-Q,0,122,247,1.03,3.3842,True,False,course,,0.55,manual,https://www.youtube.com/watch?v=llLH0w5qxrk,https://www.youtube.com/watch?v=QTC7hTR6js4,one video is carrying the average; rare uploads; stale channel; no clear niche; low views,True,15,True,True,2026-10-06T15:48:45+00:00
Seth Maxwell,https://www.youtube.com/@SethMaxwell,,No,none,outdoors,792,16700,Low,,,,,,,,,UC_UWXe0uY1hDdVTbxSSKqVQ,0,274,228,1.99,0.0474,False,False,,,1.0,manual,https://www.youtube.com/watch?v=aj21k1vwDic,https://www.youtube.com/watch?v=-G9iYX4R3Io,one video is carrying the average; no monetization found; rare uploads; stale channel; low views,True,15,True,True,2026-10-06T15:36:43+00:00
Fred the adventurer,https://www.youtube.com/@fredlaventurier,frederic.mullis@gmail.com,No,none,outdoors,12627,130,Low,,,,,,,,,UCOIUq3DJWCWAAwnc06RnlPQ,0,365,219,0.24,97.1308,True,False,ebook,,0.5,channel_description,https://www.youtube.com/watch?v=jKtQkahZYQE,https://www.youtube.com/watch?v=tvexijmw6_w,one video is carrying the average; rare uploads; stale channel; no clear niche; low views,True,10,True,True,2026-10-06T15:55:04+00:00
Wild Woodsman,https://www.youtube.com/@WildWoodsman,,No,none,outdoors,361,333,Low,,,,,,,,,UC9YWz7S9EFki5ZawzS0CmXA,0,730,139,3.63,1.0841,False,False,,,0.86,manual,https://www.youtube.com/watch?v=DCujRCuiNnk,https://www.youtube.com/watch?v=-4GeObGRd-g,one video is carrying the average; no monetization found; rare uploads; stale channel; low views,True,15,True,True,2026-10-06T15:48:14+00:00
Enwild,https://www.youtube.com/@Enwild,,No,none,,0,89200,Low,,,,,,,,,UCJxtcCJNYwMLjZh8ZyyGAew,0,5,0,,0.0,True,False,ebook,,0.0,manual,,,views are low for the subscriber count; rare uploads; no clear niche; low views,True,0,True,True,2026-10-06T15:33:22+00:00
Make It Easy Education,https://www.youtube.com/@MakeItEasyEducation,,No,none,,0,128000,Low,,,,,,,,,UCW7WugaHVra-5NaONjZmwGQ,0,1,0,,0.0,False,False,,,0.0,manual,,,views are low for the subscriber count; no monetization found; rare uploads; no clear niche; low views,True,0,True,True,2026-10-06T15:44:11+00:00
