#,Channel,FirstName,Email,Subs,Niche,Cadence,Country,Handle,Subject,Body,Followup1,Followup2,Status,ThreadId,LastSent,Touch
1,The Lovers Passport,,,102000,travel,weekly,United States,@TheLoversPassport,built something for The Lovers Passport,"Hey {{firstName}},

[WATCH] <- one line about their most recent video, written by you

You're posting weekly and holding it, which is the hard part. The question is what you'd make if the edit wasn't yours to do.

With travel the footage is already good. Retention comes from how the story is shaped and what the sound is doing underneath it, which is the part that's easy to lose when you're also the one who shot it.

I put together a 90 second breakdown of one of your recent videos - three specific places where the pacing and sound are costing you retention, with the fixes. No pitch in it, just the edit notes.

Want me to send it over?

JB
JB Medias - jbmedias.com","Hey {{firstName}},

Just bumping this in case it got buried.

The reason I reached out is that most creators at your size are still cutting
their own videos, and it quietly caps how often they can post.

That 90 second breakdown of your recent video is still sitting here.

Want me to send it over?

JB","Hey {{firstName}},

Reaching out one last time.

I know you probably get pitched by editors constantly, which is why I would
rather just show you the work than describe it.

The breakdown shows exactly what I would change in one of your videos and why -
three cuts, the sound underneath them, and what it does to the drop-off.

Want me to send it over?

JB",,,,
2,michaela amari,,,102000,vlog/fitness,biweekly,United States,@michaelaamari,built something for michaela amari,"Hey {{firstName}},

[WATCH] <- one line about their most recent video, written by you

You're posting every couple of weeks. In my experience that's usually the edit setting the pace rather than the ideas.

With training content the pacing decides everything - whether someone finishes the video or bails during the third set. Most of the drop-off I see is rhythm, not information.

I put together a 90 second breakdown of one of your recent videos - three specific places where the pacing and sound are costing you retention, with the fixes. No pitch in it, just the edit notes.

Want me to send it over?

JB
JB Medias - jbmedias.com","Hey {{firstName}},

Just bumping this in case it got buried.

The reason I reached out is that most creators at your size are still cutting
their own videos, and it quietly caps how often they can post.

That 90 second breakdown of your recent video is still sitting here.

Want me to send it over?

JB","Hey {{firstName}},

Reaching out one last time.

I know you probably get pitched by editors constantly, which is why I would
rather just show you the work than describe it.

The breakdown shows exactly what I would change in one of your videos and why -
three cuts, the sound underneath them, and what it does to the drop-off.

Want me to send it over?

JB",,,,
3,maggy,,,102000,vlog/fitness,monthly,,@maggymaa,built something for maggy,"Hey {{firstName}},

[WATCH] <- one line about their most recent video, written by you

I noticed you're posting about once a month. At 102k that usually means you're cutting them yourself, and the edit is what's eating the month.

With training content the pacing decides everything - whether someone finishes the video or bails during the third set. Most of the drop-off I see is rhythm, not information.

I put together a 90 second breakdown of one of your recent videos - three specific places where the pacing and sound are costing you retention, with the fixes. No pitch in it, just the edit notes.

Want me to send it over?

JB
JB Medias - jbmedias.com","Hey {{firstName}},

Just bumping this in case it got buried.

The reason I reached out is that most creators at your size are still cutting
their own videos, and it quietly caps how often they can post.

That 90 second breakdown of your recent video is still sitting here.

Want me to send it over?

JB","Hey {{firstName}},

Reaching out one last time.

I know you probably get pitched by editors constantly, which is why I would
rather just show you the work than describe it.

The breakdown shows exactly what I would change in one of your videos and why -
three cuts, the sound underneath them, and what it does to the drop-off.

Want me to send it over?

JB",,,,
4,Camden David,,,103000,travel,biweekly,United States,@camdendavid,built something for Camden David,"Hey {{firstName}},

[WATCH] <- one line about their most recent video, written by you

You're posting every couple of weeks. In my experience that's usually the edit setting the pace rather than the ideas.

With travel the footage is already good. Retention comes from how the story is shaped and what the sound is doing underneath it, which is the part that's easy to lose when you're also the one who shot it.

I put together a 90 second breakdown of one of your recent videos - three specific places where the pacing and sound are costing you retention, with the fixes. No pitch in it, just the edit notes.

Want me to send it over?

JB
JB Medias - jbmedias.com","Hey {{firstName}},

Just bumping this in case it got buried.

The reason I reached out is that most creators at your size are still cutting
their own videos, and it quietly caps how often they can post.

That 90 second breakdown of your recent video is still sitting here.

Want me to send it over?

JB","Hey {{firstName}},

Reaching out one last time.

I know you probably get pitched by editors constantly, which is why I would
rather just show you the work than describe it.

The breakdown shows exactly what I would change in one of your videos and why -
three cuts, the sound underneath them, and what it does to the drop-off.

Want me to send it over?

JB",,,,
5,Ritzy Travel Guide,,,104000,travel,biweekly,United Kingdom,@ritzytravelguide,built something for Ritzy Travel Guide,"Hey {{firstName}},

[WATCH] <- one line about their most recent video, written by you

You're posting every couple of weeks. In my experience that's usually the edit setting the pace rather than the ideas.

With travel the footage is already good. Retention comes from how the story is shaped and what the sound is doing underneath it, which is the part that's easy to lose when you're also the one who shot it.

I put together a 90 second breakdown of one of your recent videos - three specific places where the pacing and sound are costing you retention, with the fixes. No pitch in it, just the edit notes.

Want me to send it over?

JB
JB Medias - jbmedias.com","Hey {{firstName}},

Just bumping this in case it got buried.

The reason I reached out is that most creators at your size are still cutting
their own videos, and it quietly caps how often they can post.

That 90 second breakdown of your recent video is still sitting here.

Want me to send it over?

JB","Hey {{firstName}},

Reaching out one last time.

I know you probably get pitched by editors constantly, which is why I would
rather just show you the work than describe it.

The breakdown shows exactly what I would change in one of your videos and why -
three cuts, the sound underneath them, and what it does to the drop-off.

Want me to send it over?

JB",,,,
6,Travel Spree,,,104000,travel,weekly,United States,@TravelSpreeOfficial,built something for Travel Spree,"Hey {{firstName}},

[WATCH] <- one line about their most recent video, written by you

You're posting weekly and holding it, which is the hard part. The question is what you'd make if the edit wasn't yours to do.

With travel the footage is already good. Retention comes from how the story is shaped and what the sound is doing underneath it, which is the part that's easy to lose when you're also the one who shot it.

I put together a 90 second breakdown of one of your recent videos - three specific places where the pacing and sound are costing you retention, with the fixes. No pitch in it, just the edit notes.

Want me to send it over?

JB
JB Medias - jbmedias.com","Hey {{firstName}},

Just bumping this in case it got buried.

The reason I reached out is that most creators at your size are still cutting
their own videos, and it quietly caps how often they can post.

That 90 second breakdown of your recent video is still sitting here.

Want me to send it over?

JB","Hey {{firstName}},

Reaching out one last time.

I know you probably get pitched by editors constantly, which is why I would
rather just show you the work than describe it.

The breakdown shows exactly what I would change in one of your videos and why -
three cuts, the sound underneath them, and what it does to the drop-off.

Want me to send it over?

JB",,,,
7,Phil Mosley - MyProCoach Triathlon Training,,,104000,vlog/fitness,biweekly,United Kingdom,@myprocoach123,built something for Phil Mosley - MyProCoach Triathlon Training,"Hey {{firstName}},

[WATCH] <- one line about their most recent video, written by you

You're posting every couple of weeks. In my experience that's usually the edit setting the pace rather than the ideas.

With training content the pacing decides everything - whether someone finishes the video or bails during the third set. Most of the drop-off I see is rhythm, not information.

I put together a 90 second breakdown of one of your recent videos - three specific places where the pacing and sound are costing you retention, with the fixes. No pitch in it, just the edit notes.

Want me to send it over?

JB
JB Medias - jbmedias.com","Hey {{firstName}},

Just bumping this in case it got buried.

The reason I reached out is that most creators at your size are still cutting
their own videos, and it quietly caps how often they can post.

That 90 second breakdown of your recent video is still sitting here.

Want me to send it over?

JB","Hey {{firstName}},

Reaching out one last time.

I know you probably get pitched by editors constantly, which is why I would
rather just show you the work than describe it.

The breakdown shows exactly what I would change in one of your videos and why -
three cuts, the sound underneath them, and what it does to the drop-off.

Want me to send it over?

JB",,,,
8,Just Elias,,,95400,vlog/fitness,biweekly,,@just_elias,built something for Just Elias,"Hey {{firstName}},

[WATCH] <- one line about their most recent video, written by you

You're posting every couple of weeks. In my experience that's usually the edit setting the pace rather than the ideas.

With training content the pacing decides everything - whether someone finishes the video or bails during the third set. Most of the drop-off I see is rhythm, not information.

I put together a 90 second breakdown of one of your recent videos - three specific places where the pacing and sound are costing you retention, with the fixes. No pitch in it, just the edit notes.

Want me to send it over?

JB
JB Medias - jbmedias.com","Hey {{firstName}},

Just bumping this in case it got buried.

The reason I reached out is that most creators at your size are still cutting
their own videos, and it quietly caps how often they can post.

That 90 second breakdown of your recent video is still sitting here.

Want me to send it over?

JB","Hey {{firstName}},

Reaching out one last time.

I know you probably get pitched by editors constantly, which is why I would
rather just show you the work than describe it.

The breakdown shows exactly what I would change in one of your videos and why -
three cuts, the sound underneath them, and what it does to the drop-off.

Want me to send it over?

JB",,,,
9,Living the life you love,,,94000,vlog/fitness,weekly,United Kingdom,@Livingthelifeyoulove,built something for Living the life you love,"Hey {{firstName}},

[WATCH] <- one line about their most recent video, written by you

You're posting weekly and holding it, which is the hard part. The question is what you'd make if the edit wasn't yours to do.

With training content the pacing decides everything - whether someone finishes the video or bails during the third set. Most of the drop-off I see is rhythm, not information.

I put together a 90 second breakdown of one of your recent videos - three specific places where the pacing and sound are costing you retention, with the fixes. No pitch in it, just the edit notes.

Want me to send it over?

JB
JB Medias - jbmedias.com","Hey {{firstName}},

Just bumping this in case it got buried.

The reason I reached out is that most creators at your size are still cutting
their own videos, and it quietly caps how often they can post.

That 90 second breakdown of your recent video is still sitting here.

Want me to send it over?

JB","Hey {{firstName}},

Reaching out one last time.

I know you probably get pitched by editors constantly, which is why I would
rather just show you the work than describe it.

The breakdown shows exactly what I would change in one of your videos and why -
three cuts, the sound underneath them, and what it does to the drop-off.

Want me to send it over?

JB",,,,
10,Cal,,,107000,travel,weekly,Canada,@thebangkokguide,built something for Cal,"Hey {{firstName}},

[WATCH] <- one line about their most recent video, written by you

You're posting weekly and holding it, which is the hard part. The question is what you'd make if the edit wasn't yours to do.

With travel the footage is already good. Retention comes from how the story is shaped and what the sound is doing underneath it, which is the part that's easy to lose when you're also the one who shot it.

I put together a 90 second breakdown of one of your recent videos - three specific places where the pacing and sound are costing you retention, with the fixes. No pitch in it, just the edit notes.

Want me to send it over?

JB
JB Medias - jbmedias.com","Hey {{firstName}},

Just bumping this in case it got buried.

The reason I reached out is that most creators at your size are still cutting
their own videos, and it quietly caps how often they can post.

That 90 second breakdown of your recent video is still sitting here.

Want me to send it over?

JB","Hey {{firstName}},

Reaching out one last time.

I know you probably get pitched by editors constantly, which is why I would
rather just show you the work than describe it.

The breakdown shows exactly what I would change in one of your videos and why -
three cuts, the sound underneath them, and what it does to the drop-off.

Want me to send it over?

JB",,,,
11,National Academy of Sports Medicine (NASM),,,107000,vlog/fitness,weekly,,@NasmOrgPersonalTrainer,built something for National Academy of Sports Medicine (NASM),"Hey {{firstName}},

[WATCH] <- one line about their most recent video, written by you

You're posting weekly and holding it, which is the hard part. The question is what you'd make if the edit wasn't yours to do.

With training content the pacing decides everything - whether someone finishes the video or bails during the third set. Most of the drop-off I see is rhythm, not information.

I put together a 90 second breakdown of one of your recent videos - three specific places where the pacing and sound are costing you retention, with the fixes. No pitch in it, just the edit notes.

Want me to send it over?

JB
JB Medias - jbmedias.com","Hey {{firstName}},

Just bumping this in case it got buried.

The reason I reached out is that most creators at your size are still cutting
their own videos, and it quietly caps how often they can post.

That 90 second breakdown of your recent video is still sitting here.

Want me to send it over?

JB","Hey {{firstName}},

Reaching out one last time.

I know you probably get pitched by editors constantly, which is why I would
rather just show you the work than describe it.

The breakdown shows exactly what I would change in one of your videos and why -
three cuts, the sound underneath them, and what it does to the drop-off.

Want me to send it over?

JB",,,,
12,Explorcation,,,92200,travel,biweekly,United States,@Explorcation,built something for Explorcation,"Hey {{firstName}},

[WATCH] <- one line about their most recent video, written by you

You're posting every couple of weeks. In my experience that's usually the edit setting the pace rather than the ideas.

With travel the footage is already good. Retention comes from how the story is shaped and what the sound is doing underneath it, which is the part that's easy to lose when you're also the one who shot it.

I put together a 90 second breakdown of one of your recent videos - three specific places where the pacing and sound are costing you retention, with the fixes. No pitch in it, just the edit notes.

Want me to send it over?

JB
JB Medias - jbmedias.com","Hey {{firstName}},

Just bumping this in case it got buried.

The reason I reached out is that most creators at your size are still cutting
their own videos, and it quietly caps how often they can post.

That 90 second breakdown of your recent video is still sitting here.

Want me to send it over?

JB","Hey {{firstName}},

Reaching out one last time.

I know you probably get pitched by editors constantly, which is why I would
rather just show you the work than describe it.

The breakdown shows exactly what I would change in one of your videos and why -
three cuts, the sound underneath them, and what it does to the drop-off.

Want me to send it over?

JB",,,,
13,Sorta Healthy Trainer Education,,,108000,vlog/fitness,biweekly,United States,@SortaHealthyTrainerEducation,built something for Sorta Healthy Trainer Education,"Hey {{firstName}},

[WATCH] <- one line about their most recent video, written by you

You're posting every couple of weeks. In my experience that's usually the edit setting the pace rather than the ideas.

With training content the pacing decides everything - whether someone finishes the video or bails during the third set. Most of the drop-off I see is rhythm, not information.

I put together a 90 second breakdown of one of your recent videos - three specific places where the pacing and sound are costing you retention, with the fixes. No pitch in it, just the edit notes.

Want me to send it over?

JB
JB Medias - jbmedias.com","Hey {{firstName}},

Just bumping this in case it got buried.

The reason I reached out is that most creators at your size are still cutting
their own videos, and it quietly caps how often they can post.

That 90 second breakdown of your recent video is still sitting here.

Want me to send it over?

JB","Hey {{firstName}},

Reaching out one last time.

I know you probably get pitched by editors constantly, which is why I would
rather just show you the work than describe it.

The breakdown shows exactly what I would change in one of your videos and why -
three cuts, the sound underneath them, and what it does to the drop-off.

Want me to send it over?

JB",,,,
14,Holiday Expert,,,109000,travel,monthly,United Kingdom,https://www.youtube.com/c/CheapHolidayExpert,built something for Holiday Expert,"Hey {{firstName}},

[WATCH] <- one line about their most recent video, written by you

I noticed you're posting about once a month. At 109k that usually means you're cutting them yourself, and the edit is what's eating the month.

With travel the footage is already good. Retention comes from how the story is shaped and what the sound is doing underneath it, which is the part that's easy to lose when you're also the one who shot it.

I put together a 90 second breakdown of one of your recent videos - three specific places where the pacing and sound are costing you retention, with the fixes. No pitch in it, just the edit notes.

Want me to send it over?

JB
JB Medias - jbmedias.com","Hey {{firstName}},

Just bumping this in case it got buried.

The reason I reached out is that most creators at your size are still cutting
their own videos, and it quietly caps how often they can post.

That 90 second breakdown of your recent video is still sitting here.

Want me to send it over?

JB","Hey {{firstName}},

Reaching out one last time.

I know you probably get pitched by editors constantly, which is why I would
rather just show you the work than describe it.

The breakdown shows exactly what I would change in one of your videos and why -
three cuts, the sound underneath them, and what it does to the drop-off.

Want me to send it over?

JB",,,,
15,McKenzie Morgan,,,90900,travel,weekly,United States,@styledbymckenz,built something for McKenzie Morgan,"Hey {{firstName}},

[WATCH] <- one line about their most recent video, written by you

You're posting weekly and holding it, which is the hard part. The question is what you'd make if the edit wasn't yours to do.

With travel the footage is already good. Retention comes from how the story is shaped and what the sound is doing underneath it, which is the part that's easy to lose when you're also the one who shot it.

I put together a 90 second breakdown of one of your recent videos - three specific places where the pacing and sound are costing you retention, with the fixes. No pitch in it, just the edit notes.

Want me to send it over?

JB
JB Medias - jbmedias.com","Hey {{firstName}},

Just bumping this in case it got buried.

The reason I reached out is that most creators at your size are still cutting
their own videos, and it quietly caps how often they can post.

That 90 second breakdown of your recent video is still sitting here.

Want me to send it over?

JB","Hey {{firstName}},

Reaching out one last time.

I know you probably get pitched by editors constantly, which is why I would
rather just show you the work than describe it.

The breakdown shows exactly what I would change in one of your videos and why -
three cuts, the sound underneath them, and what it does to the drop-off.

Want me to send it over?

JB",,,,
16,Ivan de Guzman,,,110000,travel,weekly,Philippines,@ivandeguzman,built something for Ivan de Guzman,"Hey {{firstName}},

[WATCH] <- one line about their most recent video, written by you

You're posting weekly and holding it, which is the hard part. The question is what you'd make if the edit wasn't yours to do.

With travel the footage is already good. Retention comes from how the story is shaped and what the sound is doing underneath it, which is the part that's easy to lose when you're also the one who shot it.

I put together a 90 second breakdown of one of your recent videos - three specific places where the pacing and sound are costing you retention, with the fixes. No pitch in it, just the edit notes.

Want me to send it over?

JB
JB Medias - jbmedias.com","Hey {{firstName}},

Just bumping this in case it got buried.

The reason I reached out is that most creators at your size are still cutting
their own videos, and it quietly caps how often they can post.

That 90 second breakdown of your recent video is still sitting here.

Want me to send it over?

JB","Hey {{firstName}},

Reaching out one last time.

I know you probably get pitched by editors constantly, which is why I would
rather just show you the work than describe it.

The breakdown shows exactly what I would change in one of your videos and why -
three cuts, the sound underneath them, and what it does to the drop-off.

Want me to send it over?

JB",,,,
17,Rebecca Hobson,,,111000,travel,monthly,United Kingdom,@mrsrebeccahobson,built something for Rebecca Hobson,"Hey {{firstName}},

[WATCH] <- one line about their most recent video, written by you

I noticed you're posting about once a month. At 111k that usually means you're cutting them yourself, and the edit is what's eating the month.

With travel the footage is already good. Retention comes from how the story is shaped and what the sound is doing underneath it, which is the part that's easy to lose when you're also the one who shot it.

I put together a 90 second breakdown of one of your recent videos - three specific places where the pacing and sound are costing you retention, with the fixes. No pitch in it, just the edit notes.

Want me to send it over?

JB
JB Medias - jbmedias.com","Hey {{firstName}},

Just bumping this in case it got buried.

The reason I reached out is that most creators at your size are still cutting
their own videos, and it quietly caps how often they can post.

That 90 second breakdown of your recent video is still sitting here.

Want me to send it over?

JB","Hey {{firstName}},

Reaching out one last time.

I know you probably get pitched by editors constantly, which is why I would
rather just show you the work than describe it.

The breakdown shows exactly what I would change in one of your videos and why -
three cuts, the sound underneath them, and what it does to the drop-off.

Want me to send it over?

JB",,,,
18,UHM - Upcoming Horror Movies,,,112000,vlog/fitness,weekly,United States,@UHMovies,built something for UHM - Upcoming Horror Movies,"Hey {{firstName}},

[WATCH] <- one line about their most recent video, written by you

You're posting weekly and holding it, which is the hard part. The question is what you'd make if the edit wasn't yours to do.

With training content the pacing decides everything - whether someone finishes the video or bails during the third set. Most of the drop-off I see is rhythm, not information.

You've got a membership running off the back of the channel, so the videos aren't just content - they're the top of the funnel.

I put together a 90 second breakdown of one of your recent videos - three specific places where the pacing and sound are costing you retention, with the fixes. No pitch in it, just the edit notes.

Want me to send it over?

JB
JB Medias - jbmedias.com","Hey {{firstName}},

Just bumping this in case it got buried.

The reason I reached out is that most creators at your size are still cutting
their own videos, and it quietly caps how often they can post.

That 90 second breakdown of your recent video is still sitting here.

Want me to send it over?

JB","Hey {{firstName}},

Reaching out one last time.

I know you probably get pitched by editors constantly, which is why I would
rather just show you the work than describe it.

The breakdown shows exactly what I would change in one of your videos and why -
three cuts, the sound underneath them, and what it does to the drop-off.

Want me to send it over?

JB",,,,
19,The Frugal Brit - Orlando,,,114000,travel,biweekly,United Kingdom,@TheFrugalBrit,built something for The Frugal Brit - Orlando,"Hey {{firstName}},

[WATCH] <- one line about their most recent video, written by you

You're posting every couple of weeks. In my experience that's usually the edit setting the pace rather than the ideas.

With travel the footage is already good. Retention comes from how the story is shaped and what the sound is doing underneath it, which is the part that's easy to lose when you're also the one who shot it.

I put together a 90 second breakdown of one of your recent videos - three specific places where the pacing and sound are costing you retention, with the fixes. No pitch in it, just the edit notes.

Want me to send it over?

JB
JB Medias - jbmedias.com","Hey {{firstName}},

Just bumping this in case it got buried.

The reason I reached out is that most creators at your size are still cutting
their own videos, and it quietly caps how often they can post.

That 90 second breakdown of your recent video is still sitting here.

Want me to send it over?

JB","Hey {{firstName}},

Reaching out one last time.

I know you probably get pitched by editors constantly, which is why I would
rather just show you the work than describe it.

The breakdown shows exactly what I would change in one of your videos and why -
three cuts, the sound underneath them, and what it does to the drop-off.

Want me to send it over?

JB",,,,
20,World Travel Guide,,,114000,travel,monthly,United States,@RealWorldTravelGuide,built something for World Travel Guide,"Hey {{firstName}},

[WATCH] <- one line about their most recent video, written by you

I noticed you're posting about once a month. At 114k that usually means you're cutting them yourself, and the edit is what's eating the month.

With travel the footage is already good. Retention comes from how the story is shaped and what the sound is doing underneath it, which is the part that's easy to lose when you're also the one who shot it.

I put together a 90 second breakdown of one of your recent videos - three specific places where the pacing and sound are costing you retention, with the fixes. No pitch in it, just the edit notes.

Want me to send it over?

JB
JB Medias - jbmedias.com","Hey {{firstName}},

Just bumping this in case it got buried.

The reason I reached out is that most creators at your size are still cutting
their own videos, and it quietly caps how often they can post.

That 90 second breakdown of your recent video is still sitting here.

Want me to send it over?

JB","Hey {{firstName}},

Reaching out one last time.

I know you probably get pitched by editors constantly, which is why I would
rather just show you the work than describe it.

The breakdown shows exactly what I would change in one of your videos and why -
three cuts, the sound underneath them, and what it does to the drop-off.

Want me to send it over?

JB",,,,
21,sydgrows,,,86000,vlog/fitness,monthly,,@sydgrows,built something for sydgrows,"Hey {{firstName}},

[WATCH] <- one line about their most recent video, written by you

I noticed you're posting about once a month. At 86k that usually means you're cutting them yourself, and the edit is what's eating the month.

With training content the pacing decides everything - whether someone finishes the video or bails during the third set. Most of the drop-off I see is rhythm, not information.

I put together a 90 second breakdown of one of your recent videos - three specific places where the pacing and sound are costing you retention, with the fixes. No pitch in it, just the edit notes.

Want me to send it over?

JB
JB Medias - jbmedias.com","Hey {{firstName}},

Just bumping this in case it got buried.

The reason I reached out is that most creators at your size are still cutting
their own videos, and it quietly caps how often they can post.

That 90 second breakdown of your recent video is still sitting here.

Want me to send it over?

JB","Hey {{firstName}},

Reaching out one last time.

I know you probably get pitched by editors constantly, which is why I would
rather just show you the work than describe it.

The breakdown shows exactly what I would change in one of your videos and why -
three cuts, the sound underneath them, and what it does to the drop-off.

Want me to send it over?

JB",,,,
22,Destination Well Known,,,85800,travel,biweekly,,@destinationwellknown,built something for Destination Well Known,"Hey {{firstName}},

[WATCH] <- one line about their most recent video, written by you

You're posting every couple of weeks. In my experience that's usually the edit setting the pace rather than the ideas.

With travel the footage is already good. Retention comes from how the story is shaped and what the sound is doing underneath it, which is the part that's easy to lose when you're also the one who shot it.

I put together a 90 second breakdown of one of your recent videos - three specific places where the pacing and sound are costing you retention, with the fixes. No pitch in it, just the edit notes.

Want me to send it over?

JB
JB Medias - jbmedias.com","Hey {{firstName}},

Just bumping this in case it got buried.

The reason I reached out is that most creators at your size are still cutting
their own videos, and it quietly caps how often they can post.

That 90 second breakdown of your recent video is still sitting here.

Want me to send it over?

JB","Hey {{firstName}},

Reaching out one last time.

I know you probably get pitched by editors constantly, which is why I would
rather just show you the work than describe it.

The breakdown shows exactly what I would change in one of your videos and why -
three cuts, the sound underneath them, and what it does to the drop-off.

Want me to send it over?

JB",,,,
23,Ash and Kels,,,85700,travel,weekly,United Kingdom,@AshandKels,built something for Ash and Kels,"Hey {{firstName}},

[WATCH] <- one line about their most recent video, written by you

You're posting weekly and holding it, which is the hard part. The question is what you'd make if the edit wasn't yours to do.

With travel the footage is already good. Retention comes from how the story is shaped and what the sound is doing underneath it, which is the part that's easy to lose when you're also the one who shot it.

I put together a 90 second breakdown of one of your recent videos - three specific places where the pacing and sound are costing you retention, with the fixes. No pitch in it, just the edit notes.

Want me to send it over?

JB
JB Medias - jbmedias.com","Hey {{firstName}},

Just bumping this in case it got buried.

The reason I reached out is that most creators at your size are still cutting
their own videos, and it quietly caps how often they can post.

That 90 second breakdown of your recent video is still sitting here.

Want me to send it over?

JB","Hey {{firstName}},

Reaching out one last time.

I know you probably get pitched by editors constantly, which is why I would
rather just show you the work than describe it.

The breakdown shows exactly what I would change in one of your videos and why -
three cuts, the sound underneath them, and what it does to the drop-off.

Want me to send it over?

JB",,,,
24,KevTheTrainer,,,85500,vlog/fitness,weekly,United States,@KevTheTrainer,built something for KevTheTrainer,"Hey {{firstName}},

[WATCH] <- one line about their most recent video, written by you

You're posting weekly and holding it, which is the hard part. The question is what you'd make if the edit wasn't yours to do.

With training content the pacing decides everything - whether someone finishes the video or bails during the third set. Most of the drop-off I see is rhythm, not information.

I put together a 90 second breakdown of one of your recent videos - three specific places where the pacing and sound are costing you retention, with the fixes. No pitch in it, just the edit notes.

Want me to send it over?

JB
JB Medias - jbmedias.com","Hey {{firstName}},

Just bumping this in case it got buried.

The reason I reached out is that most creators at your size are still cutting
their own videos, and it quietly caps how often they can post.

That 90 second breakdown of your recent video is still sitting here.

Want me to send it over?

JB","Hey {{firstName}},

Reaching out one last time.

I know you probably get pitched by editors constantly, which is why I would
rather just show you the work than describe it.

The breakdown shows exactly what I would change in one of your videos and why -
three cuts, the sound underneath them, and what it does to the drop-off.

Want me to send it over?

JB",,,,
25,Deanalex,,,85100,travel,weekly,,@Deanalex7,built something for Deanalex,"Hey {{firstName}},

[WATCH] <- one line about their most recent video, written by you

You're posting weekly and holding it, which is the hard part. The question is what you'd make if the edit wasn't yours to do.

With travel the footage is already good. Retention comes from how the story is shaped and what the sound is doing underneath it, which is the part that's easy to lose when you're also the one who shot it.

I put together a 90 second breakdown of one of your recent videos - three specific places where the pacing and sound are costing you retention, with the fixes. No pitch in it, just the edit notes.

Want me to send it over?

JB
JB Medias - jbmedias.com","Hey {{firstName}},

Just bumping this in case it got buried.

The reason I reached out is that most creators at your size are still cutting
their own videos, and it quietly caps how often they can post.

That 90 second breakdown of your recent video is still sitting here.

Want me to send it over?

JB","Hey {{firstName}},

Reaching out one last time.

I know you probably get pitched by editors constantly, which is why I would
rather just show you the work than describe it.

The breakdown shows exactly what I would change in one of your videos and why -
three cuts, the sound underneath them, and what it does to the drop-off.

Want me to send it over?

JB",,,,
26,A Walk on the Wild Side,,,84900,travel,weekly,United Kingdom,@AWalkontheWildSideBlackpool,built something for A Walk on the Wild Side,"Hey {{firstName}},

[WATCH] <- one line about their most recent video, written by you

You're posting weekly and holding it, which is the hard part. The question is what you'd make if the edit wasn't yours to do.

With travel the footage is already good. Retention comes from how the story is shaped and what the sound is doing underneath it, which is the part that's easy to lose when you're also the one who shot it.

I put together a 90 second breakdown of one of your recent videos - three specific places where the pacing and sound are costing you retention, with the fixes. No pitch in it, just the edit notes.

Want me to send it over?

JB
JB Medias - jbmedias.com","Hey {{firstName}},

Just bumping this in case it got buried.

The reason I reached out is that most creators at your size are still cutting
their own videos, and it quietly caps how often they can post.

That 90 second breakdown of your recent video is still sitting here.

Want me to send it over?

JB","Hey {{firstName}},

Reaching out one last time.

I know you probably get pitched by editors constantly, which is why I would
rather just show you the work than describe it.

The breakdown shows exactly what I would change in one of your videos and why -
three cuts, the sound underneath them, and what it does to the drop-off.

Want me to send it over?

JB",,,,
27,GoTime Travels,,,116000,travel,weekly,Ireland,@GoTimeTravels,built something for GoTime Travels,"Hey {{firstName}},

[WATCH] <- one line about their most recent video, written by you

You're posting weekly and holding it, which is the hard part. The question is what you'd make if the edit wasn't yours to do.

With travel the footage is already good. Retention comes from how the story is shaped and what the sound is doing underneath it, which is the part that's easy to lose when you're also the one who shot it.

I put together a 90 second breakdown of one of your recent videos - three specific places where the pacing and sound are costing you retention, with the fixes. No pitch in it, just the edit notes.

Want me to send it over?

JB
JB Medias - jbmedias.com","Hey {{firstName}},

Just bumping this in case it got buried.

The reason I reached out is that most creators at your size are still cutting
their own videos, and it quietly caps how often they can post.

That 90 second breakdown of your recent video is still sitting here.

Want me to send it over?

JB","Hey {{firstName}},

Reaching out one last time.

I know you probably get pitched by editors constantly, which is why I would
rather just show you the work than describe it.

The breakdown shows exactly what I would change in one of your videos and why -
three cuts, the sound underneath them, and what it does to the drop-off.

Want me to send it over?

JB",,,,
28,This Is Our Retirement,,,117000,travel,weekly,Canada,@ThisIsOurRetirement,built something for This Is Our Retirement,"Hey {{firstName}},

[WATCH] <- one line about their most recent video, written by you

You're posting weekly and holding it, which is the hard part. The question is what you'd make if the edit wasn't yours to do.

With travel the footage is already good. Retention comes from how the story is shaped and what the sound is doing underneath it, which is the part that's easy to lose when you're also the one who shot it.

I put together a 90 second breakdown of one of your recent videos - three specific places where the pacing and sound are costing you retention, with the fixes. No pitch in it, just the edit notes.

Want me to send it over?

JB
JB Medias - jbmedias.com","Hey {{firstName}},

Just bumping this in case it got buried.

The reason I reached out is that most creators at your size are still cutting
their own videos, and it quietly caps how often they can post.

That 90 second breakdown of your recent video is still sitting here.

Want me to send it over?

JB","Hey {{firstName}},

Reaching out one last time.

I know you probably get pitched by editors constantly, which is why I would
rather just show you the work than describe it.

The breakdown shows exactly what I would change in one of your videos and why -
three cuts, the sound underneath them, and what it does to the drop-off.

Want me to send it over?

JB",,,,
29,Mitch Boyer,,,117000,vlog/fitness,monthly,United States,@MitchBoyer,built something for Mitch Boyer,"Hey {{firstName}},

[WATCH] <- one line about their most recent video, written by you

I noticed you're posting about once a month. At 117k that usually means you're cutting them yourself, and the edit is what's eating the month.

With training content the pacing decides everything - whether someone finishes the video or bails during the third set. Most of the drop-off I see is rhythm, not information.

I put together a 90 second breakdown of one of your recent videos - three specific places where the pacing and sound are costing you retention, with the fixes. No pitch in it, just the edit notes.

Want me to send it over?

JB
JB Medias - jbmedias.com","Hey {{firstName}},

Just bumping this in case it got buried.

The reason I reached out is that most creators at your size are still cutting
their own videos, and it quietly caps how often they can post.

That 90 second breakdown of your recent video is still sitting here.

Want me to send it over?

JB","Hey {{firstName}},

Reaching out one last time.

I know you probably get pitched by editors constantly, which is why I would
rather just show you the work than describe it.

The breakdown shows exactly what I would change in one of your videos and why -
three cuts, the sound underneath them, and what it does to the drop-off.

Want me to send it over?

JB",,,,
30,Sika Strength,,,83000,vlog/fitness,weekly,,@sikastrength,built something for Sika Strength,"Hey {{firstName}},

[WATCH] <- one line about their most recent video, written by you

You're posting weekly and holding it, which is the hard part. The question is what you'd make if the edit wasn't yours to do.

With training content the pacing decides everything - whether someone finishes the video or bails during the third set. Most of the drop-off I see is rhythm, not information.

I put together a 90 second breakdown of one of your recent videos - three specific places where the pacing and sound are costing you retention, with the fixes. No pitch in it, just the edit notes.

Want me to send it over?

JB
JB Medias - jbmedias.com","Hey {{firstName}},

Just bumping this in case it got buried.

The reason I reached out is that most creators at your size are still cutting
their own videos, and it quietly caps how often they can post.

That 90 second breakdown of your recent video is still sitting here.

Want me to send it over?

JB","Hey {{firstName}},

Reaching out one last time.

I know you probably get pitched by editors constantly, which is why I would
rather just show you the work than describe it.

The breakdown shows exactly what I would change in one of your videos and why -
three cuts, the sound underneath them, and what it does to the drop-off.

Want me to send it over?

JB",,,,
31,emi’s spellbook,,,118000,vlog/fitness,biweekly,,@emisspellbook,built something for emi’s spellbook,"Hey {{firstName}},

[WATCH] <- one line about their most recent video, written by you

You're posting every couple of weeks. In my experience that's usually the edit setting the pace rather than the ideas.

With training content the pacing decides everything - whether someone finishes the video or bails during the third set. Most of the drop-off I see is rhythm, not information.

I put together a 90 second breakdown of one of your recent videos - three specific places where the pacing and sound are costing you retention, with the fixes. No pitch in it, just the edit notes.

Want me to send it over?

JB
JB Medias - jbmedias.com","Hey {{firstName}},

Just bumping this in case it got buried.

The reason I reached out is that most creators at your size are still cutting
their own videos, and it quietly caps how often they can post.

That 90 second breakdown of your recent video is still sitting here.

Want me to send it over?

JB","Hey {{firstName}},

Reaching out one last time.

I know you probably get pitched by editors constantly, which is why I would
rather just show you the work than describe it.

The breakdown shows exactly what I would change in one of your videos and why -
three cuts, the sound underneath them, and what it does to the drop-off.

Want me to send it over?

JB",,,,
32,Bupa Health,,,118000,vlog/fitness,biweekly,United Kingdom,@BupaHealth,built something for Bupa Health,"Hey {{firstName}},

[WATCH] <- one line about their most recent video, written by you

You're posting every couple of weeks. In my experience that's usually the edit setting the pace rather than the ideas.

With training content the pacing decides everything - whether someone finishes the video or bails during the third set. Most of the drop-off I see is rhythm, not information.

You've got an app running off the back of the channel, so the videos aren't just content - they're the top of the funnel.

I put together a 90 second breakdown of one of your recent videos - three specific places where the pacing and sound are costing you retention, with the fixes. No pitch in it, just the edit notes.

Want me to send it over?

JB
JB Medias - jbmedias.com","Hey {{firstName}},

Just bumping this in case it got buried.

The reason I reached out is that most creators at your size are still cutting
their own videos, and it quietly caps how often they can post.

That 90 second breakdown of your recent video is still sitting here.

Want me to send it over?

JB","Hey {{firstName}},

Reaching out one last time.

I know you probably get pitched by editors constantly, which is why I would
rather just show you the work than describe it.

The breakdown shows exactly what I would change in one of your videos and why -
three cuts, the sound underneath them, and what it does to the drop-off.

Want me to send it over?

JB",,,,
33,Benidorm Enthusiast,,,81800,vlog/fitness,weekly,,https://www.youtube.com/channel/UCm-MbeXbYivVMGFrT8E2oNQ,built something for Benidorm Enthusiast,"Hey {{firstName}},

[WATCH] <- one line about their most recent video, written by you

You're posting weekly and holding it, which is the hard part. The question is what you'd make if the edit wasn't yours to do.

With training content the pacing decides everything - whether someone finishes the video or bails during the third set. Most of the drop-off I see is rhythm, not information.

I put together a 90 second breakdown of one of your recent videos - three specific places where the pacing and sound are costing you retention, with the fixes. No pitch in it, just the edit notes.

Want me to send it over?

JB
JB Medias - jbmedias.com","Hey {{firstName}},

Just bumping this in case it got buried.

The reason I reached out is that most creators at your size are still cutting
their own videos, and it quietly caps how often they can post.

That 90 second breakdown of your recent video is still sitting here.

Want me to send it over?

JB","Hey {{firstName}},

Reaching out one last time.

I know you probably get pitched by editors constantly, which is why I would
rather just show you the work than describe it.

The breakdown shows exactly what I would change in one of your videos and why -
three cuts, the sound underneath them, and what it does to the drop-off.

Want me to send it over?

JB",,,,
34,Ridhi Sharma,,,81200,vlog/fitness,weekly,,@ridhi.culous,built something for Ridhi Sharma,"Hey {{firstName}},

[WATCH] <- one line about their most recent video, written by you

You're posting weekly and holding it, which is the hard part. The question is what you'd make if the edit wasn't yours to do.

With training content the pacing decides everything - whether someone finishes the video or bails during the third set. Most of the drop-off I see is rhythm, not information.

I put together a 90 second breakdown of one of your recent videos - three specific places where the pacing and sound are costing you retention, with the fixes. No pitch in it, just the edit notes.

Want me to send it over?

JB
JB Medias - jbmedias.com","Hey {{firstName}},

Just bumping this in case it got buried.

The reason I reached out is that most creators at your size are still cutting
their own videos, and it quietly caps how often they can post.

That 90 second breakdown of your recent video is still sitting here.

Want me to send it over?

JB","Hey {{firstName}},

Reaching out one last time.

I know you probably get pitched by editors constantly, which is why I would
rather just show you the work than describe it.

The breakdown shows exactly what I would change in one of your videos and why -
three cuts, the sound underneath them, and what it does to the drop-off.

Want me to send it over?

JB",,,,
35,The Krystal Palace,,,81000,travel,weekly,United States,@TheKrystalPalace,built something for The Krystal Palace,"Hey {{firstName}},

[WATCH] <- one line about their most recent video, written by you

You're posting weekly and holding it, which is the hard part. The question is what you'd make if the edit wasn't yours to do.

With travel the footage is already good. Retention comes from how the story is shaped and what the sound is doing underneath it, which is the part that's easy to lose when you're also the one who shot it.

I put together a 90 second breakdown of one of your recent videos - three specific places where the pacing and sound are costing you retention, with the fixes. No pitch in it, just the edit notes.

Want me to send it over?

JB
JB Medias - jbmedias.com","Hey {{firstName}},

Just bumping this in case it got buried.

The reason I reached out is that most creators at your size are still cutting
their own videos, and it quietly caps how often they can post.

That 90 second breakdown of your recent video is still sitting here.

Want me to send it over?

JB","Hey {{firstName}},

Reaching out one last time.

I know you probably get pitched by editors constantly, which is why I would
rather just show you the work than describe it.

The breakdown shows exactly what I would change in one of your videos and why -
three cuts, the sound underneath them, and what it does to the drop-off.

Want me to send it over?

JB",,,,
36,Wout of the World,,,120000,travel,weekly,Netherlands,@WoutoftheWorld,built something for Wout of the World,"Hey {{firstName}},

[WATCH] <- one line about their most recent video, written by you

You're posting weekly and holding it, which is the hard part. The question is what you'd make if the edit wasn't yours to do.

With travel the footage is already good. Retention comes from how the story is shaped and what the sound is doing underneath it, which is the part that's easy to lose when you're also the one who shot it.

I put together a 90 second breakdown of one of your recent videos - three specific places where the pacing and sound are costing you retention, with the fixes. No pitch in it, just the edit notes.

Want me to send it over?

JB
JB Medias - jbmedias.com","Hey {{firstName}},

Just bumping this in case it got buried.

The reason I reached out is that most creators at your size are still cutting
their own videos, and it quietly caps how often they can post.

That 90 second breakdown of your recent video is still sitting here.

Want me to send it over?

JB","Hey {{firstName}},

Reaching out one last time.

I know you probably get pitched by editors constantly, which is why I would
rather just show you the work than describe it.

The breakdown shows exactly what I would change in one of your videos and why -
three cuts, the sound underneath them, and what it does to the drop-off.

Want me to send it over?

JB",,,,
37,Ariel,,,78800,vlog/fitness,biweekly,,@Arielyavuncu,built something for Ariel,"Hey {{firstName}},

[WATCH] <- one line about their most recent video, written by you

You're posting every couple of weeks. In my experience that's usually the edit setting the pace rather than the ideas.

With training content the pacing decides everything - whether someone finishes the video or bails during the third set. Most of the drop-off I see is rhythm, not information.

I put together a 90 second breakdown of one of your recent videos - three specific places where the pacing and sound are costing you retention, with the fixes. No pitch in it, just the edit notes.

Want me to send it over?

JB
JB Medias - jbmedias.com","Hey {{firstName}},

Just bumping this in case it got buried.

The reason I reached out is that most creators at your size are still cutting
their own videos, and it quietly caps how often they can post.

That 90 second breakdown of your recent video is still sitting here.

Want me to send it over?

JB","Hey {{firstName}},

Reaching out one last time.

I know you probably get pitched by editors constantly, which is why I would
rather just show you the work than describe it.

The breakdown shows exactly what I would change in one of your videos and why -
three cuts, the sound underneath them, and what it does to the drop-off.

Want me to send it over?

JB",,,,
38,Mia Stephens,,,122000,vlog/fitness,biweekly,,@MiaStephens,built something for Mia Stephens,"Hey {{firstName}},

[WATCH] <- one line about their most recent video, written by you

You're posting every couple of weeks. In my experience that's usually the edit setting the pace rather than the ideas.

With training content the pacing decides everything - whether someone finishes the video or bails during the third set. Most of the drop-off I see is rhythm, not information.

I put together a 90 second breakdown of one of your recent videos - three specific places where the pacing and sound are costing you retention, with the fixes. No pitch in it, just the edit notes.

Want me to send it over?

JB
JB Medias - jbmedias.com","Hey {{firstName}},

Just bumping this in case it got buried.

The reason I reached out is that most creators at your size are still cutting
their own videos, and it quietly caps how often they can post.

That 90 second breakdown of your recent video is still sitting here.

Want me to send it over?

JB","Hey {{firstName}},

Reaching out one last time.

I know you probably get pitched by editors constantly, which is why I would
rather just show you the work than describe it.

The breakdown shows exactly what I would change in one of your videos and why -
three cuts, the sound underneath them, and what it does to the drop-off.

Want me to send it over?

JB",,,,
39,Lauralie Chapados,,,122000,vlog/fitness,weekly,United States,@LauralieChapadosIFBBPro,built something for Lauralie Chapados,"Hey {{firstName}},

[WATCH] <- one line about their most recent video, written by you

You're posting weekly and holding it, which is the hard part. The question is what you'd make if the edit wasn't yours to do.

With training content the pacing decides everything - whether someone finishes the video or bails during the third set. Most of the drop-off I see is rhythm, not information.

I put together a 90 second breakdown of one of your recent videos - three specific places where the pacing and sound are costing you retention, with the fixes. No pitch in it, just the edit notes.

Want me to send it over?

JB
JB Medias - jbmedias.com","Hey {{firstName}},

Just bumping this in case it got buried.

The reason I reached out is that most creators at your size are still cutting
their own videos, and it quietly caps how often they can post.

That 90 second breakdown of your recent video is still sitting here.

Want me to send it over?

JB","Hey {{firstName}},

Reaching out one last time.

I know you probably get pitched by editors constantly, which is why I would
rather just show you the work than describe it.

The breakdown shows exactly what I would change in one of your videos and why -
three cuts, the sound underneath them, and what it does to the drop-off.

Want me to send it over?

JB",,,,
40,Chews to Explore,,,124000,travel,weekly,United States,@ChewsToExplore,built something for Chews to Explore,"Hey {{firstName}},

[WATCH] <- one line about their most recent video, written by you

You're posting weekly and holding it, which is the hard part. The question is what you'd make if the edit wasn't yours to do.

With travel the footage is already good. Retention comes from how the story is shaped and what the sound is doing underneath it, which is the part that's easy to lose when you're also the one who shot it.

I put together a 90 second breakdown of one of your recent videos - three specific places where the pacing and sound are costing you retention, with the fixes. No pitch in it, just the edit notes.

Want me to send it over?

JB
JB Medias - jbmedias.com","Hey {{firstName}},

Just bumping this in case it got buried.

The reason I reached out is that most creators at your size are still cutting
their own videos, and it quietly caps how often they can post.

That 90 second breakdown of your recent video is still sitting here.

Want me to send it over?

JB","Hey {{firstName}},

Reaching out one last time.

I know you probably get pitched by editors constantly, which is why I would
rather just show you the work than describe it.

The breakdown shows exactly what I would change in one of your videos and why -
three cuts, the sound underneath them, and what it does to the drop-off.

Want me to send it over?

JB",,,,
41,Mica Rivera Wood,,,75400,vlog/fitness,monthly,,@micawoodruns,built something for Mica Rivera Wood,"Hey {{firstName}},

[WATCH] <- one line about their most recent video, written by you

I noticed you're posting about once a month. At 75k that usually means you're cutting them yourself, and the edit is what's eating the month.

With training content the pacing decides everything - whether someone finishes the video or bails during the third set. Most of the drop-off I see is rhythm, not information.

I put together a 90 second breakdown of one of your recent videos - three specific places where the pacing and sound are costing you retention, with the fixes. No pitch in it, just the edit notes.

Want me to send it over?

JB
JB Medias - jbmedias.com","Hey {{firstName}},

Just bumping this in case it got buried.

The reason I reached out is that most creators at your size are still cutting
their own videos, and it quietly caps how often they can post.

That 90 second breakdown of your recent video is still sitting here.

Want me to send it over?

JB","Hey {{firstName}},

Reaching out one last time.

I know you probably get pitched by editors constantly, which is why I would
rather just show you the work than describe it.

The breakdown shows exactly what I would change in one of your videos and why -
three cuts, the sound underneath them, and what it does to the drop-off.

Want me to send it over?

JB",,,,
42,We're in the Rockies,,,125000,travel,weekly,United States,@WereintheRockies,built something for We're in the Rockies,"Hey {{firstName}},

[WATCH] <- one line about their most recent video, written by you

You're posting weekly and holding it, which is the hard part. The question is what you'd make if the edit wasn't yours to do.

With travel the footage is already good. Retention comes from how the story is shaped and what the sound is doing underneath it, which is the part that's easy to lose when you're also the one who shot it.

I put together a 90 second breakdown of one of your recent videos - three specific places where the pacing and sound are costing you retention, with the fixes. No pitch in it, just the edit notes.

Want me to send it over?

JB
JB Medias - jbmedias.com","Hey {{firstName}},

Just bumping this in case it got buried.

The reason I reached out is that most creators at your size are still cutting
their own videos, and it quietly caps how often they can post.

That 90 second breakdown of your recent video is still sitting here.

Want me to send it over?

JB","Hey {{firstName}},

Reaching out one last time.

I know you probably get pitched by editors constantly, which is why I would
rather just show you the work than describe it.

The breakdown shows exactly what I would change in one of your videos and why -
three cuts, the sound underneath them, and what it does to the drop-off.

Want me to send it over?

JB",,,,
43,Cobra Scalez,,,125000,vlog/fitness,monthly,,@cobrascalez,built something for Cobra Scalez,"Hey {{firstName}},

[WATCH] <- one line about their most recent video, written by you

I noticed you're posting about once a month. At 125k that usually means you're cutting them yourself, and the edit is what's eating the month.

With training content the pacing decides everything - whether someone finishes the video or bails during the third set. Most of the drop-off I see is rhythm, not information.

You've got a community running off the back of the channel, so the videos aren't just content - they're the top of the funnel.

I put together a 90 second breakdown of one of your recent videos - three specific places where the pacing and sound are costing you retention, with the fixes. No pitch in it, just the edit notes.

Want me to send it over?

JB
JB Medias - jbmedias.com","Hey {{firstName}},

Just bumping this in case it got buried.

The reason I reached out is that most creators at your size are still cutting
their own videos, and it quietly caps how often they can post.

That 90 second breakdown of your recent video is still sitting here.

Want me to send it over?

JB","Hey {{firstName}},

Reaching out one last time.

I know you probably get pitched by editors constantly, which is why I would
rather just show you the work than describe it.

The breakdown shows exactly what I would change in one of your videos and why -
three cuts, the sound underneath them, and what it does to the drop-off.

Want me to send it over?

JB",,,,
44,Wayne Algenio,,,74900,vlog/fitness,weekly,United States,@WayneAlgenio,built something for Wayne Algenio,"Hey {{firstName}},

[WATCH] <- one line about their most recent video, written by you

You're posting weekly and holding it, which is the hard part. The question is what you'd make if the edit wasn't yours to do.

With training content the pacing decides everything - whether someone finishes the video or bails during the third set. Most of the drop-off I see is rhythm, not information.

I put together a 90 second breakdown of one of your recent videos - three specific places where the pacing and sound are costing you retention, with the fixes. No pitch in it, just the edit notes.

Want me to send it over?

JB
JB Medias - jbmedias.com","Hey {{firstName}},

Just bumping this in case it got buried.

The reason I reached out is that most creators at your size are still cutting
their own videos, and it quietly caps how often they can post.

That 90 second breakdown of your recent video is still sitting here.

Want me to send it over?

JB","Hey {{firstName}},

Reaching out one last time.

I know you probably get pitched by editors constantly, which is why I would
rather just show you the work than describe it.

The breakdown shows exactly what I would change in one of your videos and why -
three cuts, the sound underneath them, and what it does to the drop-off.

Want me to send it over?

JB",,,,
45,Cyndi Williams,,,74400,agency,weekly,United States,@wanderlustceo,built something for Cyndi Williams,"Hey {{firstName}},

[WATCH] <- one line about their most recent video, written by you

You're posting weekly and holding it, which is the hard part. The question is what you'd make if the edit wasn't yours to do.

For a channel that feeds a business, retention isn't vanity - it's enquiries. The people who leave at ninety seconds are the ones who never see the offer.

I put together a 90 second breakdown of one of your recent videos - three specific places where the pacing and sound are costing you retention, with the fixes. No pitch in it, just the edit notes.

Want me to send it over?

JB
JB Medias - jbmedias.com","Hey {{firstName}},

Just bumping this in case it got buried.

The reason I reached out is that most creators at your size are still cutting
their own videos, and it quietly caps how often they can post.

That 90 second breakdown of your recent video is still sitting here.

Want me to send it over?

JB","Hey {{firstName}},

Reaching out one last time.

I know you probably get pitched by editors constantly, which is why I would
rather just show you the work than describe it.

The breakdown shows exactly what I would change in one of your videos and why -
three cuts, the sound underneath them, and what it does to the drop-off.

Want me to send it over?

JB",,,,
46,Jordan Bauth,,,126000,travel,weekly,United States,@jbauth,built something for Jordan Bauth,"Hey {{firstName}},

[WATCH] <- one line about their most recent video, written by you

You're posting weekly and holding it, which is the hard part. The question is what you'd make if the edit wasn't yours to do.

With travel the footage is already good. Retention comes from how the story is shaped and what the sound is doing underneath it, which is the part that's easy to lose when you're also the one who shot it.

I put together a 90 second breakdown of one of your recent videos - three specific places where the pacing and sound are costing you retention, with the fixes. No pitch in it, just the edit notes.

Want me to send it over?

JB
JB Medias - jbmedias.com","Hey {{firstName}},

Just bumping this in case it got buried.

The reason I reached out is that most creators at your size are still cutting
their own videos, and it quietly caps how often they can post.

That 90 second breakdown of your recent video is still sitting here.

Want me to send it over?

JB","Hey {{firstName}},

Reaching out one last time.

I know you probably get pitched by editors constantly, which is why I would
rather just show you the work than describe it.

The breakdown shows exactly what I would change in one of your videos and why -
three cuts, the sound underneath them, and what it does to the drop-off.

Want me to send it over?

JB",,,,
47,Coolist,,,128000,travel,biweekly,United States,@Coolist,built something for Coolist,"Hey {{firstName}},

[WATCH] <- one line about their most recent video, written by you

You're posting every couple of weeks. In my experience that's usually the edit setting the pace rather than the ideas.

With travel the footage is already good. Retention comes from how the story is shaped and what the sound is doing underneath it, which is the part that's easy to lose when you're also the one who shot it.

I put together a 90 second breakdown of one of your recent videos - three specific places where the pacing and sound are costing you retention, with the fixes. No pitch in it, just the edit notes.

Want me to send it over?

JB
JB Medias - jbmedias.com","Hey {{firstName}},

Just bumping this in case it got buried.

The reason I reached out is that most creators at your size are still cutting
their own videos, and it quietly caps how often they can post.

That 90 second breakdown of your recent video is still sitting here.

Want me to send it over?

JB","Hey {{firstName}},

Reaching out one last time.

I know you probably get pitched by editors constantly, which is why I would
rather just show you the work than describe it.

The breakdown shows exactly what I would change in one of your videos and why -
three cuts, the sound underneath them, and what it does to the drop-off.

Want me to send it over?

JB",,,,
48,Emily English,,,72000,vlog/fitness,biweekly,United Kingdom,@emthenutritionist,built something for Emily English,"Hey {{firstName}},

[WATCH] <- one line about their most recent video, written by you

You're posting every couple of weeks. In my experience that's usually the edit setting the pace rather than the ideas.

With training content the pacing decides everything - whether someone finishes the video or bails during the third set. Most of the drop-off I see is rhythm, not information.

I put together a 90 second breakdown of one of your recent videos - three specific places where the pacing and sound are costing you retention, with the fixes. No pitch in it, just the edit notes.

Want me to send it over?

JB
JB Medias - jbmedias.com","Hey {{firstName}},

Just bumping this in case it got buried.

The reason I reached out is that most creators at your size are still cutting
their own videos, and it quietly caps how often they can post.

That 90 second breakdown of your recent video is still sitting here.

Want me to send it over?

JB","Hey {{firstName}},

Reaching out one last time.

I know you probably get pitched by editors constantly, which is why I would
rather just show you the work than describe it.

The breakdown shows exactly what I would change in one of your videos and why -
three cuts, the sound underneath them, and what it does to the drop-off.

Want me to send it over?

JB",,,,
49,Andi Renay,,,128000,vlog/fitness,biweekly,,@andirenay,built something for Andi Renay,"Hey {{firstName}},

[WATCH] <- one line about their most recent video, written by you

You're posting every couple of weeks. In my experience that's usually the edit setting the pace rather than the ideas.

With training content the pacing decides everything - whether someone finishes the video or bails during the third set. Most of the drop-off I see is rhythm, not information.

I put together a 90 second breakdown of one of your recent videos - three specific places where the pacing and sound are costing you retention, with the fixes. No pitch in it, just the edit notes.

Want me to send it over?

JB
JB Medias - jbmedias.com","Hey {{firstName}},

Just bumping this in case it got buried.

The reason I reached out is that most creators at your size are still cutting
their own videos, and it quietly caps how often they can post.

That 90 second breakdown of your recent video is still sitting here.

Want me to send it over?

JB","Hey {{firstName}},

Reaching out one last time.

I know you probably get pitched by editors constantly, which is why I would
rather just show you the work than describe it.

The breakdown shows exactly what I would change in one of your videos and why -
three cuts, the sound underneath them, and what it does to the drop-off.

Want me to send it over?

JB",,,,
50,Griff & Alyssa,,,129000,travel,weekly,United States,@GriffandAlyssa,built something for Griff & Alyssa,"Hey {{firstName}},

[WATCH] <- one line about their most recent video, written by you

You're posting weekly and holding it, which is the hard part. The question is what you'd make if the edit wasn't yours to do.

With travel the footage is already good. Retention comes from how the story is shaped and what the sound is doing underneath it, which is the part that's easy to lose when you're also the one who shot it.

I put together a 90 second breakdown of one of your recent videos - three specific places where the pacing and sound are costing you retention, with the fixes. No pitch in it, just the edit notes.

Want me to send it over?

JB
JB Medias - jbmedias.com","Hey {{firstName}},

Just bumping this in case it got buried.

The reason I reached out is that most creators at your size are still cutting
their own videos, and it quietly caps how often they can post.

That 90 second breakdown of your recent video is still sitting here.

Want me to send it over?

JB","Hey {{firstName}},

Reaching out one last time.

I know you probably get pitched by editors constantly, which is why I would
rather just show you the work than describe it.

The breakdown shows exactly what I would change in one of your videos and why -
three cuts, the sound underneath them, and what it does to the drop-off.

Want me to send it over?

JB",,,,
51,Michelle Roots Fitness & Nutrition Coach,,,129000,vlog/fitness,biweekly,Canada,@MichelleRoots,built something for Michelle Roots Fitness & Nutrition Coach,"Hey {{firstName}},

[WATCH] <- one line about their most recent video, written by you

You're posting every couple of weeks. In my experience that's usually the edit setting the pace rather than the ideas.

With training content the pacing decides everything - whether someone finishes the video or bails during the third set. Most of the drop-off I see is rhythm, not information.

I put together a 90 second breakdown of one of your recent videos - three specific places where the pacing and sound are costing you retention, with the fixes. No pitch in it, just the edit notes.

Want me to send it over?

JB
JB Medias - jbmedias.com","Hey {{firstName}},

Just bumping this in case it got buried.

The reason I reached out is that most creators at your size are still cutting
their own videos, and it quietly caps how often they can post.

That 90 second breakdown of your recent video is still sitting here.

Want me to send it over?

JB","Hey {{firstName}},

Reaching out one last time.

I know you probably get pitched by editors constantly, which is why I would
rather just show you the work than describe it.

The breakdown shows exactly what I would change in one of your videos and why -
three cuts, the sound underneath them, and what it does to the drop-off.

Want me to send it over?

JB",,,,
52,Holly Brooks,,,131000,vlog/fitness,weekly,,@hollyjobrooks,built something for Holly Brooks,"Hey {{firstName}},

[WATCH] <- one line about their most recent video, written by you

You're posting weekly and holding it, which is the hard part. The question is what you'd make if the edit wasn't yours to do.

With training content the pacing decides everything - whether someone finishes the video or bails during the third set. Most of the drop-off I see is rhythm, not information.

I put together a 90 second breakdown of one of your recent videos - three specific places where the pacing and sound are costing you retention, with the fixes. No pitch in it, just the edit notes.

Want me to send it over?

JB
JB Medias - jbmedias.com","Hey {{firstName}},

Just bumping this in case it got buried.

The reason I reached out is that most creators at your size are still cutting
their own videos, and it quietly caps how often they can post.

That 90 second breakdown of your recent video is still sitting here.

Want me to send it over?

JB","Hey {{firstName}},

Reaching out one last time.

I know you probably get pitched by editors constantly, which is why I would
rather just show you the work than describe it.

The breakdown shows exactly what I would change in one of your videos and why -
three cuts, the sound underneath them, and what it does to the drop-off.

Want me to send it over?

JB",,,,
53,Roots in the Wild,,,132000,vlog/fitness,weekly,United Kingdom,@Roots-In-The-Wild,built something for Roots in the Wild,"Hey {{firstName}},

[WATCH] <- one line about their most recent video, written by you

You're posting weekly and holding it, which is the hard part. The question is what you'd make if the edit wasn't yours to do.

With training content the pacing decides everything - whether someone finishes the video or bails during the third set. Most of the drop-off I see is rhythm, not information.

You've got a membership running off the back of the channel, so the videos aren't just content - they're the top of the funnel.

I put together a 90 second breakdown of one of your recent videos - three specific places where the pacing and sound are costing you retention, with the fixes. No pitch in it, just the edit notes.

Want me to send it over?

JB
JB Medias - jbmedias.com","Hey {{firstName}},

Just bumping this in case it got buried.

The reason I reached out is that most creators at your size are still cutting
their own videos, and it quietly caps how often they can post.

That 90 second breakdown of your recent video is still sitting here.

Want me to send it over?

JB","Hey {{firstName}},

Reaching out one last time.

I know you probably get pitched by editors constantly, which is why I would
rather just show you the work than describe it.

The breakdown shows exactly what I would change in one of your videos and why -
three cuts, the sound underneath them, and what it does to the drop-off.

Want me to send it over?

JB",,,,
54,Justin Medeiros,,,65700,vlog/fitness,weekly,,@JustinMedeiros34,built something for Justin Medeiros,"Hey {{firstName}},

[WATCH] <- one line about their most recent video, written by you

You're posting weekly and holding it, which is the hard part. The question is what you'd make if the edit wasn't yours to do.

With training content the pacing decides everything - whether someone finishes the video or bails during the third set. Most of the drop-off I see is rhythm, not information.

I put together a 90 second breakdown of one of your recent videos - three specific places where the pacing and sound are costing you retention, with the fixes. No pitch in it, just the edit notes.

Want me to send it over?

JB
JB Medias - jbmedias.com","Hey {{firstName}},

Just bumping this in case it got buried.

The reason I reached out is that most creators at your size are still cutting
their own videos, and it quietly caps how often they can post.

That 90 second breakdown of your recent video is still sitting here.

Want me to send it over?

JB","Hey {{firstName}},

Reaching out one last time.

I know you probably get pitched by editors constantly, which is why I would
rather just show you the work than describe it.

The breakdown shows exactly what I would change in one of your videos and why -
three cuts, the sound underneath them, and what it does to the drop-off.

Want me to send it over?

JB",,,,
55,Ultimate Bucket List,,,135000,travel,biweekly,United Kingdom,@UltimateBucketList,built something for Ultimate Bucket List,"Hey {{firstName}},

[WATCH] <- one line about their most recent video, written by you

You're posting every couple of weeks. In my experience that's usually the edit setting the pace rather than the ideas.

With travel the footage is already good. Retention comes from how the story is shaped and what the sound is doing underneath it, which is the part that's easy to lose when you're also the one who shot it.

I put together a 90 second breakdown of one of your recent videos - three specific places where the pacing and sound are costing you retention, with the fixes. No pitch in it, just the edit notes.

Want me to send it over?

JB
JB Medias - jbmedias.com","Hey {{firstName}},

Just bumping this in case it got buried.

The reason I reached out is that most creators at your size are still cutting
their own videos, and it quietly caps how often they can post.

That 90 second breakdown of your recent video is still sitting here.

Want me to send it over?

JB","Hey {{firstName}},

Reaching out one last time.

I know you probably get pitched by editors constantly, which is why I would
rather just show you the work than describe it.

The breakdown shows exactly what I would change in one of your videos and why -
three cuts, the sound underneath them, and what it does to the drop-off.

Want me to send it over?

JB",,,,
56,The Sanbrooke Adventures,,,136000,travel,weekly,United Kingdom,@TheSanbrookeAdventures,built something for The Sanbrooke Adventures,"Hey {{firstName}},

[WATCH] <- one line about their most recent video, written by you

You're posting weekly and holding it, which is the hard part. The question is what you'd make if the edit wasn't yours to do.

With travel the footage is already good. Retention comes from how the story is shaped and what the sound is doing underneath it, which is the part that's easy to lose when you're also the one who shot it.

I put together a 90 second breakdown of one of your recent videos - three specific places where the pacing and sound are costing you retention, with the fixes. No pitch in it, just the edit notes.

Want me to send it over?

JB
JB Medias - jbmedias.com","Hey {{firstName}},

Just bumping this in case it got buried.

The reason I reached out is that most creators at your size are still cutting
their own videos, and it quietly caps how often they can post.

That 90 second breakdown of your recent video is still sitting here.

Want me to send it over?

JB","Hey {{firstName}},

Reaching out one last time.

I know you probably get pitched by editors constantly, which is why I would
rather just show you the work than describe it.

The breakdown shows exactly what I would change in one of your videos and why -
three cuts, the sound underneath them, and what it does to the drop-off.

Want me to send it over?

JB",,,,
57,Sophie Nadeau,,,136000,travel,weekly,United Kingdom,@SophieNadeau,built something for Sophie Nadeau,"Hey {{firstName}},

[WATCH] <- one line about their most recent video, written by you

You're posting weekly and holding it, which is the hard part. The question is what you'd make if the edit wasn't yours to do.

With travel the footage is already good. Retention comes from how the story is shaped and what the sound is doing underneath it, which is the part that's easy to lose when you're also the one who shot it.

I put together a 90 second breakdown of one of your recent videos - three specific places where the pacing and sound are costing you retention, with the fixes. No pitch in it, just the edit notes.

Want me to send it over?

JB
JB Medias - jbmedias.com","Hey {{firstName}},

Just bumping this in case it got buried.

The reason I reached out is that most creators at your size are still cutting
their own videos, and it quietly caps how often they can post.

That 90 second breakdown of your recent video is still sitting here.

Want me to send it over?

JB","Hey {{firstName}},

Reaching out one last time.

I know you probably get pitched by editors constantly, which is why I would
rather just show you the work than describe it.

The breakdown shows exactly what I would change in one of your videos and why -
three cuts, the sound underneath them, and what it does to the drop-off.

Want me to send it over?

JB",,,,
58,PP: Passport Pages,,,138000,travel,biweekly,United States,@Passport_Pages,built something for PP: Passport Pages,"Hey {{firstName}},

[WATCH] <- one line about their most recent video, written by you

You're posting every couple of weeks. In my experience that's usually the edit setting the pace rather than the ideas.

With travel the footage is already good. Retention comes from how the story is shaped and what the sound is doing underneath it, which is the part that's easy to lose when you're also the one who shot it.

I put together a 90 second breakdown of one of your recent videos - three specific places where the pacing and sound are costing you retention, with the fixes. No pitch in it, just the edit notes.

Want me to send it over?

JB
JB Medias - jbmedias.com","Hey {{firstName}},

Just bumping this in case it got buried.

The reason I reached out is that most creators at your size are still cutting
their own videos, and it quietly caps how often they can post.

That 90 second breakdown of your recent video is still sitting here.

Want me to send it over?

JB","Hey {{firstName}},

Reaching out one last time.

I know you probably get pitched by editors constantly, which is why I would
rather just show you the work than describe it.

The breakdown shows exactly what I would change in one of your videos and why -
three cuts, the sound underneath them, and what it does to the drop-off.

Want me to send it over?

JB",,,,
59,BPN,,,138000,vlog/fitness,weekly,United States,@bpnsupps,built something for BPN,"Hey {{firstName}},

[WATCH] <- one line about their most recent video, written by you

You're posting weekly and holding it, which is the hard part. The question is what you'd make if the edit wasn't yours to do.

With training content the pacing decides everything - whether someone finishes the video or bails during the third set. Most of the drop-off I see is rhythm, not information.

I put together a 90 second breakdown of one of your recent videos - three specific places where the pacing and sound are costing you retention, with the fixes. No pitch in it, just the edit notes.

Want me to send it over?

JB
JB Medias - jbmedias.com","Hey {{firstName}},

Just bumping this in case it got buried.

The reason I reached out is that most creators at your size are still cutting
their own videos, and it quietly caps how often they can post.

That 90 second breakdown of your recent video is still sitting here.

Want me to send it over?

JB","Hey {{firstName}},

Reaching out one last time.

I know you probably get pitched by editors constantly, which is why I would
rather just show you the work than describe it.

The breakdown shows exactly what I would change in one of your videos and why -
three cuts, the sound underneath them, and what it does to the drop-off.

Want me to send it over?

JB",,,,
60,MoreMozi,,,138000,vlog/fitness,weekly,United States,@MoreMozi,built something for MoreMozi,"Hey {{firstName}},

[WATCH] <- one line about their most recent video, written by you

You're posting weekly and holding it, which is the hard part. The question is what you'd make if the edit wasn't yours to do.

With training content the pacing decides everything - whether someone finishes the video or bails during the third set. Most of the drop-off I see is rhythm, not information.

I put together a 90 second breakdown of one of your recent videos - three specific places where the pacing and sound are costing you retention, with the fixes. No pitch in it, just the edit notes.

Want me to send it over?

JB
JB Medias - jbmedias.com","Hey {{firstName}},

Just bumping this in case it got buried.

The reason I reached out is that most creators at your size are still cutting
their own videos, and it quietly caps how often they can post.

That 90 second breakdown of your recent video is still sitting here.

Want me to send it over?

JB","Hey {{firstName}},

Reaching out one last time.

I know you probably get pitched by editors constantly, which is why I would
rather just show you the work than describe it.

The breakdown shows exactly what I would change in one of your videos and why -
three cuts, the sound underneath them, and what it does to the drop-off.

Want me to send it over?

JB",,,,
61,Mana,,,139000,vlog/fitness,biweekly,Canada,@ManaVlogs_yt,built something for Mana,"Hey {{firstName}},

[WATCH] <- one line about their most recent video, written by you

You're posting every couple of weeks. In my experience that's usually the edit setting the pace rather than the ideas.

With training content the pacing decides everything - whether someone finishes the video or bails during the third set. Most of the drop-off I see is rhythm, not information.

I put together a 90 second breakdown of one of your recent videos - three specific places where the pacing and sound are costing you retention, with the fixes. No pitch in it, just the edit notes.

Want me to send it over?

JB
JB Medias - jbmedias.com","Hey {{firstName}},

Just bumping this in case it got buried.

The reason I reached out is that most creators at your size are still cutting
their own videos, and it quietly caps how often they can post.

That 90 second breakdown of your recent video is still sitting here.

Want me to send it over?

JB","Hey {{firstName}},

Reaching out one last time.

I know you probably get pitched by editors constantly, which is why I would
rather just show you the work than describe it.

The breakdown shows exactly what I would change in one of your videos and why -
three cuts, the sound underneath them, and what it does to the drop-off.

Want me to send it over?

JB",,,,
62,Team Charles-Barclay,,,139000,vlog/fitness,monthly,United Kingdom,@LucyCharlesBarclay,built something for Team Charles-Barclay,"Hey {{firstName}},

[WATCH] <- one line about their most recent video, written by you

I noticed you're posting about once a month. At 139k that usually means you're cutting them yourself, and the edit is what's eating the month.

With training content the pacing decides everything - whether someone finishes the video or bails during the third set. Most of the drop-off I see is rhythm, not information.

I put together a 90 second breakdown of one of your recent videos - three specific places where the pacing and sound are costing you retention, with the fixes. No pitch in it, just the edit notes.

Want me to send it over?

JB
JB Medias - jbmedias.com","Hey {{firstName}},

Just bumping this in case it got buried.

The reason I reached out is that most creators at your size are still cutting
their own videos, and it quietly caps how often they can post.

That 90 second breakdown of your recent video is still sitting here.

Want me to send it over?

JB","Hey {{firstName}},

Reaching out one last time.

I know you probably get pitched by editors constantly, which is why I would
rather just show you the work than describe it.

The breakdown shows exactly what I would change in one of your videos and why -
three cuts, the sound underneath them, and what it does to the drop-off.

Want me to send it over?

JB",,,,
63,Celine ♡,,,60700,vlog/fitness,weekly,Canada,@Celinelikedion,built something for Celine ♡,"Hey {{firstName}},

[WATCH] <- one line about their most recent video, written by you

You're posting weekly and holding it, which is the hard part. The question is what you'd make if the edit wasn't yours to do.

With training content the pacing decides everything - whether someone finishes the video or bails during the third set. Most of the drop-off I see is rhythm, not information.

You've got a membership running off the back of the channel, so the videos aren't just content - they're the top of the funnel.

I put together a 90 second breakdown of one of your recent videos - three specific places where the pacing and sound are costing you retention, with the fixes. No pitch in it, just the edit notes.

Want me to send it over?

JB
JB Medias - jbmedias.com","Hey {{firstName}},

Just bumping this in case it got buried.

The reason I reached out is that most creators at your size are still cutting
their own videos, and it quietly caps how often they can post.

That 90 second breakdown of your recent video is still sitting here.

Want me to send it over?

JB","Hey {{firstName}},

Reaching out one last time.

I know you probably get pitched by editors constantly, which is why I would
rather just show you the work than describe it.

The breakdown shows exactly what I would change in one of your videos and why -
three cuts, the sound underneath them, and what it does to the drop-off.

Want me to send it over?

JB",,,,
64,The Cartwrights,,,140000,travel,biweekly,Australia,@thecartwrights,built something for The Cartwrights,"Hey {{firstName}},

[WATCH] <- one line about their most recent video, written by you

You're posting every couple of weeks. In my experience that's usually the edit setting the pace rather than the ideas.

With travel the footage is already good. Retention comes from how the story is shaped and what the sound is doing underneath it, which is the part that's easy to lose when you're also the one who shot it.

I put together a 90 second breakdown of one of your recent videos - three specific places where the pacing and sound are costing you retention, with the fixes. No pitch in it, just the edit notes.

Want me to send it over?

JB
JB Medias - jbmedias.com","Hey {{firstName}},

Just bumping this in case it got buried.

The reason I reached out is that most creators at your size are still cutting
their own videos, and it quietly caps how often they can post.

That 90 second breakdown of your recent video is still sitting here.

Want me to send it over?

JB","Hey {{firstName}},

Reaching out one last time.

I know you probably get pitched by editors constantly, which is why I would
rather just show you the work than describe it.

The breakdown shows exactly what I would change in one of your videos and why -
three cuts, the sound underneath them, and what it does to the drop-off.

Want me to send it over?

JB",,,,
65,Lisa Mthembu,,,58800,vlog/fitness,monthly,,@lisa_mthembu,built something for Lisa Mthembu,"Hey {{firstName}},

[WATCH] <- one line about their most recent video, written by you

I noticed you're posting about once a month. At 59k that usually means you're cutting them yourself, and the edit is what's eating the month.

With training content the pacing decides everything - whether someone finishes the video or bails during the third set. Most of the drop-off I see is rhythm, not information.

I put together a 90 second breakdown of one of your recent videos - three specific places where the pacing and sound are costing you retention, with the fixes. No pitch in it, just the edit notes.

Want me to send it over?

JB
JB Medias - jbmedias.com","Hey {{firstName}},

Just bumping this in case it got buried.

The reason I reached out is that most creators at your size are still cutting
their own videos, and it quietly caps how often they can post.

That 90 second breakdown of your recent video is still sitting here.

Want me to send it over?

JB","Hey {{firstName}},

Reaching out one last time.

I know you probably get pitched by editors constantly, which is why I would
rather just show you the work than describe it.

The breakdown shows exactly what I would change in one of your videos and why -
three cuts, the sound underneath them, and what it does to the drop-off.

Want me to send it over?

JB",,,,
66,Crystal Park,,,58800,vlog/fitness,biweekly,,@crystalpark,built something for Crystal Park,"Hey {{firstName}},

[WATCH] <- one line about their most recent video, written by you

You're posting every couple of weeks. In my experience that's usually the edit setting the pace rather than the ideas.

With training content the pacing decides everything - whether someone finishes the video or bails during the third set. Most of the drop-off I see is rhythm, not information.

I put together a 90 second breakdown of one of your recent videos - three specific places where the pacing and sound are costing you retention, with the fixes. No pitch in it, just the edit notes.

Want me to send it over?

JB
JB Medias - jbmedias.com","Hey {{firstName}},

Just bumping this in case it got buried.

The reason I reached out is that most creators at your size are still cutting
their own videos, and it quietly caps how often they can post.

That 90 second breakdown of your recent video is still sitting here.

Want me to send it over?

JB","Hey {{firstName}},

Reaching out one last time.

I know you probably get pitched by editors constantly, which is why I would
rather just show you the work than describe it.

The breakdown shows exactly what I would change in one of your videos and why -
three cuts, the sound underneath them, and what it does to the drop-off.

Want me to send it over?

JB",,,,
67,Eat See TV,,,142000,travel,biweekly,United States,@EatSeeTV,built something for Eat See TV,"Hey {{firstName}},

[WATCH] <- one line about their most recent video, written by you

You're posting every couple of weeks. In my experience that's usually the edit setting the pace rather than the ideas.

With travel the footage is already good. Retention comes from how the story is shaped and what the sound is doing underneath it, which is the part that's easy to lose when you're also the one who shot it.

I put together a 90 second breakdown of one of your recent videos - three specific places where the pacing and sound are costing you retention, with the fixes. No pitch in it, just the edit notes.

Want me to send it over?

JB
JB Medias - jbmedias.com","Hey {{firstName}},

Just bumping this in case it got buried.

The reason I reached out is that most creators at your size are still cutting
their own videos, and it quietly caps how often they can post.

That 90 second breakdown of your recent video is still sitting here.

Want me to send it over?

JB","Hey {{firstName}},

Reaching out one last time.

I know you probably get pitched by editors constantly, which is why I would
rather just show you the work than describe it.

The breakdown shows exactly what I would change in one of your videos and why -
three cuts, the sound underneath them, and what it does to the drop-off.

Want me to send it over?

JB",,,,
68,Mind Pump Clips,,,56400,vlog/fitness,weekly,United States,@MindPumpClips,built something for Mind Pump Clips,"Hey {{firstName}},

[WATCH] <- one line about their most recent video, written by you

You're posting weekly and holding it, which is the hard part. The question is what you'd make if the edit wasn't yours to do.

With training content the pacing decides everything - whether someone finishes the video or bails during the third set. Most of the drop-off I see is rhythm, not information.

I put together a 90 second breakdown of one of your recent videos - three specific places where the pacing and sound are costing you retention, with the fixes. No pitch in it, just the edit notes.

Want me to send it over?

JB
JB Medias - jbmedias.com","Hey {{firstName}},

Just bumping this in case it got buried.

The reason I reached out is that most creators at your size are still cutting
their own videos, and it quietly caps how often they can post.

That 90 second breakdown of your recent video is still sitting here.

Want me to send it over?

JB","Hey {{firstName}},

Reaching out one last time.

I know you probably get pitched by editors constantly, which is why I would
rather just show you the work than describe it.

The breakdown shows exactly what I would change in one of your videos and why -
three cuts, the sound underneath them, and what it does to the drop-off.

Want me to send it over?

JB",,,,
69,Emily Enchanted,,,144000,travel,biweekly,United States,@EmilyEnchanted,built something for Emily Enchanted,"Hey {{firstName}},

[WATCH] <- one line about their most recent video, written by you

You're posting every couple of weeks. In my experience that's usually the edit setting the pace rather than the ideas.

With travel the footage is already good. Retention comes from how the story is shaped and what the sound is doing underneath it, which is the part that's easy to lose when you're also the one who shot it.

I put together a 90 second breakdown of one of your recent videos - three specific places where the pacing and sound are costing you retention, with the fixes. No pitch in it, just the edit notes.

Want me to send it over?

JB
JB Medias - jbmedias.com","Hey {{firstName}},

Just bumping this in case it got buried.

The reason I reached out is that most creators at your size are still cutting
their own videos, and it quietly caps how often they can post.

That 90 second breakdown of your recent video is still sitting here.

Want me to send it over?

JB","Hey {{firstName}},

Reaching out one last time.

I know you probably get pitched by editors constantly, which is why I would
rather just show you the work than describe it.

The breakdown shows exactly what I would change in one of your videos and why -
three cuts, the sound underneath them, and what it does to the drop-off.

Want me to send it over?

JB",,,,
70,Adventures of Matt and Nat,,,145000,travel,biweekly,United States,@AdventuresofMattandNat,built something for Adventures of Matt and Nat,"Hey {{firstName}},

[WATCH] <- one line about their most recent video, written by you

You're posting every couple of weeks. In my experience that's usually the edit setting the pace rather than the ideas.

With travel the footage is already good. Retention comes from how the story is shaped and what the sound is doing underneath it, which is the part that's easy to lose when you're also the one who shot it.

I put together a 90 second breakdown of one of your recent videos - three specific places where the pacing and sound are costing you retention, with the fixes. No pitch in it, just the edit notes.

Want me to send it over?

JB
JB Medias - jbmedias.com","Hey {{firstName}},

Just bumping this in case it got buried.

The reason I reached out is that most creators at your size are still cutting
their own videos, and it quietly caps how often they can post.

That 90 second breakdown of your recent video is still sitting here.

Want me to send it over?

JB","Hey {{firstName}},

Reaching out one last time.

I know you probably get pitched by editors constantly, which is why I would
rather just show you the work than describe it.

The breakdown shows exactly what I would change in one of your videos and why -
three cuts, the sound underneath them, and what it does to the drop-off.

Want me to send it over?

JB",,,,
71,Thinking with a Pump,,,145000,vlog/fitness,biweekly,,@ThinkingwithaPump,built something for Thinking with a Pump,"Hey {{firstName}},

[WATCH] <- one line about their most recent video, written by you

You're posting every couple of weeks. In my experience that's usually the edit setting the pace rather than the ideas.

With training content the pacing decides everything - whether someone finishes the video or bails during the third set. Most of the drop-off I see is rhythm, not information.

You've got a storefront running off the back of the channel, so the videos aren't just content - they're the top of the funnel.

I put together a 90 second breakdown of one of your recent videos - three specific places where the pacing and sound are costing you retention, with the fixes. No pitch in it, just the edit notes.

Want me to send it over?

JB
JB Medias - jbmedias.com","Hey {{firstName}},

Just bumping this in case it got buried.

The reason I reached out is that most creators at your size are still cutting
their own videos, and it quietly caps how often they can post.

That 90 second breakdown of your recent video is still sitting here.

Want me to send it over?

JB","Hey {{firstName}},

Reaching out one last time.

I know you probably get pitched by editors constantly, which is why I would
rather just show you the work than describe it.

The breakdown shows exactly what I would change in one of your videos and why -
three cuts, the sound underneath them, and what it does to the drop-off.

Want me to send it over?

JB",,,,
72,Anabolic Bodybuilding | Big Paul,,,52400,vlog/fitness,weekly,United States,@anabolicbodybuilding,built something for Anabolic Bodybuilding | Big Paul,"Hey {{firstName}},

[WATCH] <- one line about their most recent video, written by you

You're posting weekly and holding it, which is the hard part. The question is what you'd make if the edit wasn't yours to do.

With training content the pacing decides everything - whether someone finishes the video or bails during the third set. Most of the drop-off I see is rhythm, not information.

I put together a 90 second breakdown of one of your recent videos - three specific places where the pacing and sound are costing you retention, with the fixes. No pitch in it, just the edit notes.

Want me to send it over?

JB
JB Medias - jbmedias.com","Hey {{firstName}},

Just bumping this in case it got buried.

The reason I reached out is that most creators at your size are still cutting
their own videos, and it quietly caps how often they can post.

That 90 second breakdown of your recent video is still sitting here.

Want me to send it over?

JB","Hey {{firstName}},

Reaching out one last time.

I know you probably get pitched by editors constantly, which is why I would
rather just show you the work than describe it.

The breakdown shows exactly what I would change in one of your videos and why -
three cuts, the sound underneath them, and what it does to the drop-off.

Want me to send it over?

JB",,,,
73,Nicky Lyan,,,52300,vlog/fitness,weekly,United States,@NICKYLYAN,built something for Nicky Lyan,"Hey {{firstName}},

[WATCH] <- one line about their most recent video, written by you

You're posting weekly and holding it, which is the hard part. The question is what you'd make if the edit wasn't yours to do.

With training content the pacing decides everything - whether someone finishes the video or bails during the third set. Most of the drop-off I see is rhythm, not information.

I put together a 90 second breakdown of one of your recent videos - three specific places where the pacing and sound are costing you retention, with the fixes. No pitch in it, just the edit notes.

Want me to send it over?

JB
JB Medias - jbmedias.com","Hey {{firstName}},

Just bumping this in case it got buried.

The reason I reached out is that most creators at your size are still cutting
their own videos, and it quietly caps how often they can post.

That 90 second breakdown of your recent video is still sitting here.

Want me to send it over?

JB","Hey {{firstName}},

Reaching out one last time.

I know you probably get pitched by editors constantly, which is why I would
rather just show you the work than describe it.

The breakdown shows exactly what I would change in one of your videos and why -
three cuts, the sound underneath them, and what it does to the drop-off.

Want me to send it over?

JB",,,,
74,Rachel Vinn,,,148000,vlog/fitness,weekly,United States,@RachelVinn,built something for Rachel Vinn,"Hey {{firstName}},

[WATCH] <- one line about their most recent video, written by you

You're posting weekly and holding it, which is the hard part. The question is what you'd make if the edit wasn't yours to do.

With training content the pacing decides everything - whether someone finishes the video or bails during the third set. Most of the drop-off I see is rhythm, not information.

You've got a storefront running off the back of the channel, so the videos aren't just content - they're the top of the funnel.

I put together a 90 second breakdown of one of your recent videos - three specific places where the pacing and sound are costing you retention, with the fixes. No pitch in it, just the edit notes.

Want me to send it over?

JB
JB Medias - jbmedias.com","Hey {{firstName}},

Just bumping this in case it got buried.

The reason I reached out is that most creators at your size are still cutting
their own videos, and it quietly caps how often they can post.

That 90 second breakdown of your recent video is still sitting here.

Want me to send it over?

JB","Hey {{firstName}},

Reaching out one last time.

I know you probably get pitched by editors constantly, which is why I would
rather just show you the work than describe it.

The breakdown shows exactly what I would change in one of your videos and why -
three cuts, the sound underneath them, and what it does to the drop-off.

Want me to send it over?

JB",,,,
75,Mark Coles,,,50600,vlog/fitness,weekly,United Kingdom,@M10Fitness,built something for Mark Coles,"Hey {{firstName}},

[WATCH] <- one line about their most recent video, written by you

You're posting weekly and holding it, which is the hard part. The question is what you'd make if the edit wasn't yours to do.

With training content the pacing decides everything - whether someone finishes the video or bails during the third set. Most of the drop-off I see is rhythm, not information.

I put together a 90 second breakdown of one of your recent videos - three specific places where the pacing and sound are costing you retention, with the fixes. No pitch in it, just the edit notes.

Want me to send it over?

JB
JB Medias - jbmedias.com","Hey {{firstName}},

Just bumping this in case it got buried.

The reason I reached out is that most creators at your size are still cutting
their own videos, and it quietly caps how often they can post.

That 90 second breakdown of your recent video is still sitting here.

Want me to send it over?

JB","Hey {{firstName}},

Reaching out one last time.

I know you probably get pitched by editors constantly, which is why I would
rather just show you the work than describe it.

The breakdown shows exactly what I would change in one of your videos and why -
three cuts, the sound underneath them, and what it does to the drop-off.

Want me to send it over?

JB",,,,
76,Fergus Crawley,,,151000,vlog/fitness,weekly,United Kingdom,@ferguscrawley95,built something for Fergus Crawley,"Hey {{firstName}},

[WATCH] <- one line about their most recent video, written by you

You're posting weekly and holding it, which is the hard part. The question is what you'd make if the edit wasn't yours to do.

With training content the pacing decides everything - whether someone finishes the video or bails during the third set. Most of the drop-off I see is rhythm, not information.

I put together a 90 second breakdown of one of your recent videos - three specific places where the pacing and sound are costing you retention, with the fixes. No pitch in it, just the edit notes.

Want me to send it over?

JB
JB Medias - jbmedias.com","Hey {{firstName}},

Just bumping this in case it got buried.

The reason I reached out is that most creators at your size are still cutting
their own videos, and it quietly caps how often they can post.

That 90 second breakdown of your recent video is still sitting here.

Want me to send it over?

JB","Hey {{firstName}},

Reaching out one last time.

I know you probably get pitched by editors constantly, which is why I would
rather just show you the work than describe it.

The breakdown shows exactly what I would change in one of your videos and why -
three cuts, the sound underneath them, and what it does to the drop-off.

Want me to send it over?

JB",,,,
77,seerasan,,,152000,travel,biweekly,Australia,@seerasan,built something for seerasan,"Hey {{firstName}},

[WATCH] <- one line about their most recent video, written by you

You're posting every couple of weeks. In my experience that's usually the edit setting the pace rather than the ideas.

With travel the footage is already good. Retention comes from how the story is shaped and what the sound is doing underneath it, which is the part that's easy to lose when you're also the one who shot it.

I put together a 90 second breakdown of one of your recent videos - three specific places where the pacing and sound are costing you retention, with the fixes. No pitch in it, just the edit notes.

Want me to send it over?

JB
JB Medias - jbmedias.com","Hey {{firstName}},

Just bumping this in case it got buried.

The reason I reached out is that most creators at your size are still cutting
their own videos, and it quietly caps how often they can post.

That 90 second breakdown of your recent video is still sitting here.

Want me to send it over?

JB","Hey {{firstName}},

Reaching out one last time.

I know you probably get pitched by editors constantly, which is why I would
rather just show you the work than describe it.

The breakdown shows exactly what I would change in one of your videos and why -
three cuts, the sound underneath them, and what it does to the drop-off.

Want me to send it over?

JB",,,,
78,lana ♡,,,152000,vlog/fitness,biweekly,,@lanaserenelife,built something for lana ♡,"Hey {{firstName}},

[WATCH] <- one line about their most recent video, written by you

You're posting every couple of weeks. In my experience that's usually the edit setting the pace rather than the ideas.

With training content the pacing decides everything - whether someone finishes the video or bails during the third set. Most of the drop-off I see is rhythm, not information.

I put together a 90 second breakdown of one of your recent videos - three specific places where the pacing and sound are costing you retention, with the fixes. No pitch in it, just the edit notes.

Want me to send it over?

JB
JB Medias - jbmedias.com","Hey {{firstName}},

Just bumping this in case it got buried.

The reason I reached out is that most creators at your size are still cutting
their own videos, and it quietly caps how often they can post.

That 90 second breakdown of your recent video is still sitting here.

Want me to send it over?

JB","Hey {{firstName}},

Reaching out one last time.

I know you probably get pitched by editors constantly, which is why I would
rather just show you the work than describe it.

The breakdown shows exactly what I would change in one of your videos and why -
three cuts, the sound underneath them, and what it does to the drop-off.

Want me to send it over?

JB",,,,
79,Becky Mae,,,153000,vlog/fitness,biweekly,United States,@beckymaelee,built something for Becky Mae,"Hey {{firstName}},

[WATCH] <- one line about their most recent video, written by you

You're posting every couple of weeks. In my experience that's usually the edit setting the pace rather than the ideas.

With training content the pacing decides everything - whether someone finishes the video or bails during the third set. Most of the drop-off I see is rhythm, not information.

You've got a storefront running off the back of the channel, so the videos aren't just content - they're the top of the funnel.

I put together a 90 second breakdown of one of your recent videos - three specific places where the pacing and sound are costing you retention, with the fixes. No pitch in it, just the edit notes.

Want me to send it over?

JB
JB Medias - jbmedias.com","Hey {{firstName}},

Just bumping this in case it got buried.

The reason I reached out is that most creators at your size are still cutting
their own videos, and it quietly caps how often they can post.

That 90 second breakdown of your recent video is still sitting here.

Want me to send it over?

JB","Hey {{firstName}},

Reaching out one last time.

I know you probably get pitched by editors constantly, which is why I would
rather just show you the work than describe it.

The breakdown shows exactly what I would change in one of your videos and why -
three cuts, the sound underneath them, and what it does to the drop-off.

Want me to send it over?

JB",,,,
80,Brogan Tate,,,154000,travel,weekly,United Kingdom,@brogantatexo,built something for Brogan Tate,"Hey {{firstName}},

[WATCH] <- one line about their most recent video, written by you

You're posting weekly and holding it, which is the hard part. The question is what you'd make if the edit wasn't yours to do.

With travel the footage is already good. Retention comes from how the story is shaped and what the sound is doing underneath it, which is the part that's easy to lose when you're also the one who shot it.

I put together a 90 second breakdown of one of your recent videos - three specific places where the pacing and sound are costing you retention, with the fixes. No pitch in it, just the edit notes.

Want me to send it over?

JB
JB Medias - jbmedias.com","Hey {{firstName}},

Just bumping this in case it got buried.

The reason I reached out is that most creators at your size are still cutting
their own videos, and it quietly caps how often they can post.

That 90 second breakdown of your recent video is still sitting here.

Want me to send it over?

JB","Hey {{firstName}},

Reaching out one last time.

I know you probably get pitched by editors constantly, which is why I would
rather just show you the work than describe it.

The breakdown shows exactly what I would change in one of your videos and why -
three cuts, the sound underneath them, and what it does to the drop-off.

Want me to send it over?

JB",,,,
81,takechu,,,157000,vlog/fitness,weekly,,@takechu22,built something for takechu,"Hey {{firstName}},

[WATCH] <- one line about their most recent video, written by you

You're posting weekly and holding it, which is the hard part. The question is what you'd make if the edit wasn't yours to do.

With training content the pacing decides everything - whether someone finishes the video or bails during the third set. Most of the drop-off I see is rhythm, not information.

I put together a 90 second breakdown of one of your recent videos - three specific places where the pacing and sound are costing you retention, with the fixes. No pitch in it, just the edit notes.

Want me to send it over?

JB
JB Medias - jbmedias.com","Hey {{firstName}},

Just bumping this in case it got buried.

The reason I reached out is that most creators at your size are still cutting
their own videos, and it quietly caps how often they can post.

That 90 second breakdown of your recent video is still sitting here.

Want me to send it over?

JB","Hey {{firstName}},

Reaching out one last time.

I know you probably get pitched by editors constantly, which is why I would
rather just show you the work than describe it.

The breakdown shows exactly what I would change in one of your videos and why -
three cuts, the sound underneath them, and what it does to the drop-off.

Want me to send it over?

JB",,,,
82,Catalyst Athletics,,,157000,vlog/fitness,biweekly,United States,@CatalystAthletics,built something for Catalyst Athletics,"Hey {{firstName}},

[WATCH] <- one line about their most recent video, written by you

You're posting every couple of weeks. In my experience that's usually the edit setting the pace rather than the ideas.

With training content the pacing decides everything - whether someone finishes the video or bails during the third set. Most of the drop-off I see is rhythm, not information.

I put together a 90 second breakdown of one of your recent videos - three specific places where the pacing and sound are costing you retention, with the fixes. No pitch in it, just the edit notes.

Want me to send it over?

JB
JB Medias - jbmedias.com","Hey {{firstName}},

Just bumping this in case it got buried.

The reason I reached out is that most creators at your size are still cutting
their own videos, and it quietly caps how often they can post.

That 90 second breakdown of your recent video is still sitting here.

Want me to send it over?

JB","Hey {{firstName}},

Reaching out one last time.

I know you probably get pitched by editors constantly, which is why I would
rather just show you the work than describe it.

The breakdown shows exactly what I would change in one of your videos and why -
three cuts, the sound underneath them, and what it does to the drop-off.

Want me to send it over?

JB",,,,
83,Adam Hattan,,,158000,travel,biweekly,United Kingdom,@adamhattan,built something for Adam Hattan,"Hey {{firstName}},

[WATCH] <- one line about their most recent video, written by you

You're posting every couple of weeks. In my experience that's usually the edit setting the pace rather than the ideas.

With travel the footage is already good. Retention comes from how the story is shaped and what the sound is doing underneath it, which is the part that's easy to lose when you're also the one who shot it.

I put together a 90 second breakdown of one of your recent videos - three specific places where the pacing and sound are costing you retention, with the fixes. No pitch in it, just the edit notes.

Want me to send it over?

JB
JB Medias - jbmedias.com","Hey {{firstName}},

Just bumping this in case it got buried.

The reason I reached out is that most creators at your size are still cutting
their own videos, and it quietly caps how often they can post.

That 90 second breakdown of your recent video is still sitting here.

Want me to send it over?

JB","Hey {{firstName}},

Reaching out one last time.

I know you probably get pitched by editors constantly, which is why I would
rather just show you the work than describe it.

The breakdown shows exactly what I would change in one of your videos and why -
three cuts, the sound underneath them, and what it does to the drop-off.

Want me to send it over?

JB",,,,
84,Brenda Anton,,,158000,vlog/fitness,biweekly,,@brendaantonn,built something for Brenda Anton,"Hey {{firstName}},

[WATCH] <- one line about their most recent video, written by you

You're posting every couple of weeks. In my experience that's usually the edit setting the pace rather than the ideas.

With training content the pacing decides everything - whether someone finishes the video or bails during the third set. Most of the drop-off I see is rhythm, not information.

I put together a 90 second breakdown of one of your recent videos - three specific places where the pacing and sound are costing you retention, with the fixes. No pitch in it, just the edit notes.

Want me to send it over?

JB
JB Medias - jbmedias.com","Hey {{firstName}},

Just bumping this in case it got buried.

The reason I reached out is that most creators at your size are still cutting
their own videos, and it quietly caps how often they can post.

That 90 second breakdown of your recent video is still sitting here.

Want me to send it over?

JB","Hey {{firstName}},

Reaching out one last time.

I know you probably get pitched by editors constantly, which is why I would
rather just show you the work than describe it.

The breakdown shows exactly what I would change in one of your videos and why -
three cuts, the sound underneath them, and what it does to the drop-off.

Want me to send it over?

JB",,,,
85,Ryan Walker,,,160000,travel,biweekly,United States,@ryanwalkerT5,built something for Ryan Walker,"Hey {{firstName}},

[WATCH] <- one line about their most recent video, written by you

You're posting every couple of weeks. In my experience that's usually the edit setting the pace rather than the ideas.

With travel the footage is already good. Retention comes from how the story is shaped and what the sound is doing underneath it, which is the part that's easy to lose when you're also the one who shot it.

I put together a 90 second breakdown of one of your recent videos - three specific places where the pacing and sound are costing you retention, with the fixes. No pitch in it, just the edit notes.

Want me to send it over?

JB
JB Medias - jbmedias.com","Hey {{firstName}},

Just bumping this in case it got buried.

The reason I reached out is that most creators at your size are still cutting
their own videos, and it quietly caps how often they can post.

That 90 second breakdown of your recent video is still sitting here.

Want me to send it over?

JB","Hey {{firstName}},

Reaching out one last time.

I know you probably get pitched by editors constantly, which is why I would
rather just show you the work than describe it.

The breakdown shows exactly what I would change in one of your videos and why -
three cuts, the sound underneath them, and what it does to the drop-off.

Want me to send it over?

JB",,,,
86,Ryguy v2,,,160000,vlog/fitness,biweekly,United States,@Ryguyv2,built something for Ryguy v2,"Hey {{firstName}},

[WATCH] <- one line about their most recent video, written by you

You're posting every couple of weeks. In my experience that's usually the edit setting the pace rather than the ideas.

With training content the pacing decides everything - whether someone finishes the video or bails during the third set. Most of the drop-off I see is rhythm, not information.

I put together a 90 second breakdown of one of your recent videos - three specific places where the pacing and sound are costing you retention, with the fixes. No pitch in it, just the edit notes.

Want me to send it over?

JB
JB Medias - jbmedias.com","Hey {{firstName}},

Just bumping this in case it got buried.

The reason I reached out is that most creators at your size are still cutting
their own videos, and it quietly caps how often they can post.

That 90 second breakdown of your recent video is still sitting here.

Want me to send it over?

JB","Hey {{firstName}},

Reaching out one last time.

I know you probably get pitched by editors constantly, which is why I would
rather just show you the work than describe it.

The breakdown shows exactly what I would change in one of your videos and why -
three cuts, the sound underneath them, and what it does to the drop-off.

Want me to send it over?

JB",,,,
87,LifeWithUsTV,,,161000,agency,weekly,United States,@LifeWithUsTV,built something for LifeWithUsTV,"Hey {{firstName}},

[WATCH] <- one line about their most recent video, written by you

You're posting weekly and holding it, which is the hard part. The question is what you'd make if the edit wasn't yours to do.

For a channel that feeds a business, retention isn't vanity - it's enquiries. The people who leave at ninety seconds are the ones who never see the offer.

I put together a 90 second breakdown of one of your recent videos - three specific places where the pacing and sound are costing you retention, with the fixes. No pitch in it, just the edit notes.

Want me to send it over?

JB
JB Medias - jbmedias.com","Hey {{firstName}},

Just bumping this in case it got buried.

The reason I reached out is that most creators at your size are still cutting
their own videos, and it quietly caps how often they can post.

That 90 second breakdown of your recent video is still sitting here.

Want me to send it over?

JB","Hey {{firstName}},

Reaching out one last time.

I know you probably get pitched by editors constantly, which is why I would
rather just show you the work than describe it.

The breakdown shows exactly what I would change in one of your videos and why -
three cuts, the sound underneath them, and what it does to the drop-off.

Want me to send it over?

JB",,,,
88,Dana Berez,,,162000,travel,weekly,United States,@DanaBerez,built something for Dana Berez,"Hey {{firstName}},

[WATCH] <- one line about their most recent video, written by you

You're posting weekly and holding it, which is the hard part. The question is what you'd make if the edit wasn't yours to do.

With travel the footage is already good. Retention comes from how the story is shaped and what the sound is doing underneath it, which is the part that's easy to lose when you're also the one who shot it.

I put together a 90 second breakdown of one of your recent videos - three specific places where the pacing and sound are costing you retention, with the fixes. No pitch in it, just the edit notes.

Want me to send it over?

JB
JB Medias - jbmedias.com","Hey {{firstName}},

Just bumping this in case it got buried.

The reason I reached out is that most creators at your size are still cutting
their own videos, and it quietly caps how often they can post.

That 90 second breakdown of your recent video is still sitting here.

Want me to send it over?

JB","Hey {{firstName}},

Reaching out one last time.

I know you probably get pitched by editors constantly, which is why I would
rather just show you the work than describe it.

The breakdown shows exactly what I would change in one of your videos and why -
three cuts, the sound underneath them, and what it does to the drop-off.

Want me to send it over?

JB",,,,
89,Jada Waters,,,162000,vlog/fitness,weekly,,@valuejada,built something for Jada Waters,"Hey {{firstName}},

[WATCH] <- one line about their most recent video, written by you

You're posting weekly and holding it, which is the hard part. The question is what you'd make if the edit wasn't yours to do.

With training content the pacing decides everything - whether someone finishes the video or bails during the third set. Most of the drop-off I see is rhythm, not information.

I put together a 90 second breakdown of one of your recent videos - three specific places where the pacing and sound are costing you retention, with the fixes. No pitch in it, just the edit notes.

Want me to send it over?

JB
JB Medias - jbmedias.com","Hey {{firstName}},

Just bumping this in case it got buried.

The reason I reached out is that most creators at your size are still cutting
their own videos, and it quietly caps how often they can post.

That 90 second breakdown of your recent video is still sitting here.

Want me to send it over?

JB","Hey {{firstName}},

Reaching out one last time.

I know you probably get pitched by editors constantly, which is why I would
rather just show you the work than describe it.

The breakdown shows exactly what I would change in one of your videos and why -
three cuts, the sound underneath them, and what it does to the drop-off.

Want me to send it over?

JB",,,,
90,Amelie Desai,,,162000,vlog/fitness,weekly,United States,@ameliedesai,built something for Amelie Desai,"Hey {{firstName}},

[WATCH] <- one line about their most recent video, written by you

You're posting weekly and holding it, which is the hard part. The question is what you'd make if the edit wasn't yours to do.

With training content the pacing decides everything - whether someone finishes the video or bails during the third set. Most of the drop-off I see is rhythm, not information.

You've got a storefront running off the back of the channel, so the videos aren't just content - they're the top of the funnel.

I put together a 90 second breakdown of one of your recent videos - three specific places where the pacing and sound are costing you retention, with the fixes. No pitch in it, just the edit notes.

Want me to send it over?

JB
JB Medias - jbmedias.com","Hey {{firstName}},

Just bumping this in case it got buried.

The reason I reached out is that most creators at your size are still cutting
their own videos, and it quietly caps how often they can post.

That 90 second breakdown of your recent video is still sitting here.

Want me to send it over?

JB","Hey {{firstName}},

Reaching out one last time.

I know you probably get pitched by editors constantly, which is why I would
rather just show you the work than describe it.

The breakdown shows exactly what I would change in one of your videos and why -
three cuts, the sound underneath them, and what it does to the drop-off.

Want me to send it over?

JB",,,,
91,The Hawaii Vacation Guide,,,164000,travel,weekly,United States,@TheHawaiiVacationGuide,built something for The Hawaii Vacation Guide,"Hey {{firstName}},

[WATCH] <- one line about their most recent video, written by you

You're posting weekly and holding it, which is the hard part. The question is what you'd make if the edit wasn't yours to do.

With travel the footage is already good. Retention comes from how the story is shaped and what the sound is doing underneath it, which is the part that's easy to lose when you're also the one who shot it.

I put together a 90 second breakdown of one of your recent videos - three specific places where the pacing and sound are costing you retention, with the fixes. No pitch in it, just the edit notes.

Want me to send it over?

JB
JB Medias - jbmedias.com","Hey {{firstName}},

Just bumping this in case it got buried.

The reason I reached out is that most creators at your size are still cutting
their own videos, and it quietly caps how often they can post.

That 90 second breakdown of your recent video is still sitting here.

Want me to send it over?

JB","Hey {{firstName}},

Reaching out one last time.

I know you probably get pitched by editors constantly, which is why I would
rather just show you the work than describe it.

The breakdown shows exactly what I would change in one of your videos and why -
three cuts, the sound underneath them, and what it does to the drop-off.

Want me to send it over?

JB",,,,
92,Big Loz Official,,,168000,vlog/fitness,weekly,United Kingdom,@BigLozOfficial,built something for Big Loz Official,"Hey {{firstName}},

[WATCH] <- one line about their most recent video, written by you

You're posting weekly and holding it, which is the hard part. The question is what you'd make if the edit wasn't yours to do.

With training content the pacing decides everything - whether someone finishes the video or bails during the third set. Most of the drop-off I see is rhythm, not information.

You've got your own site running off the back of the channel, so the videos aren't just content - they're the top of the funnel.

I put together a 90 second breakdown of one of your recent videos - three specific places where the pacing and sound are costing you retention, with the fixes. No pitch in it, just the edit notes.

Want me to send it over?

JB
JB Medias - jbmedias.com","Hey {{firstName}},

Just bumping this in case it got buried.

The reason I reached out is that most creators at your size are still cutting
their own videos, and it quietly caps how often they can post.

That 90 second breakdown of your recent video is still sitting here.

Want me to send it over?

JB","Hey {{firstName}},

Reaching out one last time.

I know you probably get pitched by editors constantly, which is why I would
rather just show you the work than describe it.

The breakdown shows exactly what I would change in one of your videos and why -
three cuts, the sound underneath them, and what it does to the drop-off.

Want me to send it over?

JB",,,,
93,Molly Thompson,,,169000,travel,weekly,United Kingdom,@MollyThompsonx_,built something for Molly Thompson,"Hey {{firstName}},

[WATCH] <- one line about their most recent video, written by you

You're posting weekly and holding it, which is the hard part. The question is what you'd make if the edit wasn't yours to do.

With travel the footage is already good. Retention comes from how the story is shaped and what the sound is doing underneath it, which is the part that's easy to lose when you're also the one who shot it.

I put together a 90 second breakdown of one of your recent videos - three specific places where the pacing and sound are costing you retention, with the fixes. No pitch in it, just the edit notes.

Want me to send it over?

JB
JB Medias - jbmedias.com","Hey {{firstName}},

Just bumping this in case it got buried.

The reason I reached out is that most creators at your size are still cutting
their own videos, and it quietly caps how often they can post.

That 90 second breakdown of your recent video is still sitting here.

Want me to send it over?

JB","Hey {{firstName}},

Reaching out one last time.

I know you probably get pitched by editors constantly, which is why I would
rather just show you the work than describe it.

The breakdown shows exactly what I would change in one of your videos and why -
three cuts, the sound underneath them, and what it does to the drop-off.

Want me to send it over?

JB",,,,
94,Mark Wiemels,,,169000,travel,weekly,United States,@markwiemels,built something for Mark Wiemels,"Hey {{firstName}},

[WATCH] <- one line about their most recent video, written by you

You're posting weekly and holding it, which is the hard part. The question is what you'd make if the edit wasn't yours to do.

With travel the footage is already good. Retention comes from how the story is shaped and what the sound is doing underneath it, which is the part that's easy to lose when you're also the one who shot it.

I put together a 90 second breakdown of one of your recent videos - three specific places where the pacing and sound are costing you retention, with the fixes. No pitch in it, just the edit notes.

Want me to send it over?

JB
JB Medias - jbmedias.com","Hey {{firstName}},

Just bumping this in case it got buried.

The reason I reached out is that most creators at your size are still cutting
their own videos, and it quietly caps how often they can post.

That 90 second breakdown of your recent video is still sitting here.

Want me to send it over?

JB","Hey {{firstName}},

Reaching out one last time.

I know you probably get pitched by editors constantly, which is why I would
rather just show you the work than describe it.

The breakdown shows exactly what I would change in one of your videos and why -
three cuts, the sound underneath them, and what it does to the drop-off.

Want me to send it over?

JB",,,,
95,Love Sundays,,,169000,vlog/fitness,weekly,United Kingdom,@LoveSundays,built something for Love Sundays,"Hey {{firstName}},

[WATCH] <- one line about their most recent video, written by you

You're posting weekly and holding it, which is the hard part. The question is what you'd make if the edit wasn't yours to do.

With training content the pacing decides everything - whether someone finishes the video or bails during the third set. Most of the drop-off I see is rhythm, not information.

I put together a 90 second breakdown of one of your recent videos - three specific places where the pacing and sound are costing you retention, with the fixes. No pitch in it, just the edit notes.

Want me to send it over?

JB
JB Medias - jbmedias.com","Hey {{firstName}},

Just bumping this in case it got buried.

The reason I reached out is that most creators at your size are still cutting
their own videos, and it quietly caps how often they can post.

That 90 second breakdown of your recent video is still sitting here.

Want me to send it over?

JB","Hey {{firstName}},

Reaching out one last time.

I know you probably get pitched by editors constantly, which is why I would
rather just show you the work than describe it.

The breakdown shows exactly what I would change in one of your videos and why -
three cuts, the sound underneath them, and what it does to the drop-off.

Want me to send it over?

JB",,,,
96,Eat Sleep Cruise,,,170000,travel,weekly,United States,@Eatsleepcruise1,built something for Eat Sleep Cruise,"Hey {{firstName}},

[WATCH] <- one line about their most recent video, written by you

You're posting weekly and holding it, which is the hard part. The question is what you'd make if the edit wasn't yours to do.

With travel the footage is already good. Retention comes from how the story is shaped and what the sound is doing underneath it, which is the part that's easy to lose when you're also the one who shot it.

I put together a 90 second breakdown of one of your recent videos - three specific places where the pacing and sound are costing you retention, with the fixes. No pitch in it, just the edit notes.

Want me to send it over?

JB
JB Medias - jbmedias.com","Hey {{firstName}},

Just bumping this in case it got buried.

The reason I reached out is that most creators at your size are still cutting
their own videos, and it quietly caps how often they can post.

That 90 second breakdown of your recent video is still sitting here.

Want me to send it over?

JB","Hey {{firstName}},

Reaching out one last time.

I know you probably get pitched by editors constantly, which is why I would
rather just show you the work than describe it.

The breakdown shows exactly what I would change in one of your videos and why -
three cuts, the sound underneath them, and what it does to the drop-off.

Want me to send it over?

JB",,,,
97,Lauren Nicholsen,,,174000,vlog/fitness,weekly,United States,@LaurenNicholsen,built something for Lauren Nicholsen,"Hey {{firstName}},

[WATCH] <- one line about their most recent video, written by you

You're posting weekly and holding it, which is the hard part. The question is what you'd make if the edit wasn't yours to do.

With training content the pacing decides everything - whether someone finishes the video or bails during the third set. Most of the drop-off I see is rhythm, not information.

You've got a community running off the back of the channel, so the videos aren't just content - they're the top of the funnel.

I put together a 90 second breakdown of one of your recent videos - three specific places where the pacing and sound are costing you retention, with the fixes. No pitch in it, just the edit notes.

Want me to send it over?

JB
JB Medias - jbmedias.com","Hey {{firstName}},

Just bumping this in case it got buried.

The reason I reached out is that most creators at your size are still cutting
their own videos, and it quietly caps how often they can post.

That 90 second breakdown of your recent video is still sitting here.

Want me to send it over?

JB","Hey {{firstName}},

Reaching out one last time.

I know you probably get pitched by editors constantly, which is why I would
rather just show you the work than describe it.

The breakdown shows exactly what I would change in one of your videos and why -
three cuts, the sound underneath them, and what it does to the drop-off.

Want me to send it over?

JB",,,,
98,JTM_FIT,,,175000,vlog/fitness,monthly,United States,@jtm_fit,built something for JTM_FIT,"Hey {{firstName}},

[WATCH] <- one line about their most recent video, written by you

I noticed you're posting about once a month. At 175k that usually means you're cutting them yourself, and the edit is what's eating the month.

With training content the pacing decides everything - whether someone finishes the video or bails during the third set. Most of the drop-off I see is rhythm, not information.

I put together a 90 second breakdown of one of your recent videos - three specific places where the pacing and sound are costing you retention, with the fixes. No pitch in it, just the edit notes.

Want me to send it over?

JB
JB Medias - jbmedias.com","Hey {{firstName}},

Just bumping this in case it got buried.

The reason I reached out is that most creators at your size are still cutting
their own videos, and it quietly caps how often they can post.

That 90 second breakdown of your recent video is still sitting here.

Want me to send it over?

JB","Hey {{firstName}},

Reaching out one last time.

I know you probably get pitched by editors constantly, which is why I would
rather just show you the work than describe it.

The breakdown shows exactly what I would change in one of your videos and why -
three cuts, the sound underneath them, and what it does to the drop-off.

Want me to send it over?

JB",,,,
99,Nikki Gets Fit,,,177000,vlog/fitness,weekly,United States,@NikkiGetsFit,built something for Nikki Gets Fit,"Hey {{firstName}},

[WATCH] <- one line about their most recent video, written by you

You're posting weekly and holding it, which is the hard part. The question is what you'd make if the edit wasn't yours to do.

With training content the pacing decides everything - whether someone finishes the video or bails during the third set. Most of the drop-off I see is rhythm, not information.

I put together a 90 second breakdown of one of your recent videos - three specific places where the pacing and sound are costing you retention, with the fixes. No pitch in it, just the edit notes.

Want me to send it over?

JB
JB Medias - jbmedias.com","Hey {{firstName}},

Just bumping this in case it got buried.

The reason I reached out is that most creators at your size are still cutting
their own videos, and it quietly caps how often they can post.

That 90 second breakdown of your recent video is still sitting here.

Want me to send it over?

JB","Hey {{firstName}},

Reaching out one last time.

I know you probably get pitched by editors constantly, which is why I would
rather just show you the work than describe it.

The breakdown shows exactly what I would change in one of your videos and why -
three cuts, the sound underneath them, and what it does to the drop-off.

Want me to send it over?

JB",,,,
100,Family Freedom,,,179000,travel,weekly,United Kingdom,@FamilyFreedom,built something for Family Freedom,"Hey {{firstName}},

[WATCH] <- one line about their most recent video, written by you

You're posting weekly and holding it, which is the hard part. The question is what you'd make if the edit wasn't yours to do.

With travel the footage is already good. Retention comes from how the story is shaped and what the sound is doing underneath it, which is the part that's easy to lose when you're also the one who shot it.

I put together a 90 second breakdown of one of your recent videos - three specific places where the pacing and sound are costing you retention, with the fixes. No pitch in it, just the edit notes.

Want me to send it over?

JB
JB Medias - jbmedias.com","Hey {{firstName}},

Just bumping this in case it got buried.

The reason I reached out is that most creators at your size are still cutting
their own videos, and it quietly caps how often they can post.

That 90 second breakdown of your recent video is still sitting here.

Want me to send it over?

JB","Hey {{firstName}},

Reaching out one last time.

I know you probably get pitched by editors constantly, which is why I would
rather just show you the work than describe it.

The breakdown shows exactly what I would change in one of your videos and why -
three cuts, the sound underneath them, and what it does to the drop-off.

Want me to send it over?

JB",,,,
101,Exotic Vacation,,,183000,travel,weekly,United States,@ExoticVacation,built something for Exotic Vacation,"Hey {{firstName}},

[WATCH] <- one line about their most recent video, written by you

You're posting weekly and holding it, which is the hard part. The question is what you'd make if the edit wasn't yours to do.

With travel the footage is already good. Retention comes from how the story is shaped and what the sound is doing underneath it, which is the part that's easy to lose when you're also the one who shot it.

I put together a 90 second breakdown of one of your recent videos - three specific places where the pacing and sound are costing you retention, with the fixes. No pitch in it, just the edit notes.

Want me to send it over?

JB
JB Medias - jbmedias.com","Hey {{firstName}},

Just bumping this in case it got buried.

The reason I reached out is that most creators at your size are still cutting
their own videos, and it quietly caps how often they can post.

That 90 second breakdown of your recent video is still sitting here.

Want me to send it over?

JB","Hey {{firstName}},

Reaching out one last time.

I know you probably get pitched by editors constantly, which is why I would
rather just show you the work than describe it.

The breakdown shows exactly what I would change in one of your videos and why -
three cuts, the sound underneath them, and what it does to the drop-off.

Want me to send it over?

JB",,,,
102,Being Neiicey,,,186000,vlog/fitness,monthly,United States,@BeingNeiicey,built something for Being Neiicey,"Hey {{firstName}},

[WATCH] <- one line about their most recent video, written by you

I noticed you're posting about once a month. At 186k that usually means you're cutting them yourself, and the edit is what's eating the month.

With training content the pacing decides everything - whether someone finishes the video or bails during the third set. Most of the drop-off I see is rhythm, not information.

I put together a 90 second breakdown of one of your recent videos - three specific places where the pacing and sound are costing you retention, with the fixes. No pitch in it, just the edit notes.

Want me to send it over?

JB
JB Medias - jbmedias.com","Hey {{firstName}},

Just bumping this in case it got buried.

The reason I reached out is that most creators at your size are still cutting
their own videos, and it quietly caps how often they can post.

That 90 second breakdown of your recent video is still sitting here.

Want me to send it over?

JB","Hey {{firstName}},

Reaching out one last time.

I know you probably get pitched by editors constantly, which is why I would
rather just show you the work than describe it.

The breakdown shows exactly what I would change in one of your videos and why -
three cuts, the sound underneath them, and what it does to the drop-off.

Want me to send it over?

JB",,,,
103,The Hutchinsons,,,193000,travel,biweekly,United Kingdom,@TheHutchinsons,built something for The Hutchinsons,"Hey {{firstName}},

[WATCH] <- one line about their most recent video, written by you

You're posting every couple of weeks. In my experience that's usually the edit setting the pace rather than the ideas.

With travel the footage is already good. Retention comes from how the story is shaped and what the sound is doing underneath it, which is the part that's easy to lose when you're also the one who shot it.

I put together a 90 second breakdown of one of your recent videos - three specific places where the pacing and sound are costing you retention, with the fixes. No pitch in it, just the edit notes.

Want me to send it over?

JB
JB Medias - jbmedias.com","Hey {{firstName}},

Just bumping this in case it got buried.

The reason I reached out is that most creators at your size are still cutting
their own videos, and it quietly caps how often they can post.

That 90 second breakdown of your recent video is still sitting here.

Want me to send it over?

JB","Hey {{firstName}},

Reaching out one last time.

I know you probably get pitched by editors constantly, which is why I would
rather just show you the work than describe it.

The breakdown shows exactly what I would change in one of your videos and why -
three cuts, the sound underneath them, and what it does to the drop-off.

Want me to send it over?

JB",,,,
104,TK Twins,,,197000,vlog/fitness,biweekly,,@TheTKTwins.,built something for TK Twins,"Hey {{firstName}},

[WATCH] <- one line about their most recent video, written by you

You're posting every couple of weeks. In my experience that's usually the edit setting the pace rather than the ideas.

With training content the pacing decides everything - whether someone finishes the video or bails during the third set. Most of the drop-off I see is rhythm, not information.

I put together a 90 second breakdown of one of your recent videos - three specific places where the pacing and sound are costing you retention, with the fixes. No pitch in it, just the edit notes.

Want me to send it over?

JB
JB Medias - jbmedias.com","Hey {{firstName}},

Just bumping this in case it got buried.

The reason I reached out is that most creators at your size are still cutting
their own videos, and it quietly caps how often they can post.

That 90 second breakdown of your recent video is still sitting here.

Want me to send it over?

JB","Hey {{firstName}},

Reaching out one last time.

I know you probably get pitched by editors constantly, which is why I would
rather just show you the work than describe it.

The breakdown shows exactly what I would change in one of your videos and why -
three cuts, the sound underneath them, and what it does to the drop-off.

Want me to send it over?

JB",,,,
105,Happy to Wander (Travel Tips & Inspo),,,199000,travel,biweekly,Canada,@HappytoWander,built something for Happy to Wander (Travel Tips & Inspo),"Hey {{firstName}},

[WATCH] <- one line about their most recent video, written by you

You're posting every couple of weeks. In my experience that's usually the edit setting the pace rather than the ideas.

With travel the footage is already good. Retention comes from how the story is shaped and what the sound is doing underneath it, which is the part that's easy to lose when you're also the one who shot it.

I put together a 90 second breakdown of one of your recent videos - three specific places where the pacing and sound are costing you retention, with the fixes. No pitch in it, just the edit notes.

Want me to send it over?

JB
JB Medias - jbmedias.com","Hey {{firstName}},

Just bumping this in case it got buried.

The reason I reached out is that most creators at your size are still cutting
their own videos, and it quietly caps how often they can post.

That 90 second breakdown of your recent video is still sitting here.

Want me to send it over?

JB","Hey {{firstName}},

Reaching out one last time.

I know you probably get pitched by editors constantly, which is why I would
rather just show you the work than describe it.

The breakdown shows exactly what I would change in one of your videos and why -
three cuts, the sound underneath them, and what it does to the drop-off.

Want me to send it over?

JB",,,,
106,The Flip Flop Traveller,,,200000,travel,weekly,United States,@tfft,built something for The Flip Flop Traveller,"Hey {{firstName}},

[WATCH] <- one line about their most recent video, written by you

You're posting weekly and holding it, which is the hard part. The question is what you'd make if the edit wasn't yours to do.

With travel the footage is already good. Retention comes from how the story is shaped and what the sound is doing underneath it, which is the part that's easy to lose when you're also the one who shot it.

I put together a 90 second breakdown of one of your recent videos - three specific places where the pacing and sound are costing you retention, with the fixes. No pitch in it, just the edit notes.

Want me to send it over?

JB
JB Medias - jbmedias.com","Hey {{firstName}},

Just bumping this in case it got buried.

The reason I reached out is that most creators at your size are still cutting
their own videos, and it quietly caps how often they can post.

That 90 second breakdown of your recent video is still sitting here.

Want me to send it over?

JB","Hey {{firstName}},

Reaching out one last time.

I know you probably get pitched by editors constantly, which is why I would
rather just show you the work than describe it.

The breakdown shows exactly what I would change in one of your videos and why -
three cuts, the sound underneath them, and what it does to the drop-off.

Want me to send it over?

JB",,,,
