Niche: 82 keywords from niche_broad.txt
   Instagram state file not found: instagram_storage_state.json - Instagram scraping disabled
Started chromium (headless)
Search filter: sp=CAI=

   Searching: travel challenge no money
      https://www.youtube.com/results?search_query=travel+challenge+no+money&sp=CAI%3D
      Found 8 channels

   Searching: 24 hours in a foreign country
      https://www.youtube.com/results?search_query=24+hours+in+a+foreign+country&sp=CAI%3D
      Found 8 channels

   Searching: cheapest flight challenge
      https://www.youtube.com/results?search_query=cheapest+flight+challenge&sp=CAI%3D
      Found 8 channels

   Searching: random country generator travel
      https://www.youtube.com/results?search_query=random+country+generator+travel&sp=CAI%3D
      Found 8 channels

   Searching: budget travel challenge
      https://www.youtube.com/results?search_query=budget+travel+challenge&sp=CAI%3D
      Found 8 channels

   Searching: hitchhiking across challenge
      https://www.youtube.com/results?search_query=hitchhiking+across+challenge&sp=CAI%3D
      Found 8 channels

   Searching: travel with no plan challenge
      https://www.youtube.com/results?search_query=travel+with+no+plan+challenge&sp=CAI%3D
      Found 8 channels

   Searching: last flight out challenge
      https://www.youtube.com/results?search_query=last+flight+out+challenge&sp=CAI%3D
      Found 7 channels

   Searching: stranded abroad challenge
      https://www.youtube.com/results?search_query=stranded+abroad+challenge&sp=CAI%3D
      Found 8 channels

   Searching: living on a dollar a day abroad
      https://www.youtube.com/results?search_query=living+on+a+dollar+a+day+abroad&sp=CAI%3D
      Found 8 channels

   Searching: $0 to travel challenge
      https://www.youtube.com/results?search_query=%240+to+travel+challenge&sp=CAI%3D
      Found 8 channels

   Searching: spin the globe travel
      https://www.youtube.com/results?search_query=spin+the+globe+travel&sp=CAI%3D
      Found 8 channels

   Searching: 75 hard challenge results
      https://www.youtube.com/results?search_query=75+hard+challenge+results&sp=CAI%3D
      Found 8 channels

   Searching: 30 day fitness challenge results
      https://www.youtube.com/results?search_query=30+day+fitness+challenge+results&sp=CAI%3D
      Found 8 channels

   Searching: running every day challenge
      https://www.youtube.com/results?search_query=running+every+day+challenge&sp=CAI%3D
      Found 8 channels

   Searching: marathon every day
      https://www.youtube.com/results?search_query=marathon+every+day&sp=CAI%3D
      Found 8 channels

   Searching: david goggins challenge
      https://www.youtube.com/results?search_query=david+goggins+challenge&sp=CAI%3D
      Found 8 channels

   Searching: cold plunge 30 days
      https://www.youtube.com/results?search_query=cold+plunge+30+days&sp=CAI%3D
      Found 8 channels

   Searching: no sugar 30 days results
      https://www.youtube.com/results?search_query=no+sugar+30+days+results&sp=CAI%3D
      Found 8 channels

   Searching: 100 pushups a day
      https://www.youtube.com/results?search_query=100+pushups+a+day&sp=CAI%3D
      Found 8 channels

   Searching: calisthenics 30 day challenge
      https://www.youtube.com/results?search_query=calisthenics+30+day+challenge&sp=CAI%3D
      Found 8 channels

   Searching: hyrox first time attempt
      https://www.youtube.com/results?search_query=hyrox+first+time+attempt&sp=CAI%3D
      Found 8 channels

   Searching: couch to marathon challenge
      https://www.youtube.com/results?search_query=couch+to+marathon+challenge&sp=CAI%3D
      Found 8 channels

   Searching: 72 hour survival challenge
      https://www.youtube.com/results?search_query=72+hour+survival+challenge&sp=CAI%3D
      Found 8 channels

   Searching: solo camping challenge
      https://www.youtube.com/results?search_query=solo+camping+challenge&sp=CAI%3D
      Found 8 channels

   Searching: wild camping challenge uk
      https://www.youtube.com/results?search_query=wild+camping+challenge+uk&sp=CAI%3D
      Found 8 channels

   Searching: bushcraft survival challenge
      https://www.youtube.com/results?search_query=bushcraft+survival+challenge&sp=CAI%3D
      Found 8 channels

   Searching: winter survival challenge
      https://www.youtube.com/results?search_query=winter+survival+challenge&sp=CAI%3D
      Found 8 channels

   Searching: island survival challenge
      https://www.youtube.com/results?search_query=island+survival+challenge&sp=CAI%3D
      Found 8 channels

   Searching: food challenge restaurant
      https://www.youtube.com/results?search_query=food+challenge+restaurant&sp=CAI%3D
      Found 8 channels

   Searching: eating challenge undefeated
      https://www.youtube.com/results?search_query=eating+challenge+undefeated&sp=CAI%3D
      Found 8 channels

   Searching: $1 vs $100 food challenge
      https://www.youtube.com/results?search_query=%241+vs+%24100+food+challenge&sp=CAI%3D
      Found 8 channels

   Searching: only eating one colour
      https://www.youtube.com/results?search_query=only+eating+one+colour&sp=CAI%3D
      Found 8 channels

   Searching: street food challenge
      https://www.youtube.com/results?search_query=street+food+challenge&sp=CAI%3D
      Found 8 channels

   Searching: no spend challenge 30 days
      https://www.youtube.com/results?search_query=no+spend+challenge+30+days&sp=CAI%3D
      Found 8 channels

   Searching: minimum wage challenge
      https://www.youtube.com/results?search_query=minimum+wage+challenge&sp=CAI%3D
      Found 8 channels

   Searching: living on minimum budget
      https://www.youtube.com/results?search_query=living+on+minimum+budget&sp=CAI%3D
      Found 8 channels

   Searching: 24 hours without phone
      https://www.youtube.com/results?search_query=24+hours+without+phone&sp=CAI%3D
      Found 8 channels

   Searching: digital detox 30 days
      https://www.youtube.com/results?search_query=digital+detox+30+days&sp=CAI%3D
      Found 8 channels

   Searching: i tried for 30 days
      https://www.youtube.com/results?search_query=i+tried+for+30+days&sp=CAI%3D
      Found 8 channels

   Searching: 100 days of
      https://www.youtube.com/results?search_query=100+days+of&sp=CAI%3D
      Found 8 channels

   Searching: i lived like for a week
      https://www.youtube.com/results?search_query=i+lived+like+for+a+week&sp=CAI%3D
      Found 8 channels

   Searching: social experiment video
      https://www.youtube.com/results?search_query=social+experiment+video&sp=CAI%3D
      Found 8 channels

Discovered 284 unique channels across 43 terms
Limited to first 284 channels
Saved discovered channel list to discovered_challenge.txt

Scraping 284 channels with 3 workers

   [w3] (1/284) https://www.youtube.com/@ReubenSchmitz
   [w1] (2/284) https://www.youtube.com/@maxtabakin
   [w2] (3/284) https://www.youtube.com/@Niko
         Name: Niko Omilana
         Subscribers: 9M subscribers (9000000)
         Email listed: yes
         Type: solo (United Kingdom)
         Instagram: http://instagram.com/niko
         Name: Reuben Schmitz
         Subscribers: 341K subscribers (341000)
         Email listed: yes
         Type: solo
         Instagram: https://www.instagram.com/reubenschmitz/
         Name: max tabakin
         Subscribers: 5.85K subscribers (5850)
         Email listed: no
         Type: unclear
         Uploads: monthly, last 5d ago, 2 in 90d (sampled 30)
         No travel/holiday wording - off niche
   [w2] (4/284) https://www.youtube.com/@Kerr.Rawden
         Uploads: sporadic, last 14d ago, 1 in 90d (sampled 14)
         Below range (5,850 < 20,000)
   [w1] (5/284) https://www.youtube.com/@KellyWakasa
         Uploads: monthly, last 30d ago, 3 in 90d (sampled 30)
         No travel/holiday wording - off niche
   [w3] (6/284) https://www.youtube.com/@TFGVlogs
         Name: Kerr Rawden
         Subscribers: 52.6K subscribers (52600)
         Email listed: yes
         Type: solo (United Kingdom)
         Name: Kelly Wakasa
         Subscribers: 2M subscribers (2000000)
         Email listed: yes
         Type: solo (United States)
         Instagram: https://www.instagram.com/kellywakasa/
         Name: TFG Vlogs
         Subscribers: 1.32M subscribers (1320000)
         Email listed: yes
         Type: solo (United States)
         Instagram: https://www.instagram.com/tfgvlogs
         Uploads: dormant, last 244d ago, 0 in 90d (sampled 30)
         No travel/holiday wording - off niche
         Uploads: monthly, last 13d ago, 3 in 90d (sampled 30)
   [w2] (7/284) https://www.youtube.com/@ryan
         Uploads: weekly, last 1d ago, 13 in 90d (sampled 30)
   [w1] (8/284) https://www.youtube.com/@Muhammadjourney05
   [w3] (9/284) https://www.youtube.com/@StokesTwins
         Name: Ryan Trahan
         Subscribers: 24M subscribers (24000000)
         Email listed: yes
         Type: solo (United States)
         Instagram: http://www.instagram.com/ryantrahan
         Name: Muhammad Journey
         Subscribers: 72.7K subscribers (72700)
         Email listed: no
         Type: solo (Pakistan)
         Instagram: https://www.instagram.com/chmuhammad05/
         Name: Stokes Twins
         Subscribers: 147M subscribers (147000000)
         Email listed: yes
         Type: solo (United States)
         Instagram: https://www.instagram.com/stokestwins/
         Uploads: monthly, last 21d ago, 2 in 90d (sampled 30)
         No travel/holiday wording - off niche
   [w2] (10/284) https://www.youtube.com/@IrelandBoysProductions
         Uploads: biweekly, last 0d ago, 7 in 90d (sampled 30)
   [w1] (11/284) https://www.youtube.com/@adventurefreaksss
         Uploads: biweekly, last 14d ago, 6 in 90d (sampled 30)
         No travel/holiday wording - off niche
   [w3] (12/284) https://www.youtube.com/@Sidemen
         Name: Ireland Boys Productions
         Subscribers: 5.57M subscribers (5570000)
         Email listed: yes
         Type: solo (United States)
         Instagram: http://instagram.com/irelandboysproductions
         Name: Adventure Freaksss
         Subscribers: 212K subscribers (212000)
         Email listed: yes
         Type: solo (United States)
         Instagram: https://www.instagram.com/adventurefreaksss/
         Name: Sidemen
         Subscribers: 23.4M subscribers (23400000)
         Email listed: yes
         Type: solo (United Kingdom)
         Instagram: http://www.instagram.com/Sidemen
         Uploads: biweekly, last 10d ago, 7 in 90d (sampled 30)
   [w2] (13/284) https://www.youtube.com/@AaronMorali
         Uploads: weekly, last 1d ago, 25 in 90d (sampled 30)
   [w1] (14/284) https://www.youtube.com/@MarcusKristin
         Uploads: weekly, last 1d ago, 13 in 90d (sampled 30)
         No travel/holiday wording - off niche
   [w3] (15/284) https://www.youtube.com/@Killem
         Name: Aaron Morali
         Subscribers: 1.76K subscribers (1760)
         Email listed: yes
         Type: solo
         Instagram: https://www.instagram.com/aaronmorali/
         Name: Marcus&Kristin
         Subscribers: 421K subscribers (421000)
         Email listed: yes
         Type: unclear (United States)
         Instagram: http://instagram.com/marcusjohns
         Uploads: dormant, last 1096d ago, 0 in 90d (sampled 30)
         Below range (1,760 < 20,000)
   [w2] (16/284) https://www.youtube.com/@AbroadAbility
         Uploads: dormant, last 1096d ago, 0 in 90d (sampled 30)
         No travel/holiday wording - off niche
   [w1] (17/284) https://www.youtube.com/@benmorris
         Name: Killem
         Subscribers: 2.44M subscribers (2440000)
         Email listed: yes
         Type: unclear (United Kingdom)
         Name: Ben Morris
         Subscribers: 1.05M subscribers (1050000)
         Email listed: yes
         Type: solo (United Kingdom)
         Instagram: https://www.instagram.com/benmorris/
         Uploads: biweekly, last 3d ago, 8 in 90d (sampled 30)
         No travel/holiday wording - off niche
   [w3] (18/284) https://www.youtube.com/@noelphilips
         Uploads: monthly, last 30d ago, 3 in 90d (sampled 30)
         No travel/holiday wording - off niche
   [w1] (19/284) https://www.youtube.com/@BetaSquad
         Name: Noel Philips
         Subscribers: 753K subscribers (753000)
         Email listed: yes
         Type: solo (United States)
         Instagram: http://www.instagram.com/noelphilips.official
         Name: Abroad Ability ®
         Subscribers: 18.7K subscribers (18700)
         Email listed: no
         Type: solo (United States)
         Instagram: https://www.instagram.com/abroadability/
         Uploads: weekly, last 1d ago, 12 in 90d (sampled 30)
   [w3] (20/284) https://www.youtube.com/@JakeAdvs
         Name: Beta Squad
         Subscribers: 12.1M subscribers (12100000)
         Email listed: yes
         Type: unclear (United Kingdom)
         Instagram: https://www.instagram.com/betasquad5
         Uploads: weekly, last 1d ago, 25 in 90d (sampled 30)
         Below range (18,700 < 20,000)
   [w2] (21/284) https://www.youtube.com/@Morgz
         Name: Jake Adv
         Subscribers: 39.3K subscribers (39300)
         Email listed: yes
         Type: solo (United Kingdom)
         Instagram: https://www.instagram.com/jakeadv/
         Uploads: inactive, last 91d ago, 0 in 90d (sampled 30)
         No travel/holiday wording - off niche
   [w1] (22/284) https://www.youtube.com/@EdChapman23
         Name: Morgz
         Subscribers: 12.5M subscribers (12500000)
         Email listed: yes
         Type: solo (United Kingdom)
         Instagram: https://www.instagram.com/morgz
         Uploads: sporadic, last 30d ago, 1 in 90d (sampled 8)
   [w3] (23/284) https://www.youtube.com/@Sprouht
         Name: Ed Chapman
         Subscribers: 157K subscribers (157000)
         Email listed: yes
         Type: solo (United Kingdom)
         Instagram: https://instagram.com/edchapman23
         Uploads: dormant, last 365d ago, 0 in 90d (sampled 30)
         No travel/holiday wording - off niche
   [w2] (24/284) https://www.youtube.com/@girlvsglobe
         Uploads: weekly, last 0d ago, 13 in 90d (sampled 30)
         No travel/holiday wording - off niche
         Name: Sprouht
         Subscribers: 1.31M subscribers (1310000)
         Email listed: yes
         Type: unclear (Canada)
   [w1] (25/284) https://www.youtube.com/@MateToolsEN
         Name: Girl vs Globe
         Subscribers: 274K subscribers (274000)
         Email listed: yes
         Type: solo (United Kingdom)
         Instagram: https://instagram.com/girlvsglobe
         Uploads: weekly, last 1d ago, 13 in 90d (sampled 30)
         No travel/holiday wording - off niche
   [w3] (26/284) https://www.youtube.com/@prod.c5303
         Name: MateTools - Online Tools for Developers & Creators
         Subscribers: 102 subscribers (102)
         Email listed: yes
         Type: unclear
         Uploads: dormant, last 1096d ago, 0 in 90d (sampled 30)
   [w2] (27/284) https://www.youtube.com/@jackpembrook
         Name: @Bluez_17
         Subscribers: 6 subscribers (6)
         Email listed: no
         Type: unclear
         Uploads: dormant, last 304d ago, 0 in 90d (sampled 30)
         Below range (102 < 20,000)
         Name: Jack Pembrook
         Subscribers: 2.35M subscribers (2350000)
         Email listed: yes
         Type: unclear
   [w1] (28/284) https://www.youtube.com/@PPPeter_Official
         Uploads: dormant, last 730d ago, 0 in 90d (sampled 3)
         Below range (6 < 20,000)
   [w3] (29/284) https://www.youtube.com/@JoeFazer
         Uploads: monthly, last 8d ago, 4 in 90d (sampled 30)
         No travel/holiday wording - off niche
   [w2] (30/284) https://www.youtube.com/@Jamie_Does_Life
         Name: PPPeter
         Subscribers: 1.03M subscribers (1030000)
         Email listed: yes
         Type: solo (United States)
         Instagram: https://www.instagram.com/patopopular/
         Name: Joe Fazer
         Subscribers: 2.44M subscribers (2440000)
         Email listed: yes
         Type: unclear
         Name: Jamie Does Life
         Subscribers: 1.74K subscribers (1740)
         Email listed: no
         Type: solo (United Kingdom)
         Instagram: https://www.instagram.com/jamie_does_life/
         Uploads: weekly, last 0d ago, 16 in 90d (sampled 22)
   [w1] (31/284) https://www.youtube.com/@ginosko-greek
         Uploads: monthly, last 1d ago, 2 in 90d (sampled 30)
   [w3] (32/284) https://www.youtube.com/@YesTheory
         Uploads: monthly, last 14d ago, 3 in 90d (sampled 30)
         Below range (1,740 < 20,000)
   [w2] (33/284) https://www.youtube.com/@steve-marsh
         Name: Ginosko
         Subscribers: 5.12K subscribers (5120)
         Email listed: no
         Type: unclear (United States)
         Name: Yes Theory
         Subscribers: 10.1M subscribers (10100000)
         Email listed: yes
         Type: solo (United States)
         Instagram: http://instagram.com/yestheory
         Name: SteveMarsh
         Subscribers: 396K subscribers (396000)
         Email listed: no
         Type: solo (United Kingdom)
         Instagram: https://www.instagram.com/stevemarsh_youtube/
         Uploads: weekly, last 2d ago, 29 in 90d (sampled 30)
         Below range (5,120 < 20,000)
   [w1] (34/284) https://www.youtube.com/@WestenChamplin
         Uploads: monthly, last 30d ago, 3 in 90d (sampled 30)
         No travel/holiday wording - off niche
   [w3] (35/284) https://www.youtube.com/@LivingBobby
         Uploads: weekly, last 2d ago, 20 in 90d (sampled 30)
   [w2] (36/284) https://www.youtube.com/@MoreJStu
         Name: Westen Champlin
         Subscribers: 5.9M subscribers (5900000)
         Email listed: yes
         Type: solo (United States)
         Instagram: https://www.instagram.com/westengw
         Name: LivingBobby
         Subscribers: 2.87M subscribers (2870000)
         Email listed: yes
         Type: solo (United States)
         Instagram: http://instagram.com/iamlivingbobby
         Name: JStu
         Subscribers: 8.62M subscribers (8620000)
         Email listed: yes
         Type: unclear (United States)
         Instagram: https://www.instagram.com/andrewscites
         Uploads: weekly, last 2d ago, 13 in 90d (sampled 30)
         No travel/holiday wording - off niche
   [w1] (37/284) https://www.youtube.com/@AbroadinJapan
         Uploads: monthly, last 30d ago, 2 in 90d (sampled 30)
   [w3] (38/284) https://www.youtube.com/@worldnomac
         Uploads: dormant, last 244d ago, 0 in 90d (sampled 30)
         No travel/holiday wording - off niche
         Name: Abroad in Japan
         Subscribers: 3.29M subscribers (3290000)
         Email listed: yes
         Type: solo
         Instagram: https://instagram.com/abroadinjapan/
   [w2] (39/284) https://www.youtube.com/@DiscoverConnection
         Name: World Nomac
         Subscribers: 821K subscribers (821000)
         Email listed: yes
         Type: solo (United States)
         Instagram: https://www.instagram.com/worldnomac
         Uploads: biweekly, last 3d ago, 5 in 90d (sampled 30)
         Name: Discover Connection
         Subscribers: 1.63M subscribers (1630000)
         Email listed: yes
         Type: solo (United States)
         Instagram: https://www.instagram.com/discoverconnection/
   [w1] (40/284) https://www.youtube.com/@ludwig
         Uploads: biweekly, last 3d ago, 7 in 90d (sampled 30)
         No travel/holiday wording - off niche
   [w3] (41/284) https://www.youtube.com/@TFIL
         Uploads: monthly, last 13d ago, 4 in 90d (sampled 30)
         No travel/holiday wording - off niche
         Name: Ludwig
         Subscribers: 7.08M subscribers (7080000)
         Email listed: yes
         Type: unclear (United States)
   [w2] (42/284) https://www.youtube.com/@JojoAigner
         Name: TFIL (Traveling to EVERY COUNTRY in A-Z Order)
         Subscribers: 4.02M subscribers (4019999)
         Email listed: yes
         Type: solo (United States)
         Instagram: https://www.instagram.com/tfil
         Uploads: weekly, last 4d ago, 19 in 90d (sampled 30)
         No travel/holiday wording - off niche
         Name: Jojo Aigner
         Subscribers: 78.3K subscribers (78300)
         Email listed: yes
         Type: solo (Germany)
         Instagram: https://www.instagram.com/jojoaigner
   [w1] (43/284) https://www.youtube.com/@SeekDiscomfort
         Uploads: biweekly, last 1d ago, 6 in 90d (sampled 30)
         Uploads: dormant, last 365d ago, 0 in 90d (sampled 30)
         No travel/holiday wording - off niche
   [w3] (44/284) https://www.youtube.com/@ryanjessiesaldana5850
         Name: Seek Discomfort
         Subscribers: 895K subscribers (895000)
         Email listed: yes
         Type: solo (United States)
         Instagram: https://www.instagram.com/yestheory/
   [w2] (45/284) https://www.youtube.com/@pj4452
         Name: Ryan Jessie Saldaña
         Subscribers: 8 subscribers (8)
         Email listed: no
         Type: unclear (Canada)
         Uploads: sporadic, last 30d ago, 1 in 90d (sampled 30)
         No travel/holiday wording - off niche
   [w1] (46/284) https://www.youtube.com/@alexanderjamestravel
         Name: PJ
         Subscribers: 447 subscribers (447)
         Email listed: no
         Type: unclear (United States)
         Uploads: dormant, last 3287d ago, 0 in 90d (sampled 6)
         Below range (8 < 20,000)
         Uploads: sporadic, last 21d ago, 1 in 90d (sampled 30)
         Below range (447 < 20,000)
         Name: Freedom
         Subscribers: 122K subscribers (122000)
         Email listed: no
         Type: unclear
   [w3] (47/284) https://www.youtube.com/@sleepycharliee
   [w2] (48/284) https://www.youtube.com/@fruitlessadventures
         Name: Fruitless Adventures
         Subscribers: 4.27K subscribers (4270)
         Email listed: yes
         Type: solo (Australia)
         Instagram: https://www.instagram.com/geradjb/
         Uploads: dormant, last 365d ago, 0 in 90d (sampled 30)
         Name: Sleepy Charlie
         Subscribers: 371K subscribers (371000)
         Email listed: yes
         Type: solo (United States)
         Instagram: https://www.instagram.com/sleepycharlieithink/
   [w1] (49/284) https://www.youtube.com/@Baydeann
         Uploads: monthly, last 21d ago, 3 in 90d (sampled 30)
         No travel/holiday wording - off niche
         Uploads: monthly, last 21d ago, 2 in 90d (sampled 30)
         Below range (4,270 < 20,000)
         Name: Bailey Dean
         Subscribers: 9.81K subscribers (9810)
         Email listed: yes
         Type: solo (United States)
   [w3] (50/284) https://www.youtube.com/@ashlinmahoney
   [w2] (51/284) https://www.youtube.com/@LastFlightOutPodcast
         Name: Ashlin Mahoney
         Subscribers: 9.2K subscribers (9200)
         Email listed: no
         Type: solo (United States)
         Instagram: https://instagram.com/ashlin.mahoney
         Uploads: monthly, last 30d ago, 2 in 90d (sampled 30)
         Below range (9,810 < 20,000)
   [w1] (52/284) https://www.youtube.com/@Last_Flight_Out
         Name: Last Flight Out Podcast
         Subscribers: 16.7K subscribers (16700)
         Email listed: yes
         Type: solo (United States)
         Instagram: https://www.instagram.com/lastflightoutpodcast/
         Uploads: sporadic, last 30d ago, 1 in 90d (sampled 30)
         Below range (9,200 < 20,000)
   [w3] (53/284) https://www.youtube.com/@jordanmatter
         Name: Last Flight Out
         Subscribers: 5.97K subscribers (5970)
         Email listed: no
         Type: unclear (United States)
         Uploads: weekly, last 1d ago, 30 in 90d (sampled 30)
         Below range (16,700 < 20,000)
   [w2] (54/284) https://www.youtube.com/@PaytonDelu
         Name: Jordan Matter
         Subscribers: 38.2M subscribers (38200000)
         Email listed: yes
         Type: solo (United States)
         Instagram: https://www.instagram.com/salishmatter/
         Uploads: dormant, last 274d ago, 0 in 90d (sampled 16)
         Below range (5,970 < 20,000)
   [w1] (55/284) https://www.youtube.com/@CaIeger
         Name: Payton Delu
         Subscribers: 6.39M subscribers (6390000)
         Email listed: yes
         Type: solo
         Instagram: https://www.instagram.com/payton_delu/
         Uploads: weekly, last 2d ago, 12 in 90d (sampled 30)
         No travel/holiday wording - off niche
   [w3] (56/284) https://www.youtube.com/@Hangtime37
         Name: Caleger
         Subscribers: 9.11K subscribers (9110)
         Email listed: no
         Type: unclear
         Uploads: sporadic, last 14d ago, 1 in 90d (sampled 30)
   [w2] (57/284) https://www.youtube.com/@redbull
         Name: Hangtime
         Subscribers: 4.04M subscribers (4040000)
         Email listed: yes
         Type: solo (United States)
         Instagram: https://www.instagram.com/hangtime
         Uploads: dormant, last 213d ago, 0 in 90d (sampled 30)
         Below range (9,110 < 20,000)
         Name: Red Bull
         Subscribers: 29.8M subscribers (29800000)
         Email listed: no
         Type: solo (Austria)
         Instagram: http://instagram.com/redbull
   [w1] (58/284) https://www.youtube.com/@ludmilayamalova
         Uploads: monthly, last 10d ago, 3 in 90d (sampled 30)
         No travel/holiday wording - off niche
   [w3] (59/284) https://www.youtube.com/@ExodusCollective
         Name: Ludmila Yamalova
         Subscribers: 1.52K subscribers (1520)
         Email listed: yes
         Type: unclear (United Arab Emirates)
         Uploads: monthly, last 4d ago, 2 in 90d (sampled 30)
         No travel/holiday wording - off niche
   [w2] (60/284) https://www.youtube.com/@drphil
         Name: The Exodus Collective
         Subscribers: 13.8K subscribers (13800)
         Email listed: yes
         Type: unclear (United Kingdom)
         Uploads: weekly, last 0d ago, 18 in 90d (sampled 30)
         Below range (1,520 < 20,000)
   [w1] (61/284) https://www.youtube.com/@TheSilentRevenge-j6b
         Name: Dr. Phil
         Subscribers: 6.48M subscribers (6480000)
         Email listed: no
         Type: solo (United States)
         Instagram: https://instagram.com/drphil/
         Uploads: inactive, last 91d ago, 0 in 90d (sampled 30)
         Below range (13,800 < 20,000)
   [w3] (62/284) https://www.youtube.com/@NBCNews
         Name: The Silent Revenge
         Subscribers: 549 subscribers (549)
         Email listed: no
         Type: unclear (Pakistan)
         Uploads: weekly, last 2d ago, 30 in 90d (sampled 30)
         No travel/holiday wording - off niche
   [w2] (63/284) https://www.youtube.com/@BacktoBasics
         Name: NBC News
         Subscribers: 12.1M subscribers (12100000)
         Email listed: no
         Type: solo
         Instagram: http://instagram.com/nbcnews
         Uploads: weekly, last 5d ago, 30 in 90d (sampled 30)
         Below range (549 < 20,000)
   [w1] (64/284) https://www.youtube.com/@gravitasdocumentaries
         Name: Back 2 Basics Adventures
         Subscribers: 1.48M subscribers (1480000)
         Email listed: yes
         Type: solo (Australia)
         Instagram: http://instagram.com/b2badventures
         Uploads: weekly, last 0d ago, 30 in 90d (sampled 30)
         No travel/holiday wording - off niche
   [w3] (65/284) https://www.youtube.com/@Optimist
         Name: Gravitas Documentaries
         Subscribers: 226K subscribers (226000)
         Email listed: no
         Type: solo (United States)
         Instagram: https://www.instagram.com/gravitasventures/
         Uploads: monthly, last 8d ago, 2 in 90d (sampled 30)
         No travel/holiday wording - off niche
   [w2] (66/284) https://www.youtube.com/@stash_movies
         Name: Optimist
         Subscribers: 11.7K subscribers (11700)
         Email listed: yes
         Type: unclear (United States)
         Uploads: dormant, last 365d ago, 0 in 90d (sampled 30)
         No travel/holiday wording - off niche
   [w1] (67/284) https://www.youtube.com/@ETV007
         Uploads: inactive, last 122d ago, 0 in 90d (sampled 30)
         Below range (11,700 < 20,000)
         Name: Stash Movies & TV
         Subscribers: 469K subscribers (469000)
         Email listed: yes
         Type: unclear (United States)
   [w3] (68/284) https://www.youtube.com/@maryaubry
         Name: SOUTH TELEVISION (ETV)
         Subscribers: 1.26K subscribers (1260)
         Email listed: no
         Type: unclear (United States)
         Uploads: weekly, last 1d ago, 29 in 90d (sampled 29)
         No travel/holiday wording - off niche
         Name: Mary Aubry
         Subscribers: 2 subscribers (2)
         Email listed: no
         Type: unclear
   [w2] (69/284) https://www.youtube.com/@MrRoblox-fw7od
         Uploads: weekly, last 14d ago, 17 in 90d (sampled 30)
         Below range (1,260 < 20,000)
   [w1] (70/284) https://www.youtube.com/channel/UCuVPpxrm2VAgpH3Ktln4HXg
         Uploads: no dated videos found
         Below range (2 < 20,000)
         Name: basic
         Subscribers: 2 subscribers (2)
         Email listed: no
         Type: unclear
   [w3] (71/284) https://www.youtube.com/@SimonWilson12
         Name: Cancel
         Subscribers: not found
         Email listed: no
         Type: unclear
         Uploads: inactive, last 152d ago, 0 in 90d (sampled 1)
         Below range (2 < 20,000)
         Name: Simon Wilson
         Subscribers: 2.23M subscribers (2230000)
         Email listed: yes
         Type: solo (United Kingdom)
         Instagram: https://www.instagram.com/simonjwils/
   [w2] (72/284) https://www.youtube.com/@MoreTravelsWithDrewBinsky
         Uploads: no dated videos found
   [w1] (73/284) https://www.youtube.com/@SpinningTheGlobe
         Name: The $10 Travel Show
         Subscribers: 847K subscribers (847000)
         Email listed: yes
         Type: solo (United States)
         Instagram: https://www.instagram.com/drewbinsky/
         Uploads: monthly, last 6d ago, 2 in 90d (sampled 30)
         No travel/holiday wording - off niche
   [w3] (74/284) https://www.youtube.com/@4funguys
         Name: Spinning The Globe
         Subscribers: 137K subscribers (137000)
         Email listed: yes
         Type: solo (Serbia)
         Instagram: https://www.instagram.com/we.are.spinning.the.globe
         Uploads: monthly, last 30d ago, 2 in 90d (sampled 30)
   [w2] (75/284) https://www.youtube.com/@SpinTheGlobe-rec
         Uploads: biweekly, last 6d ago, 9 in 90d (sampled 30)
         No travel/holiday wording - off niche
         Name: 4fun
         Subscribers: 2.78M subscribers (2780000)
         Email listed: yes
         Type: solo (United States)
         Instagram: https://www.instagram.com/4funguys_
   [w1] (76/284) https://www.youtube.com/@SpinTheGlobe-w3b
         Name: SpinTGlobe
         Subscribers: 11 subscribers (11)
         Email listed: yes
         Type: unclear (Philippines)
         Name: Spin The Globe
         Subscribers: 5 subscribers (5)
         Email listed: no
         Type: unclear
         Uploads: biweekly, last 4d ago, 5 in 90d (sampled 30)
         No travel/holiday wording - off niche
         Uploads: no dated videos found
         Below range (11 < 20,000)
   [w3] (77/284) https://www.youtube.com/@SpinTheGlobeFacts
   [w2] (78/284) https://www.youtube.com/@SpinTheGlobeTravel
         Uploads: sporadic, last 4d ago, 1 in 90d (sampled 4)
         Below range (5 < 20,000)
   [w1] (79/284) https://www.youtube.com/@SpinTheGlobeApp
         Name: Spin the Globe
         Subscribers: 3 subscribers (3)
         Email listed: no
         Type: unclear
         Name: Spin The Globe
         Subscribers: 5 subscribers (5)
         Email listed: no
         Type: unclear
         Name: Spin The Globe
         Subscribers: 1 subscriber (1)
         Email listed: no
         Type: unclear
         Uploads: dormant, last 730d ago, 0 in 90d (sampled 4)
         Below range (3 < 20,000)
   [w2] (80/284) https://www.youtube.com/@mattygitli
         Uploads: no dated videos found
         Below range (5 < 20,000)
   [w3] (81/284) https://www.youtube.com/@GarettBearenger
         Uploads: no dated videos found
         Below range (1 < 20,000)
   [w1] (82/284) https://www.youtube.com/@SarahONeiill
         Name: Matty Gitli
         Subscribers: 904 subscribers (904)
         Email listed: no
         Type: solo
         Name: GarettBearenger
         Subscribers: 6.43K subscribers (6430)
         Email listed: yes
         Type: unclear
         Name: Sarah ONeill
         Subscribers: 7.48K subscribers (7480)
         Email listed: yes
         Type: solo (Canada)
         Instagram: https://www.instagram.com/sarah.oneiill/
         Uploads: dormant, last 730d ago, 0 in 90d (sampled 22)
         Below range (904 < 20,000)
   [w2] (83/284) https://www.youtube.com/@GoalGuys
         Uploads: dormant, last 304d ago, 0 in 90d (sampled 26)
         Below range (6,430 < 20,000)
   [w3] (84/284) https://www.youtube.com/@SaraiJones
         Uploads: monthly, last 2d ago, 3 in 90d (sampled 30)
         Below range (7,480 < 20,000)
         Name: Goal Guys
         Subscribers: 561K subscribers (561000)
         Email listed: yes
         Type: solo (Canada)
         Instagram: https://instagram.com/goalguysinsta
   [w1] (85/284) https://www.youtube.com/@mikethecompass
         Name: Sarai Jones
         Subscribers: 3.61M subscribers (3610000)
         Email listed: yes
         Type: solo
         Instagram: https://www.instagram.com/saraijones/
         Uploads: biweekly, last 4d ago, 8 in 90d (sampled 30)
         Name: Mike.
         Subscribers: 145K subscribers (145000)
         Email listed: yes
         Type: solo (United States)
         Instagram: https://instagram.com/mikethecompass/
   [w3] (86/284) https://www.youtube.com/@inzolostrength
         Uploads: monthly, last 1d ago, 3 in 90d (sampled 30)
         No travel/holiday wording - off niche
   [w2] (87/284) https://www.youtube.com/@reneemowatt
         Name: Inzolo Strength
         Subscribers: 4.31K subscribers (4310)
         Email listed: yes
         Type: unclear
         Instagram: https://www.instagram.com/inzolostrength/
         Uploads: monthly, last 5d ago, 3 in 90d (sampled 30)
         Name: Renée Mowatt
         Subscribers: 282K subscribers (282000)
         Email listed: yes
         Type: unclear (Australia)
         Instagram: https://www.instagram.com/hiiii.its.renee/
   [w1] (88/284) https://www.youtube.com/@WillTennyson
         Uploads: monthly, last 61d ago, 2 in 90d (sampled 30)
         Below range (4,310 < 20,000)
   [w3] (89/284) https://www.youtube.com/@SusieJTodd
         Uploads: monthly, last 21d ago, 2 in 90d (sampled 30)
         No travel/holiday wording - off niche
         Name: Will Tennyson
         Subscribers: 5.45M subscribers (5450000)
         Email listed: no
         Type: solo (Canada)
         Instagram: https://www.instagram.com/willtenny/
   [w2] (90/284) https://www.youtube.com/@naj_ibra
         Name: SusieJTodd
         Subscribers: 957K subscribers (957000)
         Email listed: yes
         Type: unclear (Australia)
         Name: Naj Ibra
         Subscribers: 796 subscribers (796)
         Email listed: yes
         Type: unclear (United States)
         Uploads: biweekly, last 1d ago, 7 in 90d (sampled 30)
   [w1] (91/284) https://www.youtube.com/@JenLauren
         Uploads: biweekly, last 13d ago, 5 in 90d (sampled 30)
         No travel/holiday wording - off niche
   [w3] (92/284) https://www.youtube.com/@Mrandmrsmuscle
         Uploads: monthly, last 13d ago, 4 in 90d (sampled 29)
         Below range (796 < 20,000)
   [w2] (93/284) https://www.youtube.com/@kar_bel
         Name: Jen Lauren
         Subscribers: 27.9K subscribers (27900)
         Email listed: yes
         Type: solo (United States)
         Instagram: https://www.instagram.com/jen_laurenn/
         Name: MrandMrsMuscle
         Subscribers: 1.69M subscribers (1690000)
         Email listed: yes
         Type: unclear (United States)
         Name: Karen Belen
         Subscribers: 533 subscribers (533)
         Email listed: no
         Type: solo (Canada)
         Instagram: https://www.instagram.com/kar_bel21/
         Uploads: biweekly, last 0d ago, 9 in 90d (sampled 30)
         No travel/holiday wording - off niche
   [w1] (94/284) https://www.youtube.com/@Browney
         Uploads: weekly, last 7d ago, 12 in 90d (sampled 30)
   [w3] (95/284) https://www.youtube.com/@JeremyEthier
         Uploads: sporadic, last 30d ago, 1 in 90d (sampled 8)
         Below range (533 < 20,000)
   [w2] (96/284) https://www.youtube.com/@Fletcho.
         Name: Browney
         Subscribers: 12.4M subscribers (12400000)
         Email listed: yes
         Type: solo (United States)
         Instagram: https://www.instagram.com/stanbrowney/
         Name: Jeremy Ethier
         Subscribers: 7.95M subscribers (7950000)
         Email listed: yes
         Type: solo (Canada)
         Instagram: https://www.instagram.com/jeremyethier/
         Name: Fletcho
         Subscribers: 23.9K subscribers (23900)
         Email listed: yes
         Type: solo
         Instagram: https://www.instagram.com/notfletcho/
         Uploads: biweekly, last 14d ago, 5 in 90d (sampled 30)
   [w1] (97/284) https://www.youtube.com/@Liftwsarah
         Uploads: biweekly, last 8d ago, 6 in 90d (sampled 30)
   [w3] (98/284) https://www.youtube.com/@JesseJamesWest
         Uploads: sporadic, last 4d ago, 1 in 90d (sampled 9)
         No travel/holiday wording - off niche
   [w2] (99/284) https://www.youtube.com/@scott_schroeder
         Name: Liftwsarah
         Subscribers: 277K subscribers (277000)
         Email listed: yes
         Type: solo
         Instagram: https://www.instagram.com/liftwsarah
         Name: Jesse James West
         Subscribers: 11.2M subscribers (11200000)
         Email listed: yes
         Type: solo (United States)
         Instagram: https://www.instagram.com/jessejameswest/?hl=en
         Name: Scott Schroeder
         Subscribers: 4.3K subscribers (4300)
         Email listed: yes
         Type: solo (United States)
         Instagram: https://www.instagram.com/scott_schroeder1/
         Uploads: biweekly, last 1d ago, 7 in 90d (sampled 30)
         Uploads: biweekly, last 8d ago, 6 in 90d (sampled 30)
         Skool: https://www.skool.com/Stay Relentless and Subscribe❤️

Team Relentless Coaching (7 Day Free Trial):
https:/about
   [w1] (100/284) https://www.youtube.com/@HybridCalisthenics
   [w3] (101/284) https://www.youtube.com/@Megsquats
         Uploads: dormant, last 365d ago, 0 in 90d (sampled 30)
         Below range (4,300 < 20,000)
   [w2] (102/284) https://www.youtube.com/@mattdavella
         Name: Hybrid Calisthenics
         Subscribers: 4.47M subscribers (4470000)
         Email listed: yes
         Type: solo (United States)
         Instagram: https://www.instagram.com/hybrid.calisthenics
         Name: megsquats
         Subscribers: 696K subscribers (696000)
         Email listed: no
         Type: solo (United States)
         Instagram: http://instagram.com/megsquats
         Name: Matt D'Avella
         Subscribers: 4.05M subscribers (4050000)
         Email listed: yes
         Type: solo (United States)
         Instagram: https://instagram.com/mattdavella
         Uploads: inactive, last 122d ago, 0 in 90d (sampled 30)
   [w1] (103/284) https://www.youtube.com/@kayla.nelson
         Uploads: biweekly, last 10d ago, 6 in 90d (sampled 30)
         Uploads: monthly, last 8d ago, 3 in 90d (sampled 30)
         No travel/holiday wording - off niche
   [w3] (104/284) https://www.youtube.com/@GreatBigStory
   [w2] (105/284) https://www.youtube.com/@MichelleKhare
         Name: Kayla Nelson
         Subscribers: 99.5K subscribers (99500)
         Email listed: yes
         Type: solo
         Instagram: https://www.instagram.com/kaylaobviously
         Name: Great Big Story
         Subscribers: 6.29M subscribers (6290000)
         Email listed: yes
         Type: solo (United States)
         Instagram: http://www.instagram.com/greatbigstory
         Name: Michelle Khare
         Subscribers: 5.49M subscribers (5490000)
         Email listed: yes
         Type: unclear (United States)
         Uploads: inactive, last 91d ago, 0 in 90d (sampled 30)
         No travel/holiday wording - off niche
   [w1] (106/284) https://www.youtube.com/@BeauMiles
         Uploads: sporadic, last 2d ago, 1 in 90d (sampled 30)
   [w2] (107/284) https://www.youtube.com/@WillNE
         Uploads: biweekly, last 3d ago, 6 in 90d (sampled 30)
   [w3] (108/284) https://www.youtube.com/@gtn
         Name: Beau Miles
         Subscribers: 876K subscribers (876000)
         Email listed: no
         Type: solo (Australia)
         Instagram: https://www.instagram.com/beauisms/
         Name: WillNE
         Subscribers: 5.35M subscribers (5350000)
         Email listed: yes
         Type: solo (United Kingdom)
         Instagram: https://instagram.com/willne
         Name: Global Triathlon Network
         Subscribers: 1.1M subscribers (1100000)
         Email listed: yes
         Type: solo (United Kingdom)
         Instagram: http://instagram.com/globaltriathlonnetwork
         Uploads: monthly, last 30d ago, 4 in 90d (sampled 30)
         No travel/holiday wording - off niche
   [w1] (109/284) https://www.youtube.com/@WatchMojo
         Uploads: monthly, last 0d ago, 2 in 90d (sampled 30)
         No travel/holiday wording - off niche
         Uploads: weekly, last 1d ago, 30 in 90d (sampled 30)
   [w2] (110/284) https://www.youtube.com/@find404
   [w3] (111/284) https://www.youtube.com/@MoreJynxzi
         Name: WatchMojo.com
         Subscribers: 25.8M subscribers (25800000)
         Email listed: yes
         Type: solo (Canada)
         Instagram: https://www.instagram.com/watchmojo
         Name: find404
         Subscribers: 335K subscribers (335000)
         Email listed: yes
         Type: solo (United States)
         Instagram: https://www.instagram.com/davidjypark/
         Name: Jynxzi Live
         Subscribers: 2.13M subscribers (2130000)
         Email listed: yes
         Type: solo (United States)
         Instagram: https://www.instagram.com/Jynxzi
         Uploads: weekly, last 0d ago, 30 in 90d (sampled 30)
         Uploads: dormant, last 183d ago, 0 in 90d (sampled 12)
         No travel/holiday wording - off niche
   [w1] (112/284) https://www.youtube.com/@iRunOnBeer
         Uploads: weekly, last 2d ago, 30 in 90d (sampled 30)
         No travel/holiday wording - off niche
   [w2] (113/284) https://www.youtube.com/@isaiahphoto
   [w3] (114/284) https://www.youtube.com/@trainerwinny
         Name: iRunOnBeer
         Subscribers: 2.44K subscribers (2440)
         Email listed: yes
         Type: solo (United States)
         Instagram: https://instagram.com/irunonbeer
         Name: trainer winny
         Subscribers: 936K subscribers (936000)
         Email listed: yes
         Type: solo
         Instagram: https://www.instagram.com/trainerwinny
         Name: Isaiah Photo
         Subscribers: 10.1M subscribers (10100000)
         Email listed: yes
         Type: solo (United States)
         Instagram: https://www.instagram.com/isaiahphoto
         Uploads: dormant, last 730d ago, 0 in 90d (sampled 30)
         Below range (2,440 < 20,000)
         Uploads: biweekly, last 2d ago, 8 in 90d (sampled 30)
   [w1] (115/284) https://www.youtube.com/@zachsalek
   [w3] (116/284) https://www.youtube.com/@JasonGrubb
         Uploads: monthly, last 14d ago, 2 in 90d (sampled 30)
         No travel/holiday wording - off niche
   [w2] (117/284) https://www.youtube.com/@DoctorER
         Name: zach salek
         Subscribers: 3.04K subscribers (3040)
         Email listed: yes
         Type: solo (United States)
         Instagram: https://www.instagram.com/zachsalek/
         Name: Doctor ER
         Subscribers: 2.91M subscribers (2910000)
         Email listed: yes
         Type: solo (United States)
         Instagram: https://www.instagram.com/doctorer/
         Name: Jason Grubb
         Subscribers: 36.4K subscribers (36400)
         Email listed: yes
         Type: solo (United States)
         Instagram: https://www.instagram.com/jasongrubb_fitness/
         Uploads: weekly, last 5d ago, 16 in 90d (sampled 30)
         Below range (3,040 < 20,000)
   [w1] (118/284) https://www.youtube.com/@scotthickenlooper
         Uploads: weekly, last 5d ago, 21 in 90d (sampled 30)
         Uploads: weekly, last 1d ago, 30 in 90d (sampled 30)
         No travel/holiday wording - off niche
   [w3] (119/284) https://www.youtube.com/@wsj
   [w2] (120/284) https://www.youtube.com/@iamjohnnyjames
         Name: Scott Hickenlooper
         Subscribers: 687 subscribers (687)
         Email listed: no
         Type: solo (United States)
         Instagram: https://www.instagram.com/scott.hickenlooper
         Name: The Wall Street Journal
         Subscribers: 6.71M subscribers (6710000)
         Email listed: no
         Type: solo (United States)
         Instagram: https://www.instagram.com/wsj/
         Name: Johnny James
         Subscribers: 29.7K subscribers (29700)
         Email listed: no
         Type: solo (United States)
         Instagram: http://www.instagram.com/iamjohnnyjames
         Uploads: inactive, last 152d ago, 0 in 90d (sampled 26)
         Below range (687 < 20,000)
   [w1] (121/284) https://www.youtube.com/@SvenKoch
         Uploads: dormant, last 335d ago, 0 in 90d (sampled 30)
         No travel/holiday wording - off niche
   [w2] (122/284) https://www.youtube.com/@DorianDevelops
         Uploads: weekly, last 0d ago, 30 in 90d (sampled 30)
         No travel/holiday wording - off niche
   [w3] (123/284) https://www.youtube.com/@imvaleriewan
         Name: Sven Koch
         Subscribers: 26.3K subscribers (26300)
         Email listed: yes
         Type: solo (Australia)
         Instagram: https://instagram.com/sven_koch
         Name: Dorian Develops
         Subscribers: 330K subscribers (330000)
         Email listed: yes
         Type: solo (United States)
         Instagram: https://www.instagram.com/doriandevelops/
         Name: Valerie
         Subscribers: 11.4K subscribers (11400)
         Email listed: yes
         Type: unclear
         Uploads: dormant, last 213d ago, 0 in 90d (sampled 30)
   [w1] (124/284) https://www.youtube.com/@doctorlegrand
         Uploads: weekly, last 5d ago, 10 in 90d (sampled 30)
         No travel/holiday wording - off niche
   [w2] (125/284) https://www.youtube.com/@harrisheller
         Uploads: sporadic, last 30d ago, 1 in 90d (sampled 28)
         Below range (11,400 < 20,000)
         Name: Dr. LeGrand
         Subscribers: 178K subscribers (178000)
         Email listed: yes
         Type: unclear (United States)
   [w3] (126/284) https://www.youtube.com/@DrAlexWibberley
         Name: Harris Heller
         Subscribers: 83.6K subscribers (83600)
         Email listed: yes
         Type: solo (United States)
         Instagram: http://instagram.com/harrisheller
         Uploads: weekly, last 1d ago, 13 in 90d (sampled 30)
         Name: Doctor Alex
         Subscribers: 569K subscribers (569000)
         Email listed: yes
         Type: solo (United Kingdom)
   [w1] (127/284) https://www.youtube.com/@FoodTheory
         Uploads: dormant, last 213d ago, 0 in 90d (sampled 8)
         No travel/holiday wording - off niche
   [w2] (128/284) https://www.youtube.com/@AlaiasFittz
         Name: The Food Theorists
         Subscribers: 5.51M subscribers (5510000)
         Email listed: yes
         Type: solo (United States)
         Instagram: https://www.instagram.com/teamtheorist
         Uploads: weekly, last 1d ago, 30 in 90d (sampled 30)
   [w3] (129/284) https://www.youtube.com/@BrowneyShorts
         Name: Alaias Fittz
         Subscribers: 117K subscribers (117000)
         Email listed: yes
         Type: solo (United States)
         Instagram: https://www.instagram.com/alaias.fit/
         Uploads: weekly, last 6d ago, 13 in 90d (sampled 30)
   [w1] (130/284) https://www.youtube.com/@alinanaza
         Name: Stan Browney
         Subscribers: 4.81M subscribers (4810000)
         Email listed: yes
         Type: solo (United States)
         Instagram: https://www.instagram.com/stanbrowney/
         Uploads: monthly, last 2d ago, 2 in 90d (sampled 30)
         No travel/holiday wording - off niche
   [w2] (131/284) https://www.youtube.com/@GuntherToo
         Uploads: monthly, last 9d ago, 4 in 90d (sampled 30)
         No travel/holiday wording - off niche
         Name: Alina Naza
         Subscribers: 54.6K subscribers (54600)
         Email listed: yes
         Type: solo (Cyprus)
         Instagram: https://www.instagram.com/alinanaza
   [w3] (132/284) https://www.youtube.com/@bigmuscles
         Name: Gunther Too
         Subscribers: 15.1K subscribers (15100)
         Email listed: yes
         Type: unclear (United States)
         Uploads: sporadic, last 4d ago, 1 in 90d (sampled 23)
         No travel/holiday wording - off niche
         Name: Big Muscles
         Subscribers: 310K subscribers (310000)
         Email listed: yes
         Type: unclear (United States)
   [w1] (133/284) https://www.youtube.com/@athleanx
         Uploads: dormant, last 365d ago, 0 in 90d (sampled 2)
         Below range (15,100 < 20,000)
   [w2] (134/284) https://www.youtube.com/@JackClancy296
         Name: ATHLEAN-X™
         Subscribers: 14.3M subscribers (14300000)
         Email listed: yes
         Type: solo (United States)
         Instagram: http://instagram.com/athleanx
         Uploads: weekly, last 1d ago, 13 in 90d (sampled 30)
   [w3] (135/284) https://www.youtube.com/@OFFICIALTHENXSTUDIOS
         Name: Jack Clancy
         Subscribers: 2.94K subscribers (2940)
         Email listed: yes
         Type: solo (United States)
         Name: THENX
         Subscribers: 7.83M subscribers (7830000)
         Email listed: yes
         Type: solo (United States)
         Instagram: https://INSTAGRAM.COM/THENX
         Uploads: weekly, last 0d ago, 15 in 90d (sampled 30)
   [w1] (136/284) https://www.youtube.com/@BodyHub
         Uploads: dormant, last 1826d ago, 0 in 90d (sampled 30)
         Below range (2,940 < 20,000)
   [w2] (137/284) https://www.youtube.com/@igorvoitenko4real
         Uploads: monthly, last 21d ago, 2 in 90d (sampled 30)
   [w3] (138/284) https://www.youtube.com/@JasonLiLifts
         Name: Body Hub
         Subscribers: 1.52M subscribers (1520000)
         Email listed: yes
         Type: unclear (Australia)
         Name: NEXT Workout
         Subscribers: 2.89M subscribers (2890000)
         Email listed: yes
         Type: unclear (United States)
         Name: Jason Li
         Subscribers: 16.1K subscribers (16100)
         Email listed: yes
         Type: solo (United States)
         Instagram: https://www.instagram.com/jasonlilifts/
         Uploads: weekly, last 1d ago, 18 in 90d (sampled 30)
   [w1] (139/284) https://www.youtube.com/@colehershner
         Uploads: sporadic, last 61d ago, 1 in 90d (sampled 30)
   [w2] (140/284) https://www.youtube.com/@real_mattnguyen
         Uploads: sporadic, last 14d ago, 1 in 90d (sampled 30)
         Below range (16,100 < 20,000)
         Name: Cole Hershner
         Subscribers: 9.16K subscribers (9160)
         Email listed: yes
         Type: solo
         Instagram: https://www.instagram.com/colehershner/
   [w3] (141/284) https://www.youtube.com/@KeltieOConnor
         Name: Matt Nguyen
         Subscribers: 66.1K subscribers (66100)
         Email listed: no
         Type: solo
         Instagram: https://www.instagram.com/real_mattnguyen/
         Name: Keltie O'Connor
         Subscribers: 774K subscribers (774000)
         Email listed: yes
         Type: solo (Canada)
         Instagram: https://instagram.com/keltieoconnor
         Uploads: sporadic, last 30d ago, 1 in 90d (sampled 29)
         Below range (9,160 < 20,000)
   [w1] (142/284) https://www.youtube.com/@TomPetoTraining
         Uploads: weekly, last 5d ago, 23 in 90d (sampled 30)
         No travel/holiday wording - off niche
   [w2] (143/284) https://www.youtube.com/@bioforceman
         Uploads: weekly, last 1d ago, 14 in 90d (sampled 30)
   [w3] (144/284) https://www.youtube.com/@sculptress_yt
         Name: Tom Peto Training
         Subscribers: 274K subscribers (274000)
         Email listed: yes
         Type: solo (United Kingdom)
         Instagram: http://instagram.com/tompetotraining/
         Name: Sculptress
         Subscribers: 77K subscribers (77000)
         Email listed: yes
         Type: unclear
         Uploads: weekly, last 1d ago, 18 in 90d (sampled 30)
   [w1] (145/284) https://www.youtube.com/@rileyrehl
         Uploads: biweekly, last 5d ago, 6 in 90d (sampled 25)
         Name: Riley Rehl
         Subscribers: 434K subscribers (434000)
         Email listed: yes
         Type: solo (United States)
         Instagram: https://www.instagram.com/rileyrehl/
   [w3] (146/284) https://www.youtube.com/@Celinelikedion
         Name: Bioforceman
         Subscribers: 190K subscribers (190000)
         Email listed: yes
         Type: unclear (United States)
         Uploads: weekly, last 0d ago, 10 in 90d (sampled 30)
         No travel/holiday wording - off niche
   [w1] (147/284) https://www.youtube.com/@JosiahFitness
         Name: Celine ♡
         Subscribers: 61.1K subscribers (61100)
         Email listed: yes
         Type: solo (Canada)
         Instagram: http://instagram.com/celinelikedion
         Uploads: weekly, last 4d ago, 12 in 90d (sampled 30)
         Skool: https://www.skool.com/bioforceman/about
         Name: Josiah Novak
         Subscribers: 38.9K subscribers (38900)
         Email listed: yes
         Type: solo (United States)
         Instagram: https://www.instagram.com/josiahfitness
         Uploads: weekly, last 3d ago, 10 in 90d (sampled 30)
         No travel/holiday wording - off niche
   [w3] (148/284) https://www.youtube.com/@sportybeth
         Skool community: Bioforceman Workout Blueprints - 438 members
   [w2] (149/284) https://www.youtube.com/@chungn22
         Name: Nicholas Chung
         Subscribers: 601 subscribers (601)
         Email listed: no
         Type: solo (Canada)
         Instagram: https://www.instagram.com/chungn.fit?utm_source=ig_web_button_share_sheet&igsh=ZDNlZDc0MzIxNw==
         Uploads: weekly, last 0d ago, 30 in 90d (sampled 30)
         Name: Sporty Beth
         Subscribers: 60.5K subscribers (60500)
         Email listed: yes
         Type: unclear (United Kingdom)
   [w1] (150/284) https://www.youtube.com/@elijahorr
         Name: Elijah Orr
         Subscribers: 44.1K subscribers (44100)
         Email listed: yes
         Type: unclear (United States)
         Uploads: monthly, last 21d ago, 3 in 90d (sampled 17)
         Below range (601 < 20,000)
         Uploads: dormant, last 335d ago, 0 in 90d (sampled 30)
   [w2] (151/284) https://www.youtube.com/@ShervinShares
   [w3] (152/284) https://www.youtube.com/@lindasunyt
         Uploads: dormant, last 365d ago, 0 in 90d (sampled 30)
   [w1] (153/284) https://www.youtube.com/@TriathlonTaren
         Name: Shervin Shares
         Subscribers: 232K subscribers (232000)
         Email listed: yes
         Type: solo (United States)
         Instagram: https://www.instagram.com/shervinshares/
         Name: Linda Sun
         Subscribers: 1.6M subscribers (1600000)
         Email listed: yes
         Type: solo (United States)
         Instagram: https://www.instagram.com/lindasunyt/
         Name: Taren's MōTTIV Method
         Subscribers: 192K subscribers (192000)
         Email listed: yes
         Type: solo (Canada)
         Instagram: https://instagram.com/triathlontaren/
         Uploads: weekly, last 12d ago, 11 in 90d (sampled 30)
   [w2] (154/284) https://www.youtube.com/@buzzfeedmultiplayer
         Uploads: biweekly, last 1d ago, 6 in 90d (sampled 30)
         Uploads: dormant, last 365d ago, 0 in 90d (sampled 30)
   [w3] (155/284) https://www.youtube.com/@GriffRuns
   [w1] (156/284) https://www.youtube.com/@IAmMattg
         Name: BuzzFeed Multiplayer
         Subscribers: 9.33M subscribers (9330000)
         Email listed: no
         Type: unclear (United States)
         Instagram: https://www.instagram.com/For the release of the new BuzzFeed Studios Film '1UP,' star Paris Berelc cosplays for the first time as "The Countess," her avatar from the movie. See how she looks, and check out '1UP' on Prime Video now!

GET MORE BUZZFEED
www.buzzfeed.com/videoteam
www.facebook.com/buzzfeedvideo
www.instagram.com/buzzfeedvideo
www.buzzfeed.com/video
         Name: Griff Duncan
         Subscribers: 2.9K subscribers (2900)
         Email listed: yes
         Type: solo
         Instagram: https://www.instagram.com/griffduncan/
         Name: ItsMattG
         Subscribers: 8.57K subscribers (8570)
         Email listed: yes
         Type: solo (United States)
         Instagram: https://www.instagram.com/its.mattg/
         Uploads: weekly, last 1d ago, 10 in 90d (sampled 30)
         Below range (2,900 < 20,000)
         Uploads: monthly, last 8d ago, 2 in 90d (sampled 30)
         Below range (8,570 < 20,000)
   [w3] (157/284) https://www.youtube.com/@lani_mick
   [w1] (158/284) https://www.youtube.com/@SierraSchultzzie
         Uploads: dormant, last 1461d ago, 0 in 90d (sampled 30)
   [w2] (159/284) https://www.youtube.com/@michaeladickson
         Name: Sierra Schultzzie
         Subscribers: 1.11M subscribers (1110000)
         Email listed: yes
         Type: solo (United States)
         Instagram: https://instagram.com/schultzzie/
         Name: Lani & Mick
         Subscribers: 2.14K subscribers (2140)
         Email listed: yes
         Type: solo
         Instagram: https://www.instagram.com/lani_kunni/
         Name: Michaela Dickson
         Subscribers: 33.3K subscribers (33300)
         Email listed: yes
         Type: solo (United States)
         Instagram: https://www.instagram.com/michaeladickson_/
         Uploads: dormant, last 365d ago, 0 in 90d (sampled 30)
         No travel/holiday wording - off niche
   [w1] (160/284) https://www.youtube.com/@KaraandNate
         Uploads: biweekly, last 11d ago, 7 in 90d (sampled 30)
         Below range (2,140 < 20,000)
   [w3] (161/284) https://www.youtube.com/@OutdoorBoys
         Uploads: monthly, last 7d ago, 4 in 90d (sampled 30)
         No travel/holiday wording - off niche
   [w2] (162/284) https://www.youtube.com/@FieldDays
         Name: Kara and Nate
         Subscribers: 4.54M subscribers (4540000)
         Email listed: yes
         Type: solo (United States)
         Instagram: https://www.instagram.com/karaandnate/
         Name: Outdoor Boys
         Subscribers: 20.7M subscribers (20700000)
         Email listed: no
         Type: solo (United States)
         Instagram: https://www.instagram.com/outdoorboyschannel/
         Uploads: biweekly, last 2d ago, 9 in 90d (sampled 30)
   [w1] (163/284) https://www.youtube.com/@SurvivalDispatch
         Uploads: dormant, last 304d ago, 0 in 90d (sampled 30)
   [w3] (164/284) https://www.youtube.com/@NotEnoughNelsons
         Name: Survival Dispatch
         Subscribers: 448K subscribers (448000)
         Email listed: yes
         Type: solo (United States)
         Name: Field Days
         Subscribers: 2M subscribers (2000000)
         Email listed: yes
         Type: solo (Australia)
         Instagram: https://www.instagram.com/field__days
         Uploads: weekly, last 0d ago, 20 in 90d (sampled 30)
         No travel/holiday wording - off niche
   [w1] (165/284) https://www.youtube.com/@Agent00IRL
         Name: Not Enough Nelsons
         Subscribers: 5.6M subscribers (5600000)
         Email listed: yes
         Type: solo (United States)
         Instagram: https://www.instagram.com/justkass/
         Uploads: biweekly, last 8d ago, 6 in 90d (sampled 30)
         No travel/holiday wording - off niche
   [w2] (166/284) https://www.youtube.com/@DutchBushcraftKnives
         Name: Agent 00 IRL
         Subscribers: 15.4K subscribers (15400)
         Email listed: no
         Type: unclear (United States)
         Uploads: weekly, last 2d ago, 13 in 90d (sampled 30)
         No travel/holiday wording - off niche
   [w3] (167/284) https://www.youtube.com/@RAWWFishing
         Name: Dutch Bushcraft Knives
         Subscribers: 343K subscribers (343000)
         Email listed: yes
         Type: solo (Netherlands)
         Instagram: https://www.instagram.com/dbkbushcraft/
         Uploads: weekly, last 0d ago, 14 in 90d (sampled 14)
         Below range (15,400 < 20,000)
   [w1] (168/284) https://www.youtube.com/@FLAIR.
         Uploads: weekly, last 4d ago, 13 in 90d (sampled 30)
   [w2] (169/284) https://www.youtube.com/@ZachKlimes
         Name: FLAIR
         Subscribers: 2.92M subscribers (2920000)
         Email listed: yes
         Type: solo (United States)
         Instagram: http://instagram.com/fishing_with_flair
         Name: RAWWFishing
         Subscribers: 8.32M subscribers (8320000)
         Email listed: yes
         Type: solo (United States)
         Instagram: https://www.instagram.com/rawwfishing/
         Name: Zach Klimes
         Subscribers: 8.3K subscribers (8300)
         Email listed: yes
         Type: unclear (United States)
         Uploads: weekly, last 1d ago, 24 in 90d (sampled 30)
         No travel/holiday wording - off niche
   [w1] (170/284) https://www.youtube.com/@TAOutdoors
         Uploads: monthly, last 21d ago, 3 in 90d (sampled 30)
         No travel/holiday wording - off niche
   [w3] (171/284) https://www.youtube.com/@XanderBudnick
         Uploads: sporadic, last 30d ago, 1 in 90d (sampled 9)
         Below range (8,300 < 20,000)
   [w2] (172/284) https://www.youtube.com/@FowlersMakeryandMischief
         Name: TA Outdoors
         Subscribers: 2.49M subscribers (2490000)
         Email listed: yes
         Type: solo (United Kingdom)
         Instagram: https://www.instagram.com/taoutdoorofficial/
         Name: Xander Budnick
         Subscribers: 1.98M subscribers (1980000)
         Email listed: yes
         Type: solo (Canada)
         Instagram: https://www.instagram.com/xanderbudnick/?hl=en
         Name: Fowler's Makery and Mischief
         Subscribers: 1.82M subscribers (1820000)
         Email listed: yes
         Type: solo (United States)
         Instagram: https://www.instagram.com/ffoowwlleerr_/
         Uploads: biweekly, last 8d ago, 6 in 90d (sampled 30)
   [w1] (173/284) https://www.youtube.com/@AllThe_Gear
         Uploads: monthly, last 2d ago, 3 in 90d (sampled 30)
         No travel/holiday wording - off niche
         Uploads: biweekly, last 2d ago, 7 in 90d (sampled 30)
   [w3] (174/284) https://www.youtube.com/@Katieroams
   [w2] (175/284) https://www.youtube.com/@GoodBlokeOutdoors
         Name: All The Gear
         Subscribers: 462K subscribers (462000)
         Email listed: yes
         Type: unclear (United Kingdom)
         Name: Katie Roams
         Subscribers: 273K subscribers (273000)
         Email listed: yes
         Type: solo (United Kingdom)
         Instagram: https://www.instagram.com/katiieroams
         Name: Good Bloke Outdoors
         Subscribers: 70K subscribers (70000)
         Email listed: yes
         Type: solo (United Kingdom)
         Instagram: https://www.instagram.com/goodblokeoutdoors/
         Uploads: weekly, last 0d ago, 12 in 90d (sampled 30)
         No travel/holiday wording - off niche
   [w1] (176/284) https://www.youtube.com/@AJTProductionsUK
         Uploads: weekly, last 1d ago, 25 in 90d (sampled 30)
         No travel/holiday wording - off niche
   [w3] (177/284) https://www.youtube.com/@HazeOutdoors
         Uploads: weekly, last 0d ago, 15 in 90d (sampled 30)
         No travel/holiday wording - off niche
   [w2] (178/284) https://www.youtube.com/@StephenJReid
         Name: AJT Productions
         Subscribers: 208 subscribers (208)
         Email listed: yes
         Type: unclear
         Name: Haze Outdoors
         Subscribers: 134K subscribers (134000)
         Email listed: yes
         Type: solo (United Kingdom)
         Instagram: https://www.instagram.com/hazeoutdoors/
         Name: Stephen J Reid
         Subscribers: 195K subscribers (195000)
         Email listed: yes
         Type: solo (United Kingdom)
         Instagram: https://www.instagram.com/stephenjreid/
         Uploads: biweekly, last 2d ago, 9 in 90d (sampled 30)
         Below range (208 < 20,000)
   [w1] (179/284) https://www.youtube.com/@Walkingwildcampinguk
         Uploads: weekly, last 6d ago, 10 in 90d (sampled 30)
         No travel/holiday wording - off niche
   [w3] (180/284) https://www.youtube.com/@OvensRockyMountainBushcraft
         Uploads: weekly, last 1d ago, 13 in 90d (sampled 30)
   [w2] (181/284) https://www.youtube.com/@clayhayeshunter
         Name: Walking wild camping uk
         Subscribers: 1.79K subscribers (1790)
         Email listed: no
         Type: unclear (United Kingdom)
         Name: Ovens Rocky Mountain Bushcraft
         Subscribers: 1.11M subscribers (1110000)
         Email listed: yes
         Type: solo (United States)
         Name: Clay Hayes
         Subscribers: 1M subscribers (1000000)
         Email listed: yes
         Type: solo (United States)
         Instagram: https://www.instagram.com/clayhayeshunter/
         Uploads: inactive, last 122d ago, 0 in 90d (sampled 30)
         Below range (1,790 < 20,000)
   [w1] (182/284) https://www.youtube.com/@WayPointSurvival
         Uploads: biweekly, last 2d ago, 5 in 90d (sampled 30)
   [w3] (183/284) https://www.youtube.com/@BushcraftHakankarahan
         Uploads: monthly, last 4d ago, 4 in 90d (sampled 30)
         No travel/holiday wording - off niche
   [w2] (184/284) https://www.youtube.com/@TheWoodedBeardsman
         Name: WayPoint Survival
         Subscribers: 463K subscribers (463000)
         Email listed: yes
         Type: unclear (United States)
         Name: Hakan Karahan Doğada
         Subscribers: 907K subscribers (907000)
         Email listed: yes
         Type: solo (United States)
         Instagram: https://www.instagram.com/bushcraft_hakan_karahan/
         Name: The Wooded Beardsman
         Subscribers: 1.64M subscribers (1640000)
         Email listed: yes
         Type: solo (Canada)
         Instagram: https://www.instagram.com/the_wooded_beardsman/
         Uploads: weekly, last 6d ago, 14 in 90d (sampled 30)
         Uploads: weekly, last 1d ago, 13 in 90d (sampled 30)
   [w1] (185/284) https://www.youtube.com/@dudeperfect
   [w3] (186/284) https://www.youtube.com/@thatyoutub3family
         Uploads: monthly, last 14d ago, 2 in 90d (sampled 30)
   [w2] (187/284) https://www.youtube.com/@MattyFo.Outdoors
         Name: Dude Perfect
         Subscribers: 62.8M subscribers (62800000)
         Email listed: yes
         Type: solo (United States)
         Instagram: http://instagram.com/dudeperfect
         Name: That YouTub3 Family - The Adventurers
         Subscribers: 3.57M subscribers (3570000)
         Email listed: yes
         Type: solo (United States)
         Instagram: https://www.instagram.com/thatyoutub3fam
         Name: Matty Fo Outdoors
         Subscribers: 1.65K subscribers (1650)
         Email listed: yes
         Type: solo (Canada)
         Instagram: https://www.instagram.com/Matty_foto
         Uploads: monthly, last 2d ago, 4 in 90d (sampled 30)
   [w1] (188/284) https://www.youtube.com/@TheBearEssentials
         Uploads: dormant, last 365d ago, 0 in 90d (sampled 30)
         No travel/holiday wording - off niche
   [w3] (189/284) https://www.youtube.com/@davidmrule
         Uploads: weekly, last 14d ago, 11 in 90d (sampled 30)
         Below range (1,650 < 20,000)
   [w2] (190/284) https://www.youtube.com/@Nick_Kratka
         Name: The Bear Essentials
         Subscribers: 1.51M subscribers (1510000)
         Email listed: yes
         Type: solo (Canada)
         Instagram: https://www.instagram.com/bear.essentials.outdrs/
         Name: David Rule
         Subscribers: 833K subscribers (833000)
         Email listed: yes
         Type: solo
         Instagram: https://www.instagram.com/davidmrule
         Uploads: sporadic, last 28d ago, 1 in 90d (sampled 30)
         No travel/holiday wording - off niche
   [w1] (191/284) https://www.youtube.com/@Wadepapenfus
         Name: Nick Kratka
         Subscribers: 6.77M subscribers (6770000)
         Email listed: yes
         Type: unclear
         Instagram: https://www.instagram.com/nick_kratka/?hl=en
         Uploads: inactive, last 91d ago, 0 in 90d (sampled 30)
         No travel/holiday wording - off niche
   [w3] (192/284) https://www.youtube.com/@Beardmeatsfood
         Name: Wade Papenfus - Offshore Tales
         Subscribers: 1.33M subscribers (1330000)
         Email listed: yes
         Type: solo (Australia)
         Instagram: https://www.instagram.com/wadepapenfus
         Uploads: biweekly, last 9d ago, 8 in 90d (sampled 30)
         No travel/holiday wording - off niche
   [w2] (193/284) https://www.youtube.com/@joelhansenraw
         Name: BeardMeatsFood
         Subscribers: 6.87M subscribers (6870000)
         Email listed: yes
         Type: solo (United Kingdom)
         Instagram: https://www.instagram.com/beardmeatsfood/
         Uploads: biweekly, last 8d ago, 5 in 90d (sampled 30)
         No travel/holiday wording - off niche
   [w1] (194/284) https://www.youtube.com/@scotteats
         Name: Joel Hansen Raw
         Subscribers: 182K subscribers (182000)
         Email listed: no
         Type: unclear
         Uploads: weekly, last 1d ago, 13 in 90d (sampled 30)
         No travel/holiday wording - off niche
   [w3] (195/284) https://www.youtube.com/@KatinaEatsKilos
         Name: Scott Eats
         Subscribers: 119K subscribers (119000)
         Email listed: no
         Type: unclear (Canada)
         Uploads: weekly, last 1d ago, 13 in 90d (sampled 30)
   [w2] (196/284) https://www.youtube.com/@TravelChannel
         Name: Katina Eats Kilos
         Subscribers: 1.18M subscribers (1180000)
         Email listed: no
         Type: solo (United States)
         Instagram: https://www.instagram.com/katinaeatskilos
         Uploads: weekly, last 4d ago, 13 in 90d (sampled 30)
   [w1] (197/284) https://www.youtube.com/@ErikTheElectric
         Name: Travel Channel
         Subscribers: 903K subscribers (903000)
         Email listed: no
         Type: solo
         Instagram: http://instagram.com/travelchannel
         Uploads: biweekly, last 1d ago, 7 in 90d (sampled 30)
   [w3] (198/284) https://www.youtube.com/@JoelHansen
         Name: ErikTheElectric
         Subscribers: 5.41M subscribers (5410000)
         Email listed: yes
         Type: solo (United States)
         Instagram: http://www.instagram.com/ErikTheElectric
         Name: Joel Hansen
         Subscribers: 1.17M subscribers (1170000)
         Email listed: yes
         Type: solo (Canada)
         Instagram: https://www.instagram.com/modelvsfood
         Uploads: sporadic, last 61d ago, 1 in 90d (sampled 30)
         No travel/holiday wording - off niche
   [w1] (199/284) https://www.youtube.com/@RandySantel
         Uploads: weekly, last 1d ago, 30 in 90d (sampled 30)
   [w2] (200/284) https://www.youtube.com/@SunnyV2
         Uploads: weekly, last 2d ago, 20 in 90d (sampled 30)
   [w3] (201/284) https://www.youtube.com/@LeahShutkever
         Name: Randy Santel
         Subscribers: 1.85M subscribers (1850000)
         Email listed: yes
         Type: solo (United States)
         Instagram: http://www.instagram.com/RandySantel
         Name: SunnyV2
         Subscribers: 4.41M subscribers (4410000)
         Email listed: no
         Type: unclear (Australia)
         Name: Leah Shutkever
         Subscribers: 671K subscribers (671000)
         Email listed: yes
         Type: unclear (United Kingdom)
         Instagram: https://www.instagram.com/shutkeverofficial/?hl=en
         Uploads: dormant, last 365d ago, 0 in 90d (sampled 30)
         No travel/holiday wording - off niche
   [w2] (202/284) https://www.youtube.com/@MaxvsFood
         Uploads: weekly, last 0d ago, 17 in 90d (sampled 30)
   [w1] (203/284) https://www.youtube.com/@NickDiGiovanni
         Uploads: weekly, last 4d ago, 11 in 90d (sampled 30)
         No travel/holiday wording - off niche
   [w3] (204/284) https://www.youtube.com/@MoreBestEverFoodReviewShow
         Name: Max vs Food
         Subscribers: 127K subscribers (127000)
         Email listed: yes
         Type: solo (United Kingdom)
         Instagram: https://www.instagram.com/maxvsfood_
         Name: Nick DiGiovanni
         Subscribers: 47.1M subscribers (47100000)
         Email listed: yes
         Type: unclear (United States)
         Instagram: https://www.instagram.com/nick.digiovanni
         Name: More Best Ever Food Review Show
         Subscribers: 3.91M subscribers (3910000)
         Email listed: yes
         Type: solo (United States)
         Instagram: https://www.instagram.com/besteverfoodreviewshow/
         Uploads: weekly, last 1d ago, 22 in 90d (sampled 30)
   [w2] (205/284) https://www.youtube.com/@AndrewStevenandAdam
         Uploads: monthly, last 2d ago, 4 in 90d (sampled 30)
         No travel/holiday wording - off niche
   [w1] (206/284) https://www.youtube.com/@BuzzFeedVideo
         Uploads: weekly, last 9d ago, 12 in 90d (sampled 30)
         No travel/holiday wording - off niche
   [w3] (207/284) https://www.youtube.com/@EvaBravoPlay
         Name: Andrew, Steven, and Adam
         Subscribers: 552K subscribers (552000)
         Email listed: yes
         Type: solo
         Instagram: https://www.instagram.com/adamjbianchi
         Name: BuzzFeedVideo
         Subscribers: 19.6M subscribers (19600000)
         Email listed: no
         Type: solo (United States)
         Instagram: http://instagram.com/buzzfeedvideo
         Name: Eva Bravo Play
         Subscribers: 26.4M subscribers (26400000)
         Email listed: yes
         Type: solo (United States)
         Instagram: https://www.instagram.com/eva_bravo_play
         Uploads: monthly, last 10d ago, 3 in 90d (sampled 23)
         No travel/holiday wording - off niche
   [w2] (208/284) https://www.youtube.com/@guga
         Uploads: monthly, last 5d ago, 4 in 90d (sampled 30)
         No travel/holiday wording - off niche
   [w1] (209/284) https://www.youtube.com/@BestEverFoodReviewShow
         Uploads: weekly, last 2d ago, 26 in 90d (sampled 30)
         No travel/holiday wording - off niche
         Name: Guga
         Subscribers: 3.5M subscribers (3500000)
         Email listed: yes
         Type: solo (United States)
         Instagram: https://www.instagram.com/gugafoods/
   [w3] (210/284) https://www.youtube.com/@norrisnuts
         Name: Best Ever Food Review Show
         Subscribers: 12.1M subscribers (12100000)
         Email listed: yes
         Type: solo (United States)
         Instagram: https://www.instagram.com/besteverfoodreviewshow/?hl=en
         Uploads: weekly, last 3d ago, 13 in 90d (sampled 30)
         No travel/holiday wording - off niche
   [w2] (211/284) https://www.youtube.com/@nenfam
         Name: The Norris Nuts
         Subscribers: 8.03M subscribers (8029999)
         Email listed: yes
         Type: solo (Australia)
         Instagram: http://instagram.com/norrisnuts
         Uploads: weekly, last 3d ago, 11 in 90d (sampled 30)
   [w1] (212/284) https://www.youtube.com/@brentrivera
         Name: NEN FAM
         Subscribers: 3.65M subscribers (3650000)
         Email listed: yes
         Type: solo (United States)
         Instagram: https://instagram.com/notenoughnelsons/?hi=en
         Uploads: weekly, last 2d ago, 13 in 90d (sampled 30)
   [w3] (213/284) https://www.youtube.com/@FVFAMILY
         Uploads: weekly, last 1d ago, 14 in 90d (sampled 30)
         No travel/holiday wording - off niche
   [w2] (214/284) https://www.youtube.com/@PrestonYT
         Name: Brent Rivera
         Subscribers: 44.2M subscribers (44200000)
         Email listed: yes
         Type: unclear (United States)
         Name: FV FAMILY
         Subscribers: 12M subscribers (12000000)
         Email listed: yes
         Type: solo (United States)
         Instagram: https://www.instagram.com/fgteev
         Uploads: monthly, last 2d ago, 3 in 90d (sampled 30)
         No travel/holiday wording - off niche
   [w1] (215/284) https://www.youtube.com/@foltynOfficial
         Name: Preston
         Subscribers: 32.4M subscribers (32400000)
         Email listed: yes
         Type: solo (United States)
         Instagram: https://www.instagram.com/prestonplayz/
         Uploads: inactive, last 91d ago, 0 in 90d (sampled 30)
         No travel/holiday wording - off niche
   [w3] (216/284) https://www.youtube.com/@KarissaEats
         Uploads: weekly, last 2d ago, 12 in 90d (sampled 30)
         No travel/holiday wording - off niche
         Name: KFoltyn
         Subscribers: 3.51M subscribers (3510000)
         Email listed: yes
         Type: unclear
         Instagram: https://www.instagram.com/realfoltyn/
   [w2] (217/284) https://www.youtube.com/@DingDongGirls
         Name: Ding Dong Girls
         Subscribers: 1.58M subscribers (1580000)
         Email listed: yes
         Type: unclear (India)
         Uploads: biweekly, last 5d ago, 7 in 90d (sampled 30)
         No travel/holiday wording - off niche
         Name: KarissaEats
         Subscribers: 5.2M subscribers (5200000)
         Email listed: no
         Type: unclear (United States)
   [w1] (218/284) https://www.youtube.com/@ClassicTVChannel24
         Name: Classic TV
         Subscribers: 105K subscribers (105000)
         Email listed: yes
         Type: solo (India)
         Instagram: https://www.instagram.com/classictv_channel/?utm_source=ig_web_button_share_sheet
         Uploads: monthly, last 3d ago, 4 in 90d (sampled 30)
         No travel/holiday wording - off niche
         Uploads: weekly, last 1d ago, 30 in 90d (sampled 30)
   [w3] (219/284) https://www.youtube.com/@BHUVIEATINGSHOW
   [w2] (220/284) https://www.youtube.com/@PriyankaTiwari
         Uploads: weekly, last 3d ago, 14 in 90d (sampled 30)
   [w1] (221/284) https://www.youtube.com/@HarryUppal
         Name: BHUVI EATING SHOW
         Subscribers: 558K subscribers (558000)
         Email listed: yes
         Type: solo (India)
         Instagram: https://www.instagram.com/bhuvieatingshow/
         Name: Priyanka Tiwari
         Subscribers: 2.78M subscribers (2780000)
         Email listed: yes
         Type: solo (India)
         Instagram: https://www.instagram.com/priyankaatiwari/
         Name: Harry Uppal
         Subscribers: 1.13M subscribers (1130000)
         Email listed: yes
         Type: unclear (India)
         Uploads: weekly, last 1d ago, 26 in 90d (sampled 30)
         No travel/holiday wording - off niche
         Uploads: weekly, last 6d ago, 13 in 90d (sampled 30)
   [w3] (222/284) https://www.youtube.com/@sosaute
         Uploads: weekly, last 1d ago, 30 in 90d (sampled 30)
         No travel/holiday wording - off niche
   [w2] (223/284) https://www.youtube.com/@apple.cheeks
   [w1] (224/284) https://www.youtube.com/@CarrieOnCoaching
         Name: So Saute
         Subscribers: 5.3M subscribers (5300000)
         Email listed: yes
         Type: solo (India)
         Instagram: https://www.instagram.com/anjali_dhingra18/
         Name: Carrie On
         Subscribers: 36.4K subscribers (36400)
         Email listed: yes
         Type: unclear (United States)
         Name: Apple Cheeks
         Subscribers: 230K subscribers (230000)
         Email listed: yes
         Type: solo (United States)
         Instagram: https://www.instagram.com/apple.cheeks/
         Uploads: weekly, last 1d ago, 12 in 90d (sampled 30)
         No travel/holiday wording - off niche
         Uploads: weekly, last 1d ago, 21 in 90d (sampled 30)
   [w3] (225/284) https://www.youtube.com/@AtoZenLife
   [w1] (226/284) https://www.youtube.com/@justlifewithleah
         Uploads: monthly, last 5d ago, 4 in 90d (sampled 30)
         No travel/holiday wording - off niche
   [w2] (227/284) https://www.youtube.com/@TheRamseyShow
         Name: A to Zen Life
         Subscribers: 431K subscribers (431000)
         Email listed: no
         Type: solo (United States)
         Instagram: https://www.instagram.com/atozenlife/
         Name: Life with Leah
         Subscribers: 12.1K subscribers (12100)
         Email listed: yes
         Type: solo (United States)
         Name: The Ramsey Show Highlights
         Subscribers: 4.6M subscribers (4600000)
         Email listed: no
         Type: solo (United States)
         Instagram: http://instagram.com/daveramsey
         Uploads: weekly, last 0d ago, 16 in 90d (sampled 30)
         Below range (12,100 < 20,000)
         Uploads: biweekly, last 1d ago, 9 in 90d (sampled 30)
         No travel/holiday wording - off niche
   [w1] (228/284) https://www.youtube.com/@FestivalStyled
   [w3] (229/284) https://www.youtube.com/@lunchmoneyapp
         Uploads: weekly, last 0d ago, 30 in 90d (sampled 30)
         No travel/holiday wording - off niche
   [w2] (230/284) https://www.youtube.com/@Financeunlocked6
         Name: FestivalStyled
         Subscribers: 17.5K subscribers (17500)
         Email listed: no
         Type: solo
         Instagram: https://www.instagram.com/festivalstyled?igsh=MThmb3liczl0Y2VhdQ==&utm_source=qr
         Name: Lunch Money
         Subscribers: 2.28K subscribers (2280)
         Email listed: no
         Type: unclear (United States)
         Name: Finance unlocked
         Subscribers: 4 subscribers (4)
         Email listed: no
         Type: unclear
         Uploads: monthly, last 7d ago, 3 in 90d (sampled 30)
         Below range (17,500 < 20,000)
         Uploads: inactive, last 91d ago, 0 in 90d (sampled 30)
         Below range (2,280 < 20,000)
   [w1] (231/284) https://www.youtube.com/@americanhighshorts
   [w3] (232/284) https://www.youtube.com/@CharlesBroomfieldOfficial
         Uploads: weekly, last 2d ago, 30 in 90d (sampled 30)
         Below range (4 < 20,000)
   [w2] (233/284) https://www.youtube.com/@Denver7
         Name: American High
         Subscribers: 4.44M subscribers (4440000)
         Email listed: yes
         Type: solo (United States)
         Instagram: https://www.instagram.com/americanhigh/
         Name: Charles Broomfield
         Subscribers: 50.2K subscribers (50200)
         Email listed: yes
         Type: solo (United States)
         Name: Denver7
         Subscribers: 624K subscribers (624000)
         Email listed: yes
         Type: solo (United States)
         Instagram: https://www.instagram.com/thedenverchannel/
         Uploads: weekly, last 3d ago, 13 in 90d (sampled 30)
         No travel/holiday wording - off niche
   [w1] (234/284) https://www.youtube.com/@saraconklinfrozenpennies
         Uploads: biweekly, last 14d ago, 5 in 90d (sampled 30)
         No travel/holiday wording - off niche
   [w3] (235/284) https://www.youtube.com/@jamesboone14
         Uploads: weekly, last 0d ago, 30 in 90d (sampled 30)
         No travel/holiday wording - off niche
   [w2] (236/284) https://www.youtube.com/@illymation
         Name: Frozen Pennies
         Subscribers: 160K subscribers (160000)
         Email listed: yes
         Type: unclear (United States)
         Name: jamesboone14
         Subscribers: 1.7K subscribers (1700)
         Email listed: no
         Type: solo (United States)
         Name: illymation
         Subscribers: 2.8M subscribers (2800000)
         Email listed: yes
         Type: solo (United States)
         Instagram: http://instagram.com/illymation
         Uploads: weekly, last 5d ago, 21 in 90d (sampled 30)
   [w1] (237/284) https://www.youtube.com/@LondonCollects
         Uploads: inactive, last 91d ago, 0 in 90d (sampled 30)
         Below range (1,700 < 20,000)
   [w3] (238/284) https://www.youtube.com/@VALUETAINMENT
         Uploads: inactive, last 91d ago, 0 in 90d (sampled 30)
         No travel/holiday wording - off niche
         Name: London Collects
         Subscribers: 743 subscribers (743)
         Email listed: no
         Type: solo (United Kingdom)
   [w2] (239/284) https://www.youtube.com/@thebudgetmom
         Name: PBD Podcast
         Subscribers: 2.97M subscribers (2970000)
         Email listed: yes
         Type: unclear (United States)
         Uploads: biweekly, last 10d ago, 7 in 90d (sampled 30)
         Below range (743 < 20,000)
   [w1] (240/284) https://www.youtube.com/@GabeBult
         Name: The Budget Mom
         Subscribers: 279K subscribers (279000)
         Email listed: yes
         Type: solo (United States)
         Instagram: https://www.instagram.com/thebudgetmom/
         Uploads: weekly, last 4d ago, 13 in 90d (sampled 30)
         No travel/holiday wording - off niche
   [w3] (241/284) https://www.youtube.com/@FrugalFitMom
         Name: Gabe Bult
         Subscribers: 867K subscribers (867000)
         Email listed: yes
         Type: solo (United States)
         Instagram: https://www.instagram.com/gabe.bult/
         Uploads: monthly, last 4d ago, 3 in 90d (sampled 30)
         No travel/holiday wording - off niche
   [w2] (242/284) https://www.youtube.com/@PinayInvestor
         Name: Frugal Fit Mom
         Subscribers: 693K subscribers (693000)
         Email listed: yes
         Type: solo (United States)
         Instagram: https://www.instagram.com/frugalfitmom6/
         Uploads: weekly, last 5d ago, 14 in 90d (sampled 30)
         No travel/holiday wording - off niche
   [w1] (243/284) https://www.youtube.com/@debt2none
         Name: Pinay Investor
         Subscribers: 65.8K subscribers (65800)
         Email listed: yes
         Type: solo (Philippines)
         Instagram: https://www.instagram.com/thePinayInvestor/
         Uploads: weekly, last 4d ago, 14 in 90d (sampled 30)
         No travel/holiday wording - off niche
   [w3] (244/284) https://www.youtube.com/@HomesteadTessie
         Name: Debt2None™️
         Subscribers: 16K subscribers (16000)
         Email listed: yes
         Type: solo (United States)
         Instagram: https://www.instagram.com/debt2none/?hl=en
         Uploads: dormant, last 213d ago, 0 in 90d (sampled 30)
         No travel/holiday wording - off niche
   [w2] (245/284) https://www.youtube.com/@scottkress_
         Name: Homestead Tessie
         Subscribers: 133K subscribers (133000)
         Email listed: yes
         Type: solo (United States)
         Uploads: dormant, last 365d ago, 0 in 90d (sampled 30)
         Below range (16,000 < 20,000)
   [w1] (246/284) https://www.youtube.com/@Jezabzllz
         Uploads: weekly, last 0d ago, 30 in 90d (sampled 30)
         No travel/holiday wording - off niche
         Name: Scott Kress
         Subscribers: 1.72M subscribers (1720000)
         Email listed: no
         Type: unclear
   [w3] (247/284) https://www.youtube.com/@pierson
         Name: JeZAbelle
         Subscribers: 347K subscribers (347000)
         Email listed: yes
         Type: solo
         Instagram: https://www.instagram.com/bzllz/
         Name: pierson
         Subscribers: 7.32M subscribers (7320000)
         Email listed: yes
         Type: solo (United States)
         Instagram: https://www.instagram.com/pierson/
         Uploads: weekly, last 3d ago, 11 in 90d (sampled 30)
         No travel/holiday wording - off niche
         Uploads: weekly, last 2d ago, 10 in 90d (sampled 30)
         No travel/holiday wording - off niche
   [w1] (248/284) https://www.youtube.com/@emmachamberlain
   [w2] (249/284) https://www.youtube.com/@CarterKench
         Uploads: biweekly, last 14d ago, 9 in 90d (sampled 30)
         No travel/holiday wording - off niche
   [w3] (250/284) https://www.youtube.com/@HudsonMatter
         Name: emma chamberlain
         Subscribers: 12M subscribers (12000000)
         Email listed: no
         Type: solo (United States)
         Instagram: https://www.instagram.com/emmachamberlain
         Name: Carter Kench
         Subscribers: 6.69M subscribers (6690000)
         Email listed: yes
         Type: unclear (United States)
         Name: Hudson Matter
         Subscribers: 2.22M subscribers (2220000)
         Email listed: no
         Type: solo
         Instagram: https://www.instagram.com/hudsonmatter/
         Uploads: dormant, last 274d ago, 0 in 90d (sampled 30)
         No travel/holiday wording - off niche
   [w1] (251/284) https://www.youtube.com/@AlishaMarie
         Uploads: weekly, last 3d ago, 15 in 90d (sampled 30)
   [w2] (252/284) https://www.youtube.com/@RhiandPete
         Uploads: dormant, last 365d ago, 0 in 90d (sampled 30)
   [w3] (253/284) https://www.youtube.com/@HealthWealthRelationships
         Name: AlishaMarie
         Subscribers: 7.98M subscribers (7980000)
         Email listed: yes
         Type: solo (United States)
         Instagram: http://instagram.com/alisha
         Name: Rhi and Pete
         Subscribers: 230 subscribers (230)
         Email listed: no
         Type: unclear (United States)
         Name: ProsperityPaths
         Subscribers: 79 subscribers (79)
         Email listed: yes
         Type: solo (France)
         Uploads: sporadic, last 30d ago, 1 in 90d (sampled 30)
         No travel/holiday wording - off niche
   [w1] (254/284) https://www.youtube.com/@amandamaryanna
         Uploads: dormant, last 1096d ago, 0 in 90d (sampled 22)
         Below range (230 < 20,000)
   [w2] (255/284) https://www.youtube.com/@TheDoctors
         Uploads: dormant, last 365d ago, 0 in 90d (sampled 13)
         Below range (79 < 20,000)
   [w3] (256/284) https://www.youtube.com/@esimps
         Name: amandamaryanna
         Subscribers: 345K subscribers (345000)
         Email listed: yes
         Type: solo (United States)
         Instagram: https://www.instagram.com/amandapanda767/
         Name: The Doctors
         Subscribers: 1.96M subscribers (1960000)
         Email listed: no
         Type: solo
         Instagram: http://instagram.com/thedoctorstv
         Name: Easton Simpson
         Subscribers: 72.8K subscribers (72800)
         Email listed: yes
         Type: unclear
         Uploads: monthly, last 7d ago, 2 in 90d (sampled 30)
         No travel/holiday wording - off niche
   [w1] (257/284) https://www.youtube.com/@LifehackMethod
         Uploads: dormant, last 1461d ago, 0 in 90d (sampled 30)
         No travel/holiday wording - off niche
         Uploads: monthly, last 30d ago, 2 in 90d (sampled 30)
         No travel/holiday wording - off niche
   [w2] (258/284) https://www.youtube.com/@HealthyGamerGG
   [w3] (259/284) https://www.youtube.com/@TheHouseofWellness
         Name: Lifehack Method
         Subscribers: 30.8K subscribers (30800)
         Email listed: yes
         Type: solo (United States)
         Instagram: https://www.instagram.com/lifehackmethod_/
         Name: HealthyGamerGG
         Subscribers: 3.5M subscribers (3500000)
         Email listed: no
         Type: solo (United States)
         Instagram: https://www.instagram.com/healthygamer_gg/
         Name: The House of Wellness
         Subscribers: 26.1K subscribers (26100)
         Email listed: yes
         Type: solo (Australia)
         Instagram: https://www.instagram.com/wellnessaustralia/
         Uploads: weekly, last 12d ago, 12 in 90d (sampled 30)
         No travel/holiday wording - off niche
   [w1] (260/284) https://www.youtube.com/@SpeeedCo
         Uploads: weekly, last 2d ago, 26 in 90d (sampled 30)
   [w2] (261/284) https://www.youtube.com/@CalvinEatsClean
         Uploads: weekly, last 1d ago, 26 in 90d (sampled 30)
         No travel/holiday wording - off niche
   [w3] (262/284) https://www.youtube.com/@nicolasberndt
         Name: Speeed
         Subscribers: 2.6M subscribers (2600000)
         Email listed: yes
         Type: unclear (United States)
         Instagram: https://www.instagram.com/speeed.co/
         Name: Calvin Landis
         Subscribers: 92.6K subscribers (92600)
         Email listed: yes
         Type: solo
         Instagram: https://www.instagram.com/calvinlandis_/
         Uploads: biweekly, last 5d ago, 8 in 90d (sampled 30)
         No travel/holiday wording - off niche
         Name: Nicolas Berndt
         Subscribers: 531K subscribers (531000)
         Email listed: yes
         Type: solo
         Instagram: https://instagram.com/mrngraine?igshid=OGQ5ZDc2ODk2ZA==
   [w1] (263/284) https://www.youtube.com/@Ryguyv2
         Uploads: biweekly, last 11d ago, 6 in 90d (sampled 28)
         No travel/holiday wording - off niche
   [w2] (264/284) https://www.youtube.com/@ryguyrocky
         Uploads: sporadic, last 5d ago, 1 in 90d (sampled 26)
         No travel/holiday wording - off niche
         Name: Ryguy v2
         Subscribers: 165K subscribers (165000)
         Email listed: yes
         Type: unclear (United States)
   [w3] (265/284) https://www.youtube.com/@Vortrox
         Name: Ryguyrocky
         Subscribers: 3.92M subscribers (3920000)
         Email listed: yes
         Type: unclear (United States)
         Uploads: biweekly, last 3d ago, 7 in 90d (sampled 30)
         No travel/holiday wording - off niche
   [w1] (266/284) https://www.youtube.com/@VulturesMCYT
         Name: Vortrox
         Subscribers: 1.44M subscribers (1440000)
         Email listed: yes
         Type: solo (United States)
         Uploads: biweekly, last 8d ago, 6 in 90d (sampled 30)
         No travel/holiday wording - off niche
   [w2] (267/284) https://www.youtube.com/@DrPlants
         Name: Vultures
         Subscribers: 53.1K subscribers (53100)
         Email listed: yes
         Type: unclear
         Uploads: biweekly, last 2d ago, 8 in 90d (sampled 30)
         No travel/holiday wording - off niche
   [w3] (268/284) https://www.youtube.com/@WelcominTV
         Name: Dr. Plants
         Subscribers: 5.89M subscribers (5890000)
         Email listed: yes
         Type: solo (United States)
         Instagram: https://www.instagram.com/drplants
         Uploads: monthly, last 0d ago, 4 in 90d (sampled 17)
         No travel/holiday wording - off niche
   [w1] (269/284) https://www.youtube.com/@lb_official.l
         Name: WelcominTV
         Subscribers: 1.08M subscribers (1080000)
         Email listed: yes
         Type: solo
         Uploads: inactive, last 122d ago, 0 in 90d (sampled 12)
         No travel/holiday wording - off niche
   [w2] (270/284) https://www.youtube.com/@FoZoOfficial
         Name: LB.
         Subscribers: 3.94K subscribers (3940)
         Email listed: no
         Type: solo
         Uploads: monthly, last 2d ago, 3 in 90d (sampled 30)
   [w3] (271/284) https://www.youtube.com/@kurtisconner
         Uploads: monthly, last 0d ago, 2 in 90d (sampled 2)
         Below range (3,940 < 20,000)
         Name: Fozo
         Subscribers: 1.4M subscribers (1400000)
         Email listed: yes
         Type: solo (United States)
   [w1] (272/284) https://www.youtube.com/@TedNivison
         Name: Kurtis Conner
         Subscribers: 5.69M subscribers (5690000)
         Email listed: yes
         Type: solo (Canada)
         Instagram: http://instagram.com/kurtisconner
         Uploads: biweekly, last 14d ago, 5 in 90d (sampled 30)
         No travel/holiday wording - off niche
   [w2] (273/284) https://www.youtube.com/@adelalala
         Name: Ted Nivison
         Subscribers: 2.4M subscribers (2400000)
         Email listed: yes
         Type: solo (United States)
         Instagram: https://www.instagram.com/TedNivison
         Uploads: monthly, last 21d ago, 3 in 90d (sampled 30)
         No travel/holiday wording - off niche
   [w3] (274/284) https://www.youtube.com/@GarrettWatts
         Uploads: sporadic, last 61d ago, 1 in 90d (sampled 30)
         No travel/holiday wording - off niche
         Name: adelala
         Subscribers: 1.25M subscribers (1250000)
         Email listed: yes
         Type: solo (United States)
         Instagram: http://instagram.com/adeladadoll
   [w1] (275/284) https://www.youtube.com/@cosmopolitan
         Name: Garrett Watts
         Subscribers: 3.21M subscribers (3210000)
         Email listed: yes
         Type: solo (United States)
         Instagram: http://instagram.com/garrett_watts
         Name: Cosmopolitan
         Subscribers: 2M subscribers (2000000)
         Email listed: yes
         Type: solo (United States)
         Instagram: https://www.instagram.com/cosmopolitan/
         Uploads: biweekly, last 4d ago, 6 in 90d (sampled 30)
         No travel/holiday wording - off niche
   [w2] (276/284) https://www.youtube.com/@BRIGHTSIDEOFFICIAL
         Uploads: sporadic, last 3d ago, 1 in 90d (sampled 30)
         No travel/holiday wording - off niche
   [w3] (277/284) https://www.youtube.com/@JoeySalads
         Uploads: weekly, last 3d ago, 27 in 90d (sampled 30)
         No travel/holiday wording - off niche
   [w1] (278/284) https://www.youtube.com/@MattTV7
         Name: BRIGHT SIDE
         Subscribers: 44.5M subscribers (44500000)
         Email listed: no
         Type: solo
         Instagram: https://www.instagram.com/brightside.official
         Name: Joey Salads
         Subscribers: 10.4M subscribers (10400000)
         Email listed: yes
         Type: unclear (United States)
         Name: MattTV
         Subscribers: 626K subscribers (626000)
         Email listed: no
         Type: solo (Canada)
         Instagram: https://www.instagram.com/matt.tvmedia/
         Uploads: weekly, last 0d ago, 30 in 90d (sampled 30)
   [w2] (279/284) https://www.youtube.com/@thevaluecatcher
         Uploads: monthly, last 5d ago, 4 in 90d (sampled 30)
   [w3] (280/284) https://www.youtube.com/@WhatWouldYouDo
         Uploads: weekly, last 7d ago, 30 in 90d (sampled 30)
         Name: Value Catcher
         Subscribers: 14.7K subscribers (14700)
         Email listed: no
         Type: solo (Israel)
         Instagram: https://www.instagram.com/thevaluecatcher/
   [w1] (281/284) https://www.youtube.com/@pescatariancashewnuts8761
         Name: What Would You Do?
         Subscribers: 6.24M subscribers (6240000)
         Email listed: no
         Type: solo (United States)
         Instagram: https://instagram.com/wwydabc/
         Name: Wolf's Call
         Subscribers: 8.91K subscribers (8910)
         Email listed: no
         Type: unclear
         Uploads: monthly, last 30d ago, 2 in 90d (sampled 30)
         Below range (14,700 < 20,000)
         Uploads: dormant, last 274d ago, 0 in 90d (sampled 30)
         No travel/holiday wording - off niche
   [w2] (282/284) https://www.youtube.com/@brada011
   [w3] (283/284) https://www.youtube.com/@TreeMan
         Uploads: dormant, last 3287d ago, 0 in 90d (sampled 3)
         Below range (8,910 < 20,000)
   [w1] (284/284) https://www.youtube.com/@Vsauce
         Name: brada011
         Subscribers: 759 subscribers (759)
         Email listed: no
         Type: unclear
         Name: TreeMan
         Subscribers: 3.17M subscribers (3170000)
         Email listed: yes
         Type: unclear (Hong Kong)
         Name: Vsauce
         Subscribers: 25.2M subscribers (25200000)
         Email listed: yes
         Type: solo
         Instagram: http://www.instagram.com/electricpants
         Uploads: dormant, last 3652d ago, 0 in 90d (sampled 1)
         Below range (759 < 20,000)
         Uploads: dormant, last 365d ago, 0 in 90d (sampled 30)
         No travel/holiday wording - off niche
         Uploads: dormant, last 365d ago, 0 in 90d (sampled 30)
         No travel/holiday wording - off niche

Done. Wrote 284 rows to results.csv
